Country Name,Country Code,Indicator Name,Indicator Code,Year,Access_to_Electricity_Pct
Aruba,ABW,Access to electricity (% of population),EG.ELC.ACCS.ZS,1990,100.0
Albania,ALB,Access to electricity (% of population),EG.ELC.ACCS.ZS,1990,100.0
Andorra,AND,Access to electricity (% of population),EG.ELC.ACCS.ZS,1990,100.0
United Arab Emirates,ARE,Access to electricity (% of population),EG.ELC.ACCS.ZS,1990,100.0
Argentina,ARG,Access to electricity (% of population),EG.ELC.ACCS.ZS,1990,92.15480042
Antigua and Barbuda,ATG,Access to electricity (% of population),EG.ELC.ACCS.ZS,1990,95.76304626
Australia,AUS,Access to electricity (% of population),EG.ELC.ACCS.ZS,1990,100.0
Austria,AUT,Access to electricity (% of population),EG.ELC.ACCS.ZS,1990,100.0
Belgium,BEL,Access to electricity (% of population),EG.ELC.ACCS.ZS,1990,100.0
Bulgaria,BGR,Access to electricity (% of population),EG.ELC.ACCS.ZS,1990,100.0
Bahrain,BHR,Access to electricity (% of population),EG.ELC.ACCS.ZS,1990,99.94139862
"Bahamas, The",BHS,Access to electricity (% of population),EG.ELC.ACCS.ZS,1990,100.0
Bosnia and Herzegovina,BIH,Access to electricity (% of population),EG.ELC.ACCS.ZS,1990,100.0
Belarus,BLR,Access to electricity (% of population),EG.ELC.ACCS.ZS,1990,100.0
Bermuda,BMU,Access to electricity (% of population),EG.ELC.ACCS.ZS,1990,100.0
Brazil,BRA,Access to electricity (% of population),EG.ELC.ACCS.ZS,1990,87.475116
Barbados,BRB,Access to electricity (% of population),EG.ELC.ACCS.ZS,1990,99.98425293
Brunei Darussalam,BRN,Access to electricity (% of population),EG.ELC.ACCS.ZS,1990,100.0
Canada,CAN,Access to electricity (% of population),EG.ELC.ACCS.ZS,1990,100.0
Central Europe and the Baltics,CEB,Access to electricity (% of population),EG.ELC.ACCS.ZS,1990,100.0
Switzerland,CHE,Access to electricity (% of population),EG.ELC.ACCS.ZS,1990,100.0
Channel Islands,CHI,Access to electricity (% of population),EG.ELC.ACCS.ZS,1990,100.0
Chile,CHL,Access to electricity (% of population),EG.ELC.ACCS.ZS,1990,92.257427
Colombia,COL,Access to electricity (% of population),EG.ELC.ACCS.ZS,1990,89.9
Curacao,CUW,Access to electricity (% of population),EG.ELC.ACCS.ZS,1990,100.0
Cayman Islands,CYM,Access to electricity (% of population),EG.ELC.ACCS.ZS,1990,99.84692383
Cyprus,CYP,Access to electricity (% of population),EG.ELC.ACCS.ZS,1990,100.0
Czechia,CZE,Access to electricity (% of population),EG.ELC.ACCS.ZS,1990,100.0
Germany,DEU,Access to electricity (% of population),EG.ELC.ACCS.ZS,1990,100.0
Denmark,DNK,Access to electricity (% of population),EG.ELC.ACCS.ZS,1990,100.0
Europe & Central Asia,ECS,Access to electricity (% of population),EG.ELC.ACCS.ZS,1990,100.0
Euro area,EMU,Access to electricity (% of population),EG.ELC.ACCS.ZS,1990,100.0
Spain,ESP,Access to electricity (% of population),EG.ELC.ACCS.ZS,1990,100.0
Estonia,EST,Access to electricity (% of population),EG.ELC.ACCS.ZS,1990,100.0
European Union,EUU,Access to electricity (% of population),EG.ELC.ACCS.ZS,1990,100.0
Finland,FIN,Access to electricity (% of population),EG.ELC.ACCS.ZS,1990,100.0
France,FRA,Access to electricity (% of population),EG.ELC.ACCS.ZS,1990,100.0
Faroe Islands,FRO,Access to electricity (% of population),EG.ELC.ACCS.ZS,1990,100.0
United Kingdom,GBR,Access to electricity (% of population),EG.ELC.ACCS.ZS,1990,100.0
Gibraltar,GIB,Access to electricity (% of population),EG.ELC.ACCS.ZS,1990,100.0
Greece,GRC,Access to electricity (% of population),EG.ELC.ACCS.ZS,1990,100.0
Greenland,GRL,Access to electricity (% of population),EG.ELC.ACCS.ZS,1990,100.0
Guam,GUM,Access to electricity (% of population),EG.ELC.ACCS.ZS,1990,99.84430695
High income,HIC,Access to electricity (% of population),EG.ELC.ACCS.ZS,1990,99.84104863
"Hong Kong SAR, China",HKG,Access to electricity (% of population),EG.ELC.ACCS.ZS,1990,100.0
Croatia,HRV,Access to electricity (% of population),EG.ELC.ACCS.ZS,1990,100.0
Hungary,HUN,Access to electricity (% of population),EG.ELC.ACCS.ZS,1990,100.0
Isle of Man,IMN,Access to electricity (% of population),EG.ELC.ACCS.ZS,1990,100.0
Ireland,IRL,Access to electricity (% of population),EG.ELC.ACCS.ZS,1990,100.0
Iceland,ISL,Access to electricity (% of population),EG.ELC.ACCS.ZS,1990,100.0
Israel,ISR,Access to electricity (% of population),EG.ELC.ACCS.ZS,1990,100.0
Italy,ITA,Access to electricity (% of population),EG.ELC.ACCS.ZS,1990,100.0
Jamaica,JAM,Access to electricity (% of population),EG.ELC.ACCS.ZS,1990,70.334586
Jordan,JOR,Access to electricity (% of population),EG.ELC.ACCS.ZS,1990,96.8
Japan,JPN,Access to electricity (% of population),EG.ELC.ACCS.ZS,1990,100.0
St. Kitts and Nevis,KNA,Access to electricity (% of population),EG.ELC.ACCS.ZS,1990,91.3068161
"Korea, Rep.",KOR,Access to electricity (% of population),EG.ELC.ACCS.ZS,1990,99.88284302
Kuwait,KWT,Access to electricity (% of population),EG.ELC.ACCS.ZS,1990,100.0
Liechtenstein,LIE,Access to electricity (% of population),EG.ELC.ACCS.ZS,1990,100.0
Lithuania,LTU,Access to electricity (% of population),EG.ELC.ACCS.ZS,1990,100.0
Luxembourg,LUX,Access to electricity (% of population),EG.ELC.ACCS.ZS,1990,100.0
Latvia,LVA,Access to electricity (% of population),EG.ELC.ACCS.ZS,1990,100.0
"Macao SAR, China",MAC,Access to electricity (% of population),EG.ELC.ACCS.ZS,1990,99.84928131
St. Martin (French part),MAF,Access to electricity (% of population),EG.ELC.ACCS.ZS,1990,100.0
Monaco,MCO,Access to electricity (% of population),EG.ELC.ACCS.ZS,1990,100.0
Moldova,MDA,Access to electricity (% of population),EG.ELC.ACCS.ZS,1990,100.0
North Macedonia,MKD,Access to electricity (% of population),EG.ELC.ACCS.ZS,1990,100.0
Malta,MLT,Access to electricity (% of population),EG.ELC.ACCS.ZS,1990,100.0
Montenegro,MNE,Access to electricity (% of population),EG.ELC.ACCS.ZS,1990,100.0
Northern Mariana Islands,MNP,Access to electricity (% of population),EG.ELC.ACCS.ZS,1990,99.85326385
Mauritius,MUS,Access to electricity (% of population),EG.ELC.ACCS.ZS,1990,99.04156494
North America,NAC,Access to electricity (% of population),EG.ELC.ACCS.ZS,1990,100.0
New Caledonia,NCL,Access to electricity (% of population),EG.ELC.ACCS.ZS,1990,99.84430695
Nigeria,NGA,Access to electricity (% of population),EG.ELC.ACCS.ZS,1990,27.3
Netherlands,NLD,Access to electricity (% of population),EG.ELC.ACCS.ZS,1990,100.0
Norway,NOR,Access to electricity (% of population),EG.ELC.ACCS.ZS,1990,100.0
Naoero,NRU,Access to electricity (% of population),EG.ELC.ACCS.ZS,1990,98.99908447
New Zealand,NZL,Access to electricity (% of population),EG.ELC.ACCS.ZS,1990,100.0
OECD members,OED,Access to electricity (% of population),EG.ELC.ACCS.ZS,1990,99.54780133
Oman,OMN,Access to electricity (% of population),EG.ELC.ACCS.ZS,1990,100.0
Panama,PAN,Access to electricity (% of population),EG.ELC.ACCS.ZS,1990,70.19
Palau,PLW,Access to electricity (% of population),EG.ELC.ACCS.ZS,1990,96.62535095
Poland,POL,Access to electricity (% of population),EG.ELC.ACCS.ZS,1990,100.0
Puerto Rico (US),PRI,Access to electricity (% of population),EG.ELC.ACCS.ZS,1990,99.98342896
Portugal,PRT,Access to electricity (% of population),EG.ELC.ACCS.ZS,1990,100.0
Post-demographic dividend,PST,Access to electricity (% of population),EG.ELC.ACCS.ZS,1990,99.99439659
French Polynesia,PYF,Access to electricity (% of population),EG.ELC.ACCS.ZS,1990,100.0
Qatar,QAT,Access to electricity (% of population),EG.ELC.ACCS.ZS,1990,100.0
Romania,ROU,Access to electricity (% of population),EG.ELC.ACCS.ZS,1990,100.0
Russian Federation,RUS,Access to electricity (% of population),EG.ELC.ACCS.ZS,1990,100.0
Saudi Arabia,SAU,Access to electricity (% of population),EG.ELC.ACCS.ZS,1990,100.0
Sudan,SDN,Access to electricity (% of population),EG.ELC.ACCS.ZS,1990,32.8
Singapore,SGP,Access to electricity (% of population),EG.ELC.ACCS.ZS,1990,100.0
San Marino,SMR,Access to electricity (% of population),EG.ELC.ACCS.ZS,1990,100.0
Serbia,SRB,Access to electricity (% of population),EG.ELC.ACCS.ZS,1990,100.0
Slovak Republic,SVK,Access to electricity (% of population),EG.ELC.ACCS.ZS,1990,100.0
Slovenia,SVN,Access to electricity (% of population),EG.ELC.ACCS.ZS,1990,100.0
Sweden,SWE,Access to electricity (% of population),EG.ELC.ACCS.ZS,1990,100.0
Sint Maarten (Dutch part),SXM,Access to electricity (% of population),EG.ELC.ACCS.ZS,1990,100.0
Turks and Caicos Islands,TCA,Access to electricity (% of population),EG.ELC.ACCS.ZS,1990,88.7
Europe & Central Asia (IDA & IBRD countries),TEC,Access to electricity (% of population),EG.ELC.ACCS.ZS,1990,100.0
Ukraine,UKR,Access to electricity (% of population),EG.ELC.ACCS.ZS,1990,100.0
United States,USA,Access to electricity (% of population),EG.ELC.ACCS.ZS,1990,100.0
British Virgin Islands,VGB,Access to electricity (% of population),EG.ELC.ACCS.ZS,1990,94.60655975
Virgin Islands (U.S.),VIR,Access to electricity (% of population),EG.ELC.ACCS.ZS,1990,100.0
Kosovo,XKX,Access to electricity (% of population),EG.ELC.ACCS.ZS,1990,100.0
Zambia,ZMB,Access to electricity (% of population),EG.ELC.ACCS.ZS,1990,13.9
Aruba,ABW,Access to electricity (% of population),EG.ELC.ACCS.ZS,1991,99.15365601
Albania,ALB,Access to electricity (% of population),EG.ELC.ACCS.ZS,1991,100.0
Andorra,AND,Access to electricity (% of population),EG.ELC.ACCS.ZS,1991,100.0
United Arab Emirates,ARE,Access to electricity (% of population),EG.ELC.ACCS.ZS,1991,100.0
Argentina,ARG,Access to electricity (% of population),EG.ELC.ACCS.ZS,1991,92.4921875
Antigua and Barbuda,ATG,Access to electricity (% of population),EG.ELC.ACCS.ZS,1991,95.94065094
Australia,AUS,Access to electricity (% of population),EG.ELC.ACCS.ZS,1991,100.0
Austria,AUT,Access to electricity (% of population),EG.ELC.ACCS.ZS,1991,100.0
Belgium,BEL,Access to electricity (% of population),EG.ELC.ACCS.ZS,1991,100.0
Bangladesh,BGD,Access to electricity (% of population),EG.ELC.ACCS.ZS,1991,14.29
Bulgaria,BGR,Access to electricity (% of population),EG.ELC.ACCS.ZS,1991,100.0
Bahrain,BHR,Access to electricity (% of population),EG.ELC.ACCS.ZS,1991,99.96739197
"Bahamas, The",BHS,Access to electricity (% of population),EG.ELC.ACCS.ZS,1991,100.0
Bosnia and Herzegovina,BIH,Access to electricity (% of population),EG.ELC.ACCS.ZS,1991,100.0
Belarus,BLR,Access to electricity (% of population),EG.ELC.ACCS.ZS,1991,100.0
Belize,BLZ,Access to electricity (% of population),EG.ELC.ACCS.ZS,1991,67.0
Bermuda,BMU,Access to electricity (% of population),EG.ELC.ACCS.ZS,1991,100.0
Brazil,BRA,Access to electricity (% of population),EG.ELC.ACCS.ZS,1991,90.60654449
Barbados,BRB,Access to electricity (% of population),EG.ELC.ACCS.ZS,1991,99.99343872
Brunei Darussalam,BRN,Access to electricity (% of population),EG.ELC.ACCS.ZS,1991,100.0
Botswana,BWA,Access to electricity (% of population),EG.ELC.ACCS.ZS,1991,10.1
Canada,CAN,Access to electricity (% of population),EG.ELC.ACCS.ZS,1991,100.0
Central Europe and the Baltics,CEB,Access to electricity (% of population),EG.ELC.ACCS.ZS,1991,100.0
Switzerland,CHE,Access to electricity (% of population),EG.ELC.ACCS.ZS,1991,100.0
Channel Islands,CHI,Access to electricity (% of population),EG.ELC.ACCS.ZS,1991,100.0
Chile,CHL,Access to electricity (% of population),EG.ELC.ACCS.ZS,1991,94.78162384
Cameroon,CMR,Access to electricity (% of population),EG.ELC.ACCS.ZS,1991,29.0
Colombia,COL,Access to electricity (% of population),EG.ELC.ACCS.ZS,1991,91.83665466
Curacao,CUW,Access to electricity (% of population),EG.ELC.ACCS.ZS,1991,100.0
Cayman Islands,CYM,Access to electricity (% of population),EG.ELC.ACCS.ZS,1991,99.8788147
Cyprus,CYP,Access to electricity (% of population),EG.ELC.ACCS.ZS,1991,100.0
Czechia,CZE,Access to electricity (% of population),EG.ELC.ACCS.ZS,1991,100.0
Germany,DEU,Access to electricity (% of population),EG.ELC.ACCS.ZS,1991,100.0
Denmark,DNK,Access to electricity (% of population),EG.ELC.ACCS.ZS,1991,100.0
Dominican Republic,DOM,Access to electricity (% of population),EG.ELC.ACCS.ZS,1991,78.2
Europe & Central Asia,ECS,Access to electricity (% of population),EG.ELC.ACCS.ZS,1991,100.0
Euro area,EMU,Access to electricity (% of population),EG.ELC.ACCS.ZS,1991,100.0
Spain,ESP,Access to electricity (% of population),EG.ELC.ACCS.ZS,1991,100.0
Estonia,EST,Access to electricity (% of population),EG.ELC.ACCS.ZS,1991,100.0
European Union,EUU,Access to electricity (% of population),EG.ELC.ACCS.ZS,1991,100.0
Finland,FIN,Access to electricity (% of population),EG.ELC.ACCS.ZS,1991,100.0
France,FRA,Access to electricity (% of population),EG.ELC.ACCS.ZS,1991,100.0
Faroe Islands,FRO,Access to electricity (% of population),EG.ELC.ACCS.ZS,1991,100.0
United Kingdom,GBR,Access to electricity (% of population),EG.ELC.ACCS.ZS,1991,100.0
Gibraltar,GIB,Access to electricity (% of population),EG.ELC.ACCS.ZS,1991,100.0
Greece,GRC,Access to electricity (% of population),EG.ELC.ACCS.ZS,1991,100.0
Greenland,GRL,Access to electricity (% of population),EG.ELC.ACCS.ZS,1991,100.0
Guam,GUM,Access to electricity (% of population),EG.ELC.ACCS.ZS,1991,99.87581635
High income,HIC,Access to electricity (% of population),EG.ELC.ACCS.ZS,1991,99.87713769
"Hong Kong SAR, China",HKG,Access to electricity (% of population),EG.ELC.ACCS.ZS,1991,100.0
Honduras,HND,Access to electricity (% of population),EG.ELC.ACCS.ZS,1991,54.781937
Croatia,HRV,Access to electricity (% of population),EG.ELC.ACCS.ZS,1991,100.0
Hungary,HUN,Access to electricity (% of population),EG.ELC.ACCS.ZS,1991,100.0
Indonesia,IDN,Access to electricity (% of population),EG.ELC.ACCS.ZS,1991,48.9
Isle of Man,IMN,Access to electricity (% of population),EG.ELC.ACCS.ZS,1991,100.0
Ireland,IRL,Access to electricity (% of population),EG.ELC.ACCS.ZS,1991,100.0
Iceland,ISL,Access to electricity (% of population),EG.ELC.ACCS.ZS,1991,100.0
Israel,ISR,Access to electricity (% of population),EG.ELC.ACCS.ZS,1991,100.0
Italy,ITA,Access to electricity (% of population),EG.ELC.ACCS.ZS,1991,100.0
Jamaica,JAM,Access to electricity (% of population),EG.ELC.ACCS.ZS,1991,77.22886658
Jordan,JOR,Access to electricity (% of population),EG.ELC.ACCS.ZS,1991,97.85468292
Japan,JPN,Access to electricity (% of population),EG.ELC.ACCS.ZS,1991,100.0
St. Kitts and Nevis,KNA,Access to electricity (% of population),EG.ELC.ACCS.ZS,1991,91.6711731
"Korea, Rep.",KOR,Access to electricity (% of population),EG.ELC.ACCS.ZS,1991,99.91267395
Kuwait,KWT,Access to electricity (% of population),EG.ELC.ACCS.ZS,1991,100.0
Liechtenstein,LIE,Access to electricity (% of population),EG.ELC.ACCS.ZS,1991,100.0
Lithuania,LTU,Access to electricity (% of population),EG.ELC.ACCS.ZS,1991,100.0
Luxembourg,LUX,Access to electricity (% of population),EG.ELC.ACCS.ZS,1991,100.0
Latvia,LVA,Access to electricity (% of population),EG.ELC.ACCS.ZS,1991,100.0
"Macao SAR, China",MAC,Access to electricity (% of population),EG.ELC.ACCS.ZS,1991,99.88058472
St. Martin (French part),MAF,Access to electricity (% of population),EG.ELC.ACCS.ZS,1991,100.0
Monaco,MCO,Access to electricity (% of population),EG.ELC.ACCS.ZS,1991,100.0
Moldova,MDA,Access to electricity (% of population),EG.ELC.ACCS.ZS,1991,100.0
North Macedonia,MKD,Access to electricity (% of population),EG.ELC.ACCS.ZS,1991,100.0
Malta,MLT,Access to electricity (% of population),EG.ELC.ACCS.ZS,1991,100.0
Montenegro,MNE,Access to electricity (% of population),EG.ELC.ACCS.ZS,1991,100.0
Northern Mariana Islands,MNP,Access to electricity (% of population),EG.ELC.ACCS.ZS,1991,99.88437653
Mauritius,MUS,Access to electricity (% of population),EG.ELC.ACCS.ZS,1991,99.07067871
North America,NAC,Access to electricity (% of population),EG.ELC.ACCS.ZS,1991,100.0
New Caledonia,NCL,Access to electricity (% of population),EG.ELC.ACCS.ZS,1991,99.87581635
Nigeria,NGA,Access to electricity (% of population),EG.ELC.ACCS.ZS,1991,35.23460007
Netherlands,NLD,Access to electricity (% of population),EG.ELC.ACCS.ZS,1991,100.0
Norway,NOR,Access to electricity (% of population),EG.ELC.ACCS.ZS,1991,100.0
Naoero,NRU,Access to electricity (% of population),EG.ELC.ACCS.ZS,1991,99.04130554
New Zealand,NZL,Access to electricity (% of population),EG.ELC.ACCS.ZS,1991,100.0
OECD members,OED,Access to electricity (% of population),EG.ELC.ACCS.ZS,1991,99.64542839
Oman,OMN,Access to electricity (% of population),EG.ELC.ACCS.ZS,1991,100.0
Panama,PAN,Access to electricity (% of population),EG.ELC.ACCS.ZS,1991,73.44313049
Palau,PLW,Access to electricity (% of population),EG.ELC.ACCS.ZS,1991,96.76270294
Poland,POL,Access to electricity (% of population),EG.ELC.ACCS.ZS,1991,100.0
Puerto Rico (US),PRI,Access to electricity (% of population),EG.ELC.ACCS.ZS,1991,99.9930954
Portugal,PRT,Access to electricity (% of population),EG.ELC.ACCS.ZS,1991,100.0
Post-demographic dividend,PST,Access to electricity (% of population),EG.ELC.ACCS.ZS,1991,99.99575062
French Polynesia,PYF,Access to electricity (% of population),EG.ELC.ACCS.ZS,1991,100.0
Qatar,QAT,Access to electricity (% of population),EG.ELC.ACCS.ZS,1991,100.0
Romania,ROU,Access to electricity (% of population),EG.ELC.ACCS.ZS,1991,100.0
Russian Federation,RUS,Access to electricity (% of population),EG.ELC.ACCS.ZS,1991,100.0
Saudi Arabia,SAU,Access to electricity (% of population),EG.ELC.ACCS.ZS,1991,100.0
Sudan,SDN,Access to electricity (% of population),EG.ELC.ACCS.ZS,1991,26.91929436
Singapore,SGP,Access to electricity (% of population),EG.ELC.ACCS.ZS,1991,100.0
El Salvador,SLV,Access to electricity (% of population),EG.ELC.ACCS.ZS,1991,69.60788
San Marino,SMR,Access to electricity (% of population),EG.ELC.ACCS.ZS,1991,100.0
Serbia,SRB,Access to electricity (% of population),EG.ELC.ACCS.ZS,1991,100.0
Slovak Republic,SVK,Access to electricity (% of population),EG.ELC.ACCS.ZS,1991,100.0
Slovenia,SVN,Access to electricity (% of population),EG.ELC.ACCS.ZS,1991,100.0
Sweden,SWE,Access to electricity (% of population),EG.ELC.ACCS.ZS,1991,100.0
Sint Maarten (Dutch part),SXM,Access to electricity (% of population),EG.ELC.ACCS.ZS,1991,100.0
Turks and Caicos Islands,TCA,Access to electricity (% of population),EG.ELC.ACCS.ZS,1991,91.0539093
Europe & Central Asia (IDA & IBRD countries),TEC,Access to electricity (% of population),EG.ELC.ACCS.ZS,1991,100.0
Uganda,UGA,Access to electricity (% of population),EG.ELC.ACCS.ZS,1991,5.6
Ukraine,UKR,Access to electricity (% of population),EG.ELC.ACCS.ZS,1991,100.0
United States,USA,Access to electricity (% of population),EG.ELC.ACCS.ZS,1991,100.0
St. Vincent and the Grenadines,VCT,Access to electricity (% of population),EG.ELC.ACCS.ZS,1991,66.8
British Virgin Islands,VGB,Access to electricity (% of population),EG.ELC.ACCS.ZS,1991,94.82473755
Virgin Islands (U.S.),VIR,Access to electricity (% of population),EG.ELC.ACCS.ZS,1991,100.0
Samoa,WSM,Access to electricity (% of population),EG.ELC.ACCS.ZS,1991,78.8
Kosovo,XKX,Access to electricity (% of population),EG.ELC.ACCS.ZS,1991,100.0
Zambia,ZMB,Access to electricity (% of population),EG.ELC.ACCS.ZS,1991,12.75270271
Aruba,ABW,Access to electricity (% of population),EG.ELC.ACCS.ZS,1992,99.1971283
Albania,ALB,Access to electricity (% of population),EG.ELC.ACCS.ZS,1992,100.0
Andorra,AND,Access to electricity (% of population),EG.ELC.ACCS.ZS,1992,100.0
United Arab Emirates,ARE,Access to electricity (% of population),EG.ELC.ACCS.ZS,1992,100.0
Argentina,ARG,Access to electricity (% of population),EG.ELC.ACCS.ZS,1992,92.82945251
Antigua and Barbuda,ATG,Access to electricity (% of population),EG.ELC.ACCS.ZS,1992,96.11813354
Australia,AUS,Access to electricity (% of population),EG.ELC.ACCS.ZS,1992,100.0
Austria,AUT,Access to electricity (% of population),EG.ELC.ACCS.ZS,1992,100.0
Belgium,BEL,Access to electricity (% of population),EG.ELC.ACCS.ZS,1992,100.0
Bangladesh,BGD,Access to electricity (% of population),EG.ELC.ACCS.ZS,1992,9.90541935
Bulgaria,BGR,Access to electricity (% of population),EG.ELC.ACCS.ZS,1992,100.0
Bahrain,BHR,Access to electricity (% of population),EG.ELC.ACCS.ZS,1992,99.98718262
"Bahamas, The",BHS,Access to electricity (% of population),EG.ELC.ACCS.ZS,1992,100.0
Bosnia and Herzegovina,BIH,Access to electricity (% of population),EG.ELC.ACCS.ZS,1992,100.0
Belarus,BLR,Access to electricity (% of population),EG.ELC.ACCS.ZS,1992,100.0
Belize,BLZ,Access to electricity (% of population),EG.ELC.ACCS.ZS,1992,72.22491455
Bermuda,BMU,Access to electricity (% of population),EG.ELC.ACCS.ZS,1992,100.0
Bolivia,BOL,Access to electricity (% of population),EG.ELC.ACCS.ZS,1992,60.0279007
Brazil,BRA,Access to electricity (% of population),EG.ELC.ACCS.ZS,1992,88.803833
Barbados,BRB,Access to electricity (% of population),EG.ELC.ACCS.ZS,1992,99.99868774
Brunei Darussalam,BRN,Access to electricity (% of population),EG.ELC.ACCS.ZS,1992,100.0
Botswana,BWA,Access to electricity (% of population),EG.ELC.ACCS.ZS,1992,9.398226738
Canada,CAN,Access to electricity (% of population),EG.ELC.ACCS.ZS,1992,100.0
Central Europe and the Baltics,CEB,Access to electricity (% of population),EG.ELC.ACCS.ZS,1992,100.0
Switzerland,CHE,Access to electricity (% of population),EG.ELC.ACCS.ZS,1992,100.0
Channel Islands,CHI,Access to electricity (% of population),EG.ELC.ACCS.ZS,1992,100.0
Chile,CHL,Access to electricity (% of population),EG.ELC.ACCS.ZS,1992,94.560057
Cameroon,CMR,Access to electricity (% of population),EG.ELC.ACCS.ZS,1992,32.69752502
Colombia,COL,Access to electricity (% of population),EG.ELC.ACCS.ZS,1992,92.13265991
Curacao,CUW,Access to electricity (% of population),EG.ELC.ACCS.ZS,1992,100.0
Cayman Islands,CYM,Access to electricity (% of population),EG.ELC.ACCS.ZS,1992,99.91024017
Cyprus,CYP,Access to electricity (% of population),EG.ELC.ACCS.ZS,1992,100.0
Czechia,CZE,Access to electricity (% of population),EG.ELC.ACCS.ZS,1992,100.0
Germany,DEU,Access to electricity (% of population),EG.ELC.ACCS.ZS,1992,100.0
Denmark,DNK,Access to electricity (% of population),EG.ELC.ACCS.ZS,1992,100.0
Dominican Republic,DOM,Access to electricity (% of population),EG.ELC.ACCS.ZS,1992,82.48540497
Europe & Central Asia,ECS,Access to electricity (% of population),EG.ELC.ACCS.ZS,1992,100.0
"Egypt, Arab Rep.",EGY,Access to electricity (% of population),EG.ELC.ACCS.ZS,1992,93.4
Euro area,EMU,Access to electricity (% of population),EG.ELC.ACCS.ZS,1992,100.0
Spain,ESP,Access to electricity (% of population),EG.ELC.ACCS.ZS,1992,100.0
Estonia,EST,Access to electricity (% of population),EG.ELC.ACCS.ZS,1992,100.0
European Union,EUU,Access to electricity (% of population),EG.ELC.ACCS.ZS,1992,100.0
Finland,FIN,Access to electricity (% of population),EG.ELC.ACCS.ZS,1992,100.0
France,FRA,Access to electricity (% of population),EG.ELC.ACCS.ZS,1992,100.0
Faroe Islands,FRO,Access to electricity (% of population),EG.ELC.ACCS.ZS,1992,100.0
United Kingdom,GBR,Access to electricity (% of population),EG.ELC.ACCS.ZS,1992,100.0
Gibraltar,GIB,Access to electricity (% of population),EG.ELC.ACCS.ZS,1992,100.0
Greece,GRC,Access to electricity (% of population),EG.ELC.ACCS.ZS,1992,100.0
Greenland,GRL,Access to electricity (% of population),EG.ELC.ACCS.ZS,1992,100.0
Guam,GUM,Access to electricity (% of population),EG.ELC.ACCS.ZS,1992,99.90686798
High income,HIC,Access to electricity (% of population),EG.ELC.ACCS.ZS,1992,99.86621603
"Hong Kong SAR, China",HKG,Access to electricity (% of population),EG.ELC.ACCS.ZS,1992,100.0
Honduras,HND,Access to electricity (% of population),EG.ELC.ACCS.ZS,1992,58.913112
Croatia,HRV,Access to electricity (% of population),EG.ELC.ACCS.ZS,1992,100.0
Hungary,HUN,Access to electricity (% of population),EG.ELC.ACCS.ZS,1992,100.0
Indonesia,IDN,Access to electricity (% of population),EG.ELC.ACCS.ZS,1992,66.69656372
Isle of Man,IMN,Access to electricity (% of population),EG.ELC.ACCS.ZS,1992,100.0
Ireland,IRL,Access to electricity (% of population),EG.ELC.ACCS.ZS,1992,100.0
Iceland,ISL,Access to electricity (% of population),EG.ELC.ACCS.ZS,1992,100.0
Israel,ISR,Access to electricity (% of population),EG.ELC.ACCS.ZS,1992,100.0
Italy,ITA,Access to electricity (% of population),EG.ELC.ACCS.ZS,1992,100.0
Jamaica,JAM,Access to electricity (% of population),EG.ELC.ACCS.ZS,1992,78.03292084
Jordan,JOR,Access to electricity (% of population),EG.ELC.ACCS.ZS,1992,97.97486115
Japan,JPN,Access to electricity (% of population),EG.ELC.ACCS.ZS,1992,100.0
St. Kitts and Nevis,KNA,Access to electricity (% of population),EG.ELC.ACCS.ZS,1992,92.03543091
"Korea, Rep.",KOR,Access to electricity (% of population),EG.ELC.ACCS.ZS,1992,99.94221497
Kuwait,KWT,Access to electricity (% of population),EG.ELC.ACCS.ZS,1992,100.0
Latin America & Caribbean (excluding high income),LAC,Access to electricity (% of population),EG.ELC.ACCS.ZS,1992,88.42127281
Latin America & Caribbean,LCN,Access to electricity (% of population),EG.ELC.ACCS.ZS,1992,88.73448136
Liechtenstein,LIE,Access to electricity (% of population),EG.ELC.ACCS.ZS,1992,100.0
Lithuania,LTU,Access to electricity (% of population),EG.ELC.ACCS.ZS,1992,100.0
Luxembourg,LUX,Access to electricity (% of population),EG.ELC.ACCS.ZS,1992,100.0
Latvia,LVA,Access to electricity (% of population),EG.ELC.ACCS.ZS,1992,100.0
"Macao SAR, China",MAC,Access to electricity (% of population),EG.ELC.ACCS.ZS,1992,99.91143036
St. Martin (French part),MAF,Access to electricity (% of population),EG.ELC.ACCS.ZS,1992,100.0
Morocco,MAR,Access to electricity (% of population),EG.ELC.ACCS.ZS,1992,49.2
Monaco,MCO,Access to electricity (% of population),EG.ELC.ACCS.ZS,1992,100.0
Moldova,MDA,Access to electricity (% of population),EG.ELC.ACCS.ZS,1992,100.0
Madagascar,MDG,Access to electricity (% of population),EG.ELC.ACCS.ZS,1992,9.2
Mexico,MEX,Access to electricity (% of population),EG.ELC.ACCS.ZS,1992,93.145981
North Macedonia,MKD,Access to electricity (% of population),EG.ELC.ACCS.ZS,1992,100.0
Malta,MLT,Access to electricity (% of population),EG.ELC.ACCS.ZS,1992,100.0
Montenegro,MNE,Access to electricity (% of population),EG.ELC.ACCS.ZS,1992,100.0
Northern Mariana Islands,MNP,Access to electricity (% of population),EG.ELC.ACCS.ZS,1992,99.91503143
Mauritius,MUS,Access to electricity (% of population),EG.ELC.ACCS.ZS,1992,99.09967804
Malawi,MWI,Access to electricity (% of population),EG.ELC.ACCS.ZS,1992,3.2
North America,NAC,Access to electricity (% of population),EG.ELC.ACCS.ZS,1992,100.0
Namibia,NAM,Access to electricity (% of population),EG.ELC.ACCS.ZS,1992,26.4
New Caledonia,NCL,Access to electricity (% of population),EG.ELC.ACCS.ZS,1992,99.90686798
Niger,NER,Access to electricity (% of population),EG.ELC.ACCS.ZS,1992,4.4
Nigeria,NGA,Access to electricity (% of population),EG.ELC.ACCS.ZS,1992,36.0994606
Netherlands,NLD,Access to electricity (% of population),EG.ELC.ACCS.ZS,1992,100.0
Norway,NOR,Access to electricity (% of population),EG.ELC.ACCS.ZS,1992,100.0
Naoero,NRU,Access to electricity (% of population),EG.ELC.ACCS.ZS,1992,99.0834198
New Zealand,NZL,Access to electricity (% of population),EG.ELC.ACCS.ZS,1992,100.0
OECD members,OED,Access to electricity (% of population),EG.ELC.ACCS.ZS,1992,99.12582123
Oman,OMN,Access to electricity (% of population),EG.ELC.ACCS.ZS,1992,100.0
Panama,PAN,Access to electricity (% of population),EG.ELC.ACCS.ZS,1992,74.25563812
Peru,PER,Access to electricity (% of population),EG.ELC.ACCS.ZS,1992,70.1
Palau,PLW,Access to electricity (% of population),EG.ELC.ACCS.ZS,1992,96.89993286
Poland,POL,Access to electricity (% of population),EG.ELC.ACCS.ZS,1992,100.0
Puerto Rico (US),PRI,Access to electricity (% of population),EG.ELC.ACCS.ZS,1992,99.99861908
Portugal,PRT,Access to electricity (% of population),EG.ELC.ACCS.ZS,1992,100.0
Post-demographic dividend,PST,Access to electricity (% of population),EG.ELC.ACCS.ZS,1992,99.9970938
French Polynesia,PYF,Access to electricity (% of population),EG.ELC.ACCS.ZS,1992,100.0
Qatar,QAT,Access to electricity (% of population),EG.ELC.ACCS.ZS,1992,100.0
Romania,ROU,Access to electricity (% of population),EG.ELC.ACCS.ZS,1992,100.0
Russian Federation,RUS,Access to electricity (% of population),EG.ELC.ACCS.ZS,1992,100.0
Rwanda,RWA,Access to electricity (% of population),EG.ELC.ACCS.ZS,1992,2.3
Saudi Arabia,SAU,Access to electricity (% of population),EG.ELC.ACCS.ZS,1992,100.0
Sudan,SDN,Access to electricity (% of population),EG.ELC.ACCS.ZS,1992,27.4086132
Singapore,SGP,Access to electricity (% of population),EG.ELC.ACCS.ZS,1992,100.0
El Salvador,SLV,Access to electricity (% of population),EG.ELC.ACCS.ZS,1992,75.33219147
San Marino,SMR,Access to electricity (% of population),EG.ELC.ACCS.ZS,1992,100.0
Serbia,SRB,Access to electricity (% of population),EG.ELC.ACCS.ZS,1992,100.0
Slovak Republic,SVK,Access to electricity (% of population),EG.ELC.ACCS.ZS,1992,100.0
Slovenia,SVN,Access to electricity (% of population),EG.ELC.ACCS.ZS,1992,100.0
Sweden,SWE,Access to electricity (% of population),EG.ELC.ACCS.ZS,1992,100.0
Sint Maarten (Dutch part),SXM,Access to electricity (% of population),EG.ELC.ACCS.ZS,1992,100.0
Turks and Caicos Islands,TCA,Access to electricity (% of population),EG.ELC.ACCS.ZS,1992,91.43911743
Europe & Central Asia (IDA & IBRD countries),TEC,Access to electricity (% of population),EG.ELC.ACCS.ZS,1992,100.0
Latin America & the Caribbean (IDA & IBRD countries),TLA,Access to electricity (% of population),EG.ELC.ACCS.ZS,1992,88.61375081
Tanzania,TZA,Access to electricity (% of population),EG.ELC.ACCS.ZS,1992,6.8
Ukraine,UKR,Access to electricity (% of population),EG.ELC.ACCS.ZS,1992,100.0
Uruguay,URY,Access to electricity (% of population),EG.ELC.ACCS.ZS,1992,96.18231201
United States,USA,Access to electricity (% of population),EG.ELC.ACCS.ZS,1992,100.0
St. Vincent and the Grenadines,VCT,Access to electricity (% of population),EG.ELC.ACCS.ZS,1992,69.11443329
"Venezuela, RB",VEN,Access to electricity (% of population),EG.ELC.ACCS.ZS,1992,97.820203
British Virgin Islands,VGB,Access to electricity (% of population),EG.ELC.ACCS.ZS,1992,95.0428009
Virgin Islands (U.S.),VIR,Access to electricity (% of population),EG.ELC.ACCS.ZS,1992,100.0
Samoa,WSM,Access to electricity (% of population),EG.ELC.ACCS.ZS,1992,81.64016724
Kosovo,XKX,Access to electricity (% of population),EG.ELC.ACCS.ZS,1992,100.0
"Yemen, Rep.",YEM,Access to electricity (% of population),EG.ELC.ACCS.ZS,1992,44.1
Zambia,ZMB,Access to electricity (% of population),EG.ELC.ACCS.ZS,1992,19.2
Zimbabwe,ZWE,Access to electricity (% of population),EG.ELC.ACCS.ZS,1992,28.2
Aruba,ABW,Access to electricity (% of population),EG.ELC.ACCS.ZS,1993,99.23991394
Africa Western and Central,AFW,Access to electricity (% of population),EG.ELC.ACCS.ZS,1993,31.65346857
Albania,ALB,Access to electricity (% of population),EG.ELC.ACCS.ZS,1993,100.0
Andorra,AND,Access to electricity (% of population),EG.ELC.ACCS.ZS,1993,100.0
United Arab Emirates,ARE,Access to electricity (% of population),EG.ELC.ACCS.ZS,1993,100.0
Argentina,ARG,Access to electricity (% of population),EG.ELC.ACCS.ZS,1993,93.16604614
Antigua and Barbuda,ATG,Access to electricity (% of population),EG.ELC.ACCS.ZS,1993,96.29494476
Australia,AUS,Access to electricity (% of population),EG.ELC.ACCS.ZS,1993,100.0
Austria,AUT,Access to electricity (% of population),EG.ELC.ACCS.ZS,1993,100.0
Belgium,BEL,Access to electricity (% of population),EG.ELC.ACCS.ZS,1993,100.0
Burkina Faso,BFA,Access to electricity (% of population),EG.ELC.ACCS.ZS,1993,6.1
Bangladesh,BGD,Access to electricity (% of population),EG.ELC.ACCS.ZS,1993,12.71788025
Bulgaria,BGR,Access to electricity (% of population),EG.ELC.ACCS.ZS,1993,100.0
Bahrain,BHR,Access to electricity (% of population),EG.ELC.ACCS.ZS,1993,99.99713898
"Bahamas, The",BHS,Access to electricity (% of population),EG.ELC.ACCS.ZS,1993,100.0
Bosnia and Herzegovina,BIH,Access to electricity (% of population),EG.ELC.ACCS.ZS,1993,100.0
Belarus,BLR,Access to electricity (% of population),EG.ELC.ACCS.ZS,1993,100.0
Belize,BLZ,Access to electricity (% of population),EG.ELC.ACCS.ZS,1993,73.12332916
Bermuda,BMU,Access to electricity (% of population),EG.ELC.ACCS.ZS,1993,100.0
Bolivia,BOL,Access to electricity (% of population),EG.ELC.ACCS.ZS,1993,61.38402939
Brazil,BRA,Access to electricity (% of population),EG.ELC.ACCS.ZS,1993,89.999927
Barbados,BRB,Access to electricity (% of population),EG.ELC.ACCS.ZS,1993,100.0
Brunei Darussalam,BRN,Access to electricity (% of population),EG.ELC.ACCS.ZS,1993,100.0
Botswana,BWA,Access to electricity (% of population),EG.ELC.ACCS.ZS,1993,11.64207649
Canada,CAN,Access to electricity (% of population),EG.ELC.ACCS.ZS,1993,100.0
Central Europe and the Baltics,CEB,Access to electricity (% of population),EG.ELC.ACCS.ZS,1993,100.0
Switzerland,CHE,Access to electricity (% of population),EG.ELC.ACCS.ZS,1993,100.0
Channel Islands,CHI,Access to electricity (% of population),EG.ELC.ACCS.ZS,1993,100.0
Chile,CHL,Access to electricity (% of population),EG.ELC.ACCS.ZS,1993,95.27372742
Cameroon,CMR,Access to electricity (% of population),EG.ELC.ACCS.ZS,1993,33.84919357
Colombia,COL,Access to electricity (% of population),EG.ELC.ACCS.ZS,1993,92.42799377
Curacao,CUW,Access to electricity (% of population),EG.ELC.ACCS.ZS,1993,100.0
Cayman Islands,CYM,Access to electricity (% of population),EG.ELC.ACCS.ZS,1993,100.0
Cyprus,CYP,Access to electricity (% of population),EG.ELC.ACCS.ZS,1993,100.0
Czechia,CZE,Access to electricity (% of population),EG.ELC.ACCS.ZS,1993,100.0
Germany,DEU,Access to electricity (% of population),EG.ELC.ACCS.ZS,1993,100.0
Denmark,DNK,Access to electricity (% of population),EG.ELC.ACCS.ZS,1993,100.0
Dominican Republic,DOM,Access to electricity (% of population),EG.ELC.ACCS.ZS,1993,83.25549316
Early-demographic dividend,EAR,Access to electricity (% of population),EG.ELC.ACCS.ZS,1993,55.6089749
Europe & Central Asia,ECS,Access to electricity (% of population),EG.ELC.ACCS.ZS,1993,100.0
"Egypt, Arab Rep.",EGY,Access to electricity (% of population),EG.ELC.ACCS.ZS,1993,95.39224243
Euro area,EMU,Access to electricity (% of population),EG.ELC.ACCS.ZS,1993,100.0
Spain,ESP,Access to electricity (% of population),EG.ELC.ACCS.ZS,1993,100.0
Estonia,EST,Access to electricity (% of population),EG.ELC.ACCS.ZS,1993,100.0
European Union,EUU,Access to electricity (% of population),EG.ELC.ACCS.ZS,1993,100.0
Finland,FIN,Access to electricity (% of population),EG.ELC.ACCS.ZS,1993,100.0
France,FRA,Access to electricity (% of population),EG.ELC.ACCS.ZS,1993,100.0
Faroe Islands,FRO,Access to electricity (% of population),EG.ELC.ACCS.ZS,1993,100.0
United Kingdom,GBR,Access to electricity (% of population),EG.ELC.ACCS.ZS,1993,100.0
Ghana,GHA,Access to electricity (% of population),EG.ELC.ACCS.ZS,1993,30.6
Gibraltar,GIB,Access to electricity (% of population),EG.ELC.ACCS.ZS,1993,100.0
"Gambia, The",GMB,Access to electricity (% of population),EG.ELC.ACCS.ZS,1993,17.7
Greece,GRC,Access to electricity (% of population),EG.ELC.ACCS.ZS,1993,100.0
Greenland,GRL,Access to electricity (% of population),EG.ELC.ACCS.ZS,1993,100.0
Guam,GUM,Access to electricity (% of population),EG.ELC.ACCS.ZS,1993,99.93725586
Guyana,GUY,Access to electricity (% of population),EG.ELC.ACCS.ZS,1993,72.376631
High income,HIC,Access to electricity (% of population),EG.ELC.ACCS.ZS,1993,99.85919054
"Hong Kong SAR, China",HKG,Access to electricity (% of population),EG.ELC.ACCS.ZS,1993,100.0
Honduras,HND,Access to electricity (% of population),EG.ELC.ACCS.ZS,1993,61.100156
Croatia,HRV,Access to electricity (% of population),EG.ELC.ACCS.ZS,1993,100.0
Hungary,HUN,Access to electricity (% of population),EG.ELC.ACCS.ZS,1993,100.0
Indonesia,IDN,Access to electricity (% of population),EG.ELC.ACCS.ZS,1993,55.43
Isle of Man,IMN,Access to electricity (% of population),EG.ELC.ACCS.ZS,1993,100.0
India,IND,Access to electricity (% of population),EG.ELC.ACCS.ZS,1993,50.9
Ireland,IRL,Access to electricity (% of population),EG.ELC.ACCS.ZS,1993,100.0
Iceland,ISL,Access to electricity (% of population),EG.ELC.ACCS.ZS,1993,100.0
Israel,ISR,Access to electricity (% of population),EG.ELC.ACCS.ZS,1993,100.0
Italy,ITA,Access to electricity (% of population),EG.ELC.ACCS.ZS,1993,100.0
Jamaica,JAM,Access to electricity (% of population),EG.ELC.ACCS.ZS,1993,78.83629608
Jordan,JOR,Access to electricity (% of population),EG.ELC.ACCS.ZS,1993,98.09436035
Japan,JPN,Access to electricity (% of population),EG.ELC.ACCS.ZS,1993,100.0
Kenya,KEN,Access to electricity (% of population),EG.ELC.ACCS.ZS,1993,10.9
St. Kitts and Nevis,KNA,Access to electricity (% of population),EG.ELC.ACCS.ZS,1993,92.39900208
"Korea, Rep.",KOR,Access to electricity (% of population),EG.ELC.ACCS.ZS,1993,99.96943665
Kuwait,KWT,Access to electricity (% of population),EG.ELC.ACCS.ZS,1993,100.0
Latin America & Caribbean (excluding high income),LAC,Access to electricity (% of population),EG.ELC.ACCS.ZS,1993,89.07456033
Lao PDR,LAO,Access to electricity (% of population),EG.ELC.ACCS.ZS,1993,31.0
Latin America & Caribbean,LCN,Access to electricity (% of population),EG.ELC.ACCS.ZS,1993,89.34345234
Liechtenstein,LIE,Access to electricity (% of population),EG.ELC.ACCS.ZS,1993,100.0
Lower middle income,LMC,Access to electricity (% of population),EG.ELC.ACCS.ZS,1993,46.88311566
Lithuania,LTU,Access to electricity (% of population),EG.ELC.ACCS.ZS,1993,100.0
Luxembourg,LUX,Access to electricity (% of population),EG.ELC.ACCS.ZS,1993,100.0
Latvia,LVA,Access to electricity (% of population),EG.ELC.ACCS.ZS,1993,100.0
"Macao SAR, China",MAC,Access to electricity (% of population),EG.ELC.ACCS.ZS,1993,99.94161987
St. Martin (French part),MAF,Access to electricity (% of population),EG.ELC.ACCS.ZS,1993,100.0
Morocco,MAR,Access to electricity (% of population),EG.ELC.ACCS.ZS,1993,56.77265167
Monaco,MCO,Access to electricity (% of population),EG.ELC.ACCS.ZS,1993,100.0
Moldova,MDA,Access to electricity (% of population),EG.ELC.ACCS.ZS,1993,100.0
Madagascar,MDG,Access to electricity (% of population),EG.ELC.ACCS.ZS,1993,10.10562325
Mexico,MEX,Access to electricity (% of population),EG.ELC.ACCS.ZS,1993,95.44846344
North Macedonia,MKD,Access to electricity (% of population),EG.ELC.ACCS.ZS,1993,100.0
Malta,MLT,Access to electricity (% of population),EG.ELC.ACCS.ZS,1993,100.0
Montenegro,MNE,Access to electricity (% of population),EG.ELC.ACCS.ZS,1993,100.0
Northern Mariana Islands,MNP,Access to electricity (% of population),EG.ELC.ACCS.ZS,1993,99.9449234
Mauritius,MUS,Access to electricity (% of population),EG.ELC.ACCS.ZS,1993,99.12800598
Malawi,MWI,Access to electricity (% of population),EG.ELC.ACCS.ZS,1993,1.553555846
North America,NAC,Access to electricity (% of population),EG.ELC.ACCS.ZS,1993,100.0
Namibia,NAM,Access to electricity (% of population),EG.ELC.ACCS.ZS,1993,27.0
New Caledonia,NCL,Access to electricity (% of population),EG.ELC.ACCS.ZS,1993,99.93725586
Niger,NER,Access to electricity (% of population),EG.ELC.ACCS.ZS,1993,4.012139797
Nigeria,NGA,Access to electricity (% of population),EG.ELC.ACCS.ZS,1993,36.96364594
Nicaragua,NIC,Access to electricity (% of population),EG.ELC.ACCS.ZS,1993,72.064174
Netherlands,NLD,Access to electricity (% of population),EG.ELC.ACCS.ZS,1993,100.0
Norway,NOR,Access to electricity (% of population),EG.ELC.ACCS.ZS,1993,100.0
Naoero,NRU,Access to electricity (% of population),EG.ELC.ACCS.ZS,1993,99.12485504
New Zealand,NZL,Access to electricity (% of population),EG.ELC.ACCS.ZS,1993,100.0
OECD members,OED,Access to electricity (% of population),EG.ELC.ACCS.ZS,1993,99.32417575
Oman,OMN,Access to electricity (% of population),EG.ELC.ACCS.ZS,1993,100.0
Panama,PAN,Access to electricity (% of population),EG.ELC.ACCS.ZS,1993,75.06745911
Peru,PER,Access to electricity (% of population),EG.ELC.ACCS.ZS,1993,64.74899292
Philippines,PHL,Access to electricity (% of population),EG.ELC.ACCS.ZS,1993,65.4
Palau,PLW,Access to electricity (% of population),EG.ELC.ACCS.ZS,1993,97.03649139
Poland,POL,Access to electricity (% of population),EG.ELC.ACCS.ZS,1993,100.0
Puerto Rico (US),PRI,Access to electricity (% of population),EG.ELC.ACCS.ZS,1993,100.0
Portugal,PRT,Access to electricity (% of population),EG.ELC.ACCS.ZS,1993,100.0
Post-demographic dividend,PST,Access to electricity (% of population),EG.ELC.ACCS.ZS,1993,99.99833995
French Polynesia,PYF,Access to electricity (% of population),EG.ELC.ACCS.ZS,1993,100.0
Qatar,QAT,Access to electricity (% of population),EG.ELC.ACCS.ZS,1993,100.0
Romania,ROU,Access to electricity (% of population),EG.ELC.ACCS.ZS,1993,100.0
Russian Federation,RUS,Access to electricity (% of population),EG.ELC.ACCS.ZS,1993,100.0
South Asia,SAS,Access to electricity (% of population),EG.ELC.ACCS.ZS,1993,46.56398397
Saudi Arabia,SAU,Access to electricity (% of population),EG.ELC.ACCS.ZS,1993,100.0
Sudan,SDN,Access to electricity (% of population),EG.ELC.ACCS.ZS,1993,27.89725304
Senegal,SEN,Access to electricity (% of population),EG.ELC.ACCS.ZS,1993,26.0
Singapore,SGP,Access to electricity (% of population),EG.ELC.ACCS.ZS,1993,100.0
El Salvador,SLV,Access to electricity (% of population),EG.ELC.ACCS.ZS,1993,76.27613831
San Marino,SMR,Access to electricity (% of population),EG.ELC.ACCS.ZS,1993,100.0
Serbia,SRB,Access to electricity (% of population),EG.ELC.ACCS.ZS,1993,100.0
Slovak Republic,SVK,Access to electricity (% of population),EG.ELC.ACCS.ZS,1993,100.0
Slovenia,SVN,Access to electricity (% of population),EG.ELC.ACCS.ZS,1993,100.0
Sweden,SWE,Access to electricity (% of population),EG.ELC.ACCS.ZS,1993,100.0
Sint Maarten (Dutch part),SXM,Access to electricity (% of population),EG.ELC.ACCS.ZS,1993,100.0
Turks and Caicos Islands,TCA,Access to electricity (% of population),EG.ELC.ACCS.ZS,1993,91.82364655
Europe & Central Asia (IDA & IBRD countries),TEC,Access to electricity (% of population),EG.ELC.ACCS.ZS,1993,100.0
Latin America & the Caribbean (IDA & IBRD countries),TLA,Access to electricity (% of population),EG.ELC.ACCS.ZS,1993,89.2315014
South Asia (IDA & IBRD),TSA,Access to electricity (% of population),EG.ELC.ACCS.ZS,1993,46.56398397
Tanzania,TZA,Access to electricity (% of population),EG.ELC.ACCS.ZS,1993,2.330187798
Ukraine,UKR,Access to electricity (% of population),EG.ELC.ACCS.ZS,1993,100.0
Uruguay,URY,Access to electricity (% of population),EG.ELC.ACCS.ZS,1993,96.36306
United States,USA,Access to electricity (% of population),EG.ELC.ACCS.ZS,1993,100.0
St. Vincent and the Grenadines,VCT,Access to electricity (% of population),EG.ELC.ACCS.ZS,1993,70.46484375
"Venezuela, RB",VEN,Access to electricity (% of population),EG.ELC.ACCS.ZS,1993,98.23953247
British Virgin Islands,VGB,Access to electricity (% of population),EG.ELC.ACCS.ZS,1993,95.26019287
Virgin Islands (U.S.),VIR,Access to electricity (% of population),EG.ELC.ACCS.ZS,1993,100.0
Samoa,WSM,Access to electricity (% of population),EG.ELC.ACCS.ZS,1993,82.42459106
Kosovo,XKX,Access to electricity (% of population),EG.ELC.ACCS.ZS,1993,100.0
"Yemen, Rep.",YEM,Access to electricity (% of population),EG.ELC.ACCS.ZS,1993,40.77471542
Zambia,ZMB,Access to electricity (% of population),EG.ELC.ACCS.ZS,1993,14.21320724
Zimbabwe,ZWE,Access to electricity (% of population),EG.ELC.ACCS.ZS,1993,31.16366768
Aruba,ABW,Access to electricity (% of population),EG.ELC.ACCS.ZS,1994,100.0
Africa Western and Central,AFW,Access to electricity (% of population),EG.ELC.ACCS.ZS,1994,32.69220763
Albania,ALB,Access to electricity (% of population),EG.ELC.ACCS.ZS,1994,100.0
Andorra,AND,Access to electricity (% of population),EG.ELC.ACCS.ZS,1994,100.0
United Arab Emirates,ARE,Access to electricity (% of population),EG.ELC.ACCS.ZS,1994,100.0
Argentina,ARG,Access to electricity (% of population),EG.ELC.ACCS.ZS,1994,93.50127411
Antigua and Barbuda,ATG,Access to electricity (% of population),EG.ELC.ACCS.ZS,1994,96.47039032
Australia,AUS,Access to electricity (% of population),EG.ELC.ACCS.ZS,1994,100.0
Austria,AUT,Access to electricity (% of population),EG.ELC.ACCS.ZS,1994,100.0
Belgium,BEL,Access to electricity (% of population),EG.ELC.ACCS.ZS,1994,100.0
Burkina Faso,BFA,Access to electricity (% of population),EG.ELC.ACCS.ZS,1994,6.125010014
Bangladesh,BGD,Access to electricity (% of population),EG.ELC.ACCS.ZS,1994,17.8
Bulgaria,BGR,Access to electricity (% of population),EG.ELC.ACCS.ZS,1994,100.0
Bahrain,BHR,Access to electricity (% of population),EG.ELC.ACCS.ZS,1994,99.99977112
"Bahamas, The",BHS,Access to electricity (% of population),EG.ELC.ACCS.ZS,1994,100.0
Bosnia and Herzegovina,BIH,Access to electricity (% of population),EG.ELC.ACCS.ZS,1994,100.0
Belarus,BLR,Access to electricity (% of population),EG.ELC.ACCS.ZS,1994,100.0
Belize,BLZ,Access to electricity (% of population),EG.ELC.ACCS.ZS,1994,74.02038574
Bermuda,BMU,Access to electricity (% of population),EG.ELC.ACCS.ZS,1994,100.0
Bolivia,BOL,Access to electricity (% of population),EG.ELC.ACCS.ZS,1994,64.1
Brazil,BRA,Access to electricity (% of population),EG.ELC.ACCS.ZS,1994,91.88372803
Barbados,BRB,Access to electricity (% of population),EG.ELC.ACCS.ZS,1994,100.0
Brunei Darussalam,BRN,Access to electricity (% of population),EG.ELC.ACCS.ZS,1994,100.0
Botswana,BWA,Access to electricity (% of population),EG.ELC.ACCS.ZS,1994,13.88456631
Canada,CAN,Access to electricity (% of population),EG.ELC.ACCS.ZS,1994,100.0
Central Europe and the Baltics,CEB,Access to electricity (% of population),EG.ELC.ACCS.ZS,1994,100.0
Switzerland,CHE,Access to electricity (% of population),EG.ELC.ACCS.ZS,1994,100.0
Channel Islands,CHI,Access to electricity (% of population),EG.ELC.ACCS.ZS,1994,100.0
Chile,CHL,Access to electricity (% of population),EG.ELC.ACCS.ZS,1994,95.51807404
Cote d'Ivoire,CIV,Access to electricity (% of population),EG.ELC.ACCS.ZS,1994,36.5
Cameroon,CMR,Access to electricity (% of population),EG.ELC.ACCS.ZS,1994,34.99950409
Colombia,COL,Access to electricity (% of population),EG.ELC.ACCS.ZS,1994,92.72196198
Curacao,CUW,Access to electricity (% of population),EG.ELC.ACCS.ZS,1994,100.0
Cayman Islands,CYM,Access to electricity (% of population),EG.ELC.ACCS.ZS,1994,100.0
Cyprus,CYP,Access to electricity (% of population),EG.ELC.ACCS.ZS,1994,100.0
Czechia,CZE,Access to electricity (% of population),EG.ELC.ACCS.ZS,1994,100.0
Germany,DEU,Access to electricity (% of population),EG.ELC.ACCS.ZS,1994,100.0
Denmark,DNK,Access to electricity (% of population),EG.ELC.ACCS.ZS,1994,100.0
Dominican Republic,DOM,Access to electricity (% of population),EG.ELC.ACCS.ZS,1994,84.02422333
Early-demographic dividend,EAR,Access to electricity (% of population),EG.ELC.ACCS.ZS,1994,56.37132662
Europe & Central Asia,ECS,Access to electricity (% of population),EG.ELC.ACCS.ZS,1994,100.0
"Egypt, Arab Rep.",EGY,Access to electricity (% of population),EG.ELC.ACCS.ZS,1994,95.64853668
Euro area,EMU,Access to electricity (% of population),EG.ELC.ACCS.ZS,1994,100.0
Spain,ESP,Access to electricity (% of population),EG.ELC.ACCS.ZS,1994,100.0
Estonia,EST,Access to electricity (% of population),EG.ELC.ACCS.ZS,1994,100.0
European Union,EUU,Access to electricity (% of population),EG.ELC.ACCS.ZS,1994,100.0
Finland,FIN,Access to electricity (% of population),EG.ELC.ACCS.ZS,1994,100.0
France,FRA,Access to electricity (% of population),EG.ELC.ACCS.ZS,1994,100.0
Faroe Islands,FRO,Access to electricity (% of population),EG.ELC.ACCS.ZS,1994,100.0
United Kingdom,GBR,Access to electricity (% of population),EG.ELC.ACCS.ZS,1994,100.0
Ghana,GHA,Access to electricity (% of population),EG.ELC.ACCS.ZS,1994,30.36940575
Gibraltar,GIB,Access to electricity (% of population),EG.ELC.ACCS.ZS,1994,100.0
"Gambia, The",GMB,Access to electricity (% of population),EG.ELC.ACCS.ZS,1994,18.25004959
Greece,GRC,Access to electricity (% of population),EG.ELC.ACCS.ZS,1994,100.0
Greenland,GRL,Access to electricity (% of population),EG.ELC.ACCS.ZS,1994,100.0
Guam,GUM,Access to electricity (% of population),EG.ELC.ACCS.ZS,1994,99.96508026
Guyana,GUY,Access to electricity (% of population),EG.ELC.ACCS.ZS,1994,70.71398163
High income,HIC,Access to electricity (% of population),EG.ELC.ACCS.ZS,1994,99.8623289
"Hong Kong SAR, China",HKG,Access to electricity (% of population),EG.ELC.ACCS.ZS,1994,100.0
Honduras,HND,Access to electricity (% of population),EG.ELC.ACCS.ZS,1994,64.733947
Croatia,HRV,Access to electricity (% of population),EG.ELC.ACCS.ZS,1994,100.0
Hungary,HUN,Access to electricity (% of population),EG.ELC.ACCS.ZS,1994,100.0
Indonesia,IDN,Access to electricity (% of population),EG.ELC.ACCS.ZS,1994,62.8
Isle of Man,IMN,Access to electricity (% of population),EG.ELC.ACCS.ZS,1994,100.0
India,IND,Access to electricity (% of population),EG.ELC.ACCS.ZS,1994,49.81130981
Ireland,IRL,Access to electricity (% of population),EG.ELC.ACCS.ZS,1994,100.0
Iceland,ISL,Access to electricity (% of population),EG.ELC.ACCS.ZS,1994,100.0
Israel,ISR,Access to electricity (% of population),EG.ELC.ACCS.ZS,1994,100.0
Italy,ITA,Access to electricity (% of population),EG.ELC.ACCS.ZS,1994,100.0
Jamaica,JAM,Access to electricity (% of population),EG.ELC.ACCS.ZS,1994,79.63831329
Jordan,JOR,Access to electricity (% of population),EG.ELC.ACCS.ZS,1994,98.21250153
Japan,JPN,Access to electricity (% of population),EG.ELC.ACCS.ZS,1994,100.0
Kenya,KEN,Access to electricity (% of population),EG.ELC.ACCS.ZS,1994,3.473436832
St. Kitts and Nevis,KNA,Access to electricity (% of population),EG.ELC.ACCS.ZS,1994,92.76120758
"Korea, Rep.",KOR,Access to electricity (% of population),EG.ELC.ACCS.ZS,1994,99.98912048
Kuwait,KWT,Access to electricity (% of population),EG.ELC.ACCS.ZS,1994,100.0
Latin America & Caribbean (excluding high income),LAC,Access to electricity (% of population),EG.ELC.ACCS.ZS,1994,90.01923766
Lao PDR,LAO,Access to electricity (% of population),EG.ELC.ACCS.ZS,1994,25.605793
Latin America & Caribbean,LCN,Access to electricity (% of population),EG.ELC.ACCS.ZS,1994,90.2410137
Liechtenstein,LIE,Access to electricity (% of population),EG.ELC.ACCS.ZS,1994,100.0
Lower middle income,LMC,Access to electricity (% of population),EG.ELC.ACCS.ZS,1994,46.71782074
Lithuania,LTU,Access to electricity (% of population),EG.ELC.ACCS.ZS,1994,100.0
Luxembourg,LUX,Access to electricity (% of population),EG.ELC.ACCS.ZS,1994,100.0
Latvia,LVA,Access to electricity (% of population),EG.ELC.ACCS.ZS,1994,100.0
"Macao SAR, China",MAC,Access to electricity (% of population),EG.ELC.ACCS.ZS,1994,100.0
St. Martin (French part),MAF,Access to electricity (% of population),EG.ELC.ACCS.ZS,1994,100.0
Morocco,MAR,Access to electricity (% of population),EG.ELC.ACCS.ZS,1994,58.60889816
Monaco,MCO,Access to electricity (% of population),EG.ELC.ACCS.ZS,1994,100.0
Moldova,MDA,Access to electricity (% of population),EG.ELC.ACCS.ZS,1994,100.0
Madagascar,MDG,Access to electricity (% of population),EG.ELC.ACCS.ZS,1994,10.56164837
Mexico,MEX,Access to electricity (% of population),EG.ELC.ACCS.ZS,1994,95.238294
North Macedonia,MKD,Access to electricity (% of population),EG.ELC.ACCS.ZS,1994,100.0
Malta,MLT,Access to electricity (% of population),EG.ELC.ACCS.ZS,1994,100.0
Montenegro,MNE,Access to electricity (% of population),EG.ELC.ACCS.ZS,1994,100.0
Northern Mariana Islands,MNP,Access to electricity (% of population),EG.ELC.ACCS.ZS,1994,99.97164154
Mauritius,MUS,Access to electricity (% of population),EG.ELC.ACCS.ZS,1994,99.15496826
Malawi,MWI,Access to electricity (% of population),EG.ELC.ACCS.ZS,1994,2.013661385
North America,NAC,Access to electricity (% of population),EG.ELC.ACCS.ZS,1994,100.0
Namibia,NAM,Access to electricity (% of population),EG.ELC.ACCS.ZS,1994,28.93258858
New Caledonia,NCL,Access to electricity (% of population),EG.ELC.ACCS.ZS,1994,99.96508026
Niger,NER,Access to electricity (% of population),EG.ELC.ACCS.ZS,1994,4.57177639
Nigeria,NGA,Access to electricity (% of population),EG.ELC.ACCS.ZS,1994,37.82646942
Nicaragua,NIC,Access to electricity (% of population),EG.ELC.ACCS.ZS,1994,69.25382996
Netherlands,NLD,Access to electricity (% of population),EG.ELC.ACCS.ZS,1994,100.0
Norway,NOR,Access to electricity (% of population),EG.ELC.ACCS.ZS,1994,100.0
Naoero,NRU,Access to electricity (% of population),EG.ELC.ACCS.ZS,1994,99.16492462
New Zealand,NZL,Access to electricity (% of population),EG.ELC.ACCS.ZS,1994,100.0
OECD members,OED,Access to electricity (% of population),EG.ELC.ACCS.ZS,1994,99.31324207
Oman,OMN,Access to electricity (% of population),EG.ELC.ACCS.ZS,1994,100.0
Panama,PAN,Access to electricity (% of population),EG.ELC.ACCS.ZS,1994,75.87792206
Peru,PER,Access to electricity (% of population),EG.ELC.ACCS.ZS,1994,66.05293274
Philippines,PHL,Access to electricity (% of population),EG.ELC.ACCS.ZS,1994,68.01855469
Palau,PLW,Access to electricity (% of population),EG.ELC.ACCS.ZS,1994,97.17168427
Poland,POL,Access to electricity (% of population),EG.ELC.ACCS.ZS,1994,100.0
Puerto Rico (US),PRI,Access to electricity (% of population),EG.ELC.ACCS.ZS,1994,100.0
Portugal,PRT,Access to electricity (% of population),EG.ELC.ACCS.ZS,1994,100.0
Post-demographic dividend,PST,Access to electricity (% of population),EG.ELC.ACCS.ZS,1994,99.99926302
French Polynesia,PYF,Access to electricity (% of population),EG.ELC.ACCS.ZS,1994,100.0
Qatar,QAT,Access to electricity (% of population),EG.ELC.ACCS.ZS,1994,100.0
Romania,ROU,Access to electricity (% of population),EG.ELC.ACCS.ZS,1994,100.0
Russian Federation,RUS,Access to electricity (% of population),EG.ELC.ACCS.ZS,1994,100.0
South Asia,SAS,Access to electricity (% of population),EG.ELC.ACCS.ZS,1994,46.1821835
Saudi Arabia,SAU,Access to electricity (% of population),EG.ELC.ACCS.ZS,1994,100.0
Sudan,SDN,Access to electricity (% of population),EG.ELC.ACCS.ZS,1994,28.38453484
Senegal,SEN,Access to electricity (% of population),EG.ELC.ACCS.ZS,1994,27.19048691
Singapore,SGP,Access to electricity (% of population),EG.ELC.ACCS.ZS,1994,100.0
El Salvador,SLV,Access to electricity (% of population),EG.ELC.ACCS.ZS,1994,77.21871948
San Marino,SMR,Access to electricity (% of population),EG.ELC.ACCS.ZS,1994,100.0
Serbia,SRB,Access to electricity (% of population),EG.ELC.ACCS.ZS,1994,100.0
Slovak Republic,SVK,Access to electricity (% of population),EG.ELC.ACCS.ZS,1994,100.0
Slovenia,SVN,Access to electricity (% of population),EG.ELC.ACCS.ZS,1994,100.0
Sweden,SWE,Access to electricity (% of population),EG.ELC.ACCS.ZS,1994,100.0
Sint Maarten (Dutch part),SXM,Access to electricity (% of population),EG.ELC.ACCS.ZS,1994,100.0
Seychelles,SYC,Access to electricity (% of population),EG.ELC.ACCS.ZS,1994,90.0
Turks and Caicos Islands,TCA,Access to electricity (% of population),EG.ELC.ACCS.ZS,1994,92.20681763
Europe & Central Asia (IDA & IBRD countries),TEC,Access to electricity (% of population),EG.ELC.ACCS.ZS,1994,100.0
Latin America & the Caribbean (IDA & IBRD countries),TLA,Access to electricity (% of population),EG.ELC.ACCS.ZS,1994,90.13905607
Tonga,TON,Access to electricity (% of population),EG.ELC.ACCS.ZS,1994,80.0
South Asia (IDA & IBRD),TSA,Access to electricity (% of population),EG.ELC.ACCS.ZS,1994,46.1821835
Tunisia,TUN,Access to electricity (% of population),EG.ELC.ACCS.ZS,1994,86.8
Tanzania,TZA,Access to electricity (% of population),EG.ELC.ACCS.ZS,1994,3.300647259
Uganda,UGA,Access to electricity (% of population),EG.ELC.ACCS.ZS,1994,0.533898532
Ukraine,UKR,Access to electricity (% of population),EG.ELC.ACCS.ZS,1994,100.0
Uruguay,URY,Access to electricity (% of population),EG.ELC.ACCS.ZS,1994,96.54244995
United States,USA,Access to electricity (% of population),EG.ELC.ACCS.ZS,1994,100.0
St. Vincent and the Grenadines,VCT,Access to electricity (% of population),EG.ELC.ACCS.ZS,1994,71.81389618
"Venezuela, RB",VEN,Access to electricity (% of population),EG.ELC.ACCS.ZS,1994,98.32333374
British Virgin Islands,VGB,Access to electricity (% of population),EG.ELC.ACCS.ZS,1994,95.47621918
Virgin Islands (U.S.),VIR,Access to electricity (% of population),EG.ELC.ACCS.ZS,1994,100.0
Vanuatu,VUT,Access to electricity (% of population),EG.ELC.ACCS.ZS,1994,18.0
Samoa,WSM,Access to electricity (% of population),EG.ELC.ACCS.ZS,1994,80.0
Kosovo,XKX,Access to electricity (% of population),EG.ELC.ACCS.ZS,1994,100.0
"Yemen, Rep.",YEM,Access to electricity (% of population),EG.ELC.ACCS.ZS,1994,41.98513412
Zambia,ZMB,Access to electricity (% of population),EG.ELC.ACCS.ZS,1994,14.94175911
Zimbabwe,ZWE,Access to electricity (% of population),EG.ELC.ACCS.ZS,1994,28.1
Aruba,ABW,Access to electricity (% of population),EG.ELC.ACCS.ZS,1995,100.0
Africa Western and Central,AFW,Access to electricity (% of population),EG.ELC.ACCS.ZS,1995,33.69483534
Albania,ALB,Access to electricity (% of population),EG.ELC.ACCS.ZS,1995,100.0
Andorra,AND,Access to electricity (% of population),EG.ELC.ACCS.ZS,1995,100.0
United Arab Emirates,ARE,Access to electricity (% of population),EG.ELC.ACCS.ZS,1995,100.0
Argentina,ARG,Access to electricity (% of population),EG.ELC.ACCS.ZS,1995,93.83446503
Antigua and Barbuda,ATG,Access to electricity (% of population),EG.ELC.ACCS.ZS,1995,96.64379883
Australia,AUS,Access to electricity (% of population),EG.ELC.ACCS.ZS,1995,100.0
Austria,AUT,Access to electricity (% of population),EG.ELC.ACCS.ZS,1995,100.0
Belgium,BEL,Access to electricity (% of population),EG.ELC.ACCS.ZS,1995,100.0
Burkina Faso,BFA,Access to electricity (% of population),EG.ELC.ACCS.ZS,1995,6.625332832
Bangladesh,BGD,Access to electricity (% of population),EG.ELC.ACCS.ZS,1995,18.33804512
Bulgaria,BGR,Access to electricity (% of population),EG.ELC.ACCS.ZS,1995,100.0
Bahrain,BHR,Access to electricity (% of population),EG.ELC.ACCS.ZS,1995,100.0
"Bahamas, The",BHS,Access to electricity (% of population),EG.ELC.ACCS.ZS,1995,100.0
Bosnia and Herzegovina,BIH,Access to electricity (% of population),EG.ELC.ACCS.ZS,1995,100.0
Belarus,BLR,Access to electricity (% of population),EG.ELC.ACCS.ZS,1995,100.0
Belize,BLZ,Access to electricity (% of population),EG.ELC.ACCS.ZS,1995,74.91539764
Bermuda,BMU,Access to electricity (% of population),EG.ELC.ACCS.ZS,1995,100.0
Bolivia,BOL,Access to electricity (% of population),EG.ELC.ACCS.ZS,1995,64.09152985
Brazil,BRA,Access to electricity (% of population),EG.ELC.ACCS.ZS,1995,91.728598
Barbados,BRB,Access to electricity (% of population),EG.ELC.ACCS.ZS,1995,100.0
Brunei Darussalam,BRN,Access to electricity (% of population),EG.ELC.ACCS.ZS,1995,100.0
Botswana,BWA,Access to electricity (% of population),EG.ELC.ACCS.ZS,1995,16.12501717
Central African Republic,CAF,Access to electricity (% of population),EG.ELC.ACCS.ZS,1995,3.0
Canada,CAN,Access to electricity (% of population),EG.ELC.ACCS.ZS,1995,100.0
Central Europe and the Baltics,CEB,Access to electricity (% of population),EG.ELC.ACCS.ZS,1995,100.0
Switzerland,CHE,Access to electricity (% of population),EG.ELC.ACCS.ZS,1995,100.0
Channel Islands,CHI,Access to electricity (% of population),EG.ELC.ACCS.ZS,1995,100.0
Chile,CHL,Access to electricity (% of population),EG.ELC.ACCS.ZS,1995,95.76038361
Cote d'Ivoire,CIV,Access to electricity (% of population),EG.ELC.ACCS.ZS,1995,43.63125229
Cameroon,CMR,Access to electricity (% of population),EG.ELC.ACCS.ZS,1995,36.14777374
Colombia,COL,Access to electricity (% of population),EG.ELC.ACCS.ZS,1995,91.2
Curacao,CUW,Access to electricity (% of population),EG.ELC.ACCS.ZS,1995,100.0
Cayman Islands,CYM,Access to electricity (% of population),EG.ELC.ACCS.ZS,1995,100.0
Cyprus,CYP,Access to electricity (% of population),EG.ELC.ACCS.ZS,1995,100.0
Czechia,CZE,Access to electricity (% of population),EG.ELC.ACCS.ZS,1995,100.0
Germany,DEU,Access to electricity (% of population),EG.ELC.ACCS.ZS,1995,100.0
Denmark,DNK,Access to electricity (% of population),EG.ELC.ACCS.ZS,1995,100.0
Dominican Republic,DOM,Access to electricity (% of population),EG.ELC.ACCS.ZS,1995,84.79090881
Early-demographic dividend,EAR,Access to electricity (% of population),EG.ELC.ACCS.ZS,1995,58.13264833
Europe & Central Asia,ECS,Access to electricity (% of population),EG.ELC.ACCS.ZS,1995,99.99775493
Ecuador,ECU,Access to electricity (% of population),EG.ELC.ACCS.ZS,1995,89.830167
"Egypt, Arab Rep.",EGY,Access to electricity (% of population),EG.ELC.ACCS.ZS,1995,95.5
Euro area,EMU,Access to electricity (% of population),EG.ELC.ACCS.ZS,1995,100.0
Eritrea,ERI,Access to electricity (% of population),EG.ELC.ACCS.ZS,1995,22.9
Spain,ESP,Access to electricity (% of population),EG.ELC.ACCS.ZS,1995,100.0
Estonia,EST,Access to electricity (% of population),EG.ELC.ACCS.ZS,1995,100.0
European Union,EUU,Access to electricity (% of population),EG.ELC.ACCS.ZS,1995,100.0
Finland,FIN,Access to electricity (% of population),EG.ELC.ACCS.ZS,1995,100.0
France,FRA,Access to electricity (% of population),EG.ELC.ACCS.ZS,1995,100.0
Faroe Islands,FRO,Access to electricity (% of population),EG.ELC.ACCS.ZS,1995,100.0
United Kingdom,GBR,Access to electricity (% of population),EG.ELC.ACCS.ZS,1995,100.0
Ghana,GHA,Access to electricity (% of population),EG.ELC.ACCS.ZS,1995,32.4504509
Gibraltar,GIB,Access to electricity (% of population),EG.ELC.ACCS.ZS,1995,100.0
"Gambia, The",GMB,Access to electricity (% of population),EG.ELC.ACCS.ZS,1995,19.92144394
Greece,GRC,Access to electricity (% of population),EG.ELC.ACCS.ZS,1995,100.0
Greenland,GRL,Access to electricity (% of population),EG.ELC.ACCS.ZS,1995,100.0
Guatemala,GTM,Access to electricity (% of population),EG.ELC.ACCS.ZS,1995,60.8
Guam,GUM,Access to electricity (% of population),EG.ELC.ACCS.ZS,1995,100.0
Guyana,GUY,Access to electricity (% of population),EG.ELC.ACCS.ZS,1995,71.35198212
High income,HIC,Access to electricity (% of population),EG.ELC.ACCS.ZS,1995,99.86733971
"Hong Kong SAR, China",HKG,Access to electricity (% of population),EG.ELC.ACCS.ZS,1995,100.0
Honduras,HND,Access to electricity (% of population),EG.ELC.ACCS.ZS,1995,66.122022
Croatia,HRV,Access to electricity (% of population),EG.ELC.ACCS.ZS,1995,100.0
Haiti,HTI,Access to electricity (% of population),EG.ELC.ACCS.ZS,1995,31.3
Hungary,HUN,Access to electricity (% of population),EG.ELC.ACCS.ZS,1995,100.0
Indonesia,IDN,Access to electricity (% of population),EG.ELC.ACCS.ZS,1995,66.86
Isle of Man,IMN,Access to electricity (% of population),EG.ELC.ACCS.ZS,1995,100.0
India,IND,Access to electricity (% of population),EG.ELC.ACCS.ZS,1995,51.40877533
Ireland,IRL,Access to electricity (% of population),EG.ELC.ACCS.ZS,1995,100.0
Iceland,ISL,Access to electricity (% of population),EG.ELC.ACCS.ZS,1995,100.0
Israel,ISR,Access to electricity (% of population),EG.ELC.ACCS.ZS,1995,100.0
Italy,ITA,Access to electricity (% of population),EG.ELC.ACCS.ZS,1995,100.0
Jamaica,JAM,Access to electricity (% of population),EG.ELC.ACCS.ZS,1995,80.43829346
Jordan,JOR,Access to electricity (% of population),EG.ELC.ACCS.ZS,1995,98.32859802
Japan,JPN,Access to electricity (% of population),EG.ELC.ACCS.ZS,1995,100.0
Kazakhstan,KAZ,Access to electricity (% of population),EG.ELC.ACCS.ZS,1995,99.9
Kenya,KEN,Access to electricity (% of population),EG.ELC.ACCS.ZS,1995,5.427343369
St. Kitts and Nevis,KNA,Access to electricity (% of population),EG.ELC.ACCS.ZS,1995,93.12138367
"Korea, Rep.",KOR,Access to electricity (% of population),EG.ELC.ACCS.ZS,1995,100.0
Kuwait,KWT,Access to electricity (% of population),EG.ELC.ACCS.ZS,1995,100.0
Latin America & Caribbean (excluding high income),LAC,Access to electricity (% of population),EG.ELC.ACCS.ZS,1995,88.30669438
Lao PDR,LAO,Access to electricity (% of population),EG.ELC.ACCS.ZS,1995,25.0
Latin America & Caribbean,LCN,Access to electricity (% of population),EG.ELC.ACCS.ZS,1995,88.6212636
Liechtenstein,LIE,Access to electricity (% of population),EG.ELC.ACCS.ZS,1995,100.0
Lower middle income,LMC,Access to electricity (% of population),EG.ELC.ACCS.ZS,1995,47.95218294
Lithuania,LTU,Access to electricity (% of population),EG.ELC.ACCS.ZS,1995,100.0
Luxembourg,LUX,Access to electricity (% of population),EG.ELC.ACCS.ZS,1995,100.0
Latvia,LVA,Access to electricity (% of population),EG.ELC.ACCS.ZS,1995,100.0
"Macao SAR, China",MAC,Access to electricity (% of population),EG.ELC.ACCS.ZS,1995,100.0
St. Martin (French part),MAF,Access to electricity (% of population),EG.ELC.ACCS.ZS,1995,100.0
Morocco,MAR,Access to electricity (% of population),EG.ELC.ACCS.ZS,1995,56.5
Monaco,MCO,Access to electricity (% of population),EG.ELC.ACCS.ZS,1995,100.0
Moldova,MDA,Access to electricity (% of population),EG.ELC.ACCS.ZS,1995,100.0
Madagascar,MDG,Access to electricity (% of population),EG.ELC.ACCS.ZS,1995,11.01563454
Mexico,MEX,Access to electricity (% of population),EG.ELC.ACCS.ZS,1995,95.89446259
North Macedonia,MKD,Access to electricity (% of population),EG.ELC.ACCS.ZS,1995,100.0
Malta,MLT,Access to electricity (% of population),EG.ELC.ACCS.ZS,1995,100.0
Montenegro,MNE,Access to electricity (% of population),EG.ELC.ACCS.ZS,1995,100.0
Northern Mariana Islands,MNP,Access to electricity (% of population),EG.ELC.ACCS.ZS,1995,100.0
Mauritius,MUS,Access to electricity (% of population),EG.ELC.ACCS.ZS,1995,99.17988586
Malawi,MWI,Access to electricity (% of population),EG.ELC.ACCS.ZS,1995,2.471727133
North America,NAC,Access to electricity (% of population),EG.ELC.ACCS.ZS,1995,100.0
Namibia,NAM,Access to electricity (% of population),EG.ELC.ACCS.ZS,1995,29.95214844
New Caledonia,NCL,Access to electricity (% of population),EG.ELC.ACCS.ZS,1995,100.0
Niger,NER,Access to electricity (% of population),EG.ELC.ACCS.ZS,1995,6.2
Nigeria,NGA,Access to electricity (% of population),EG.ELC.ACCS.ZS,1995,38.68725204
Nicaragua,NIC,Access to electricity (% of population),EG.ELC.ACCS.ZS,1995,69.84990692
Netherlands,NLD,Access to electricity (% of population),EG.ELC.ACCS.ZS,1995,100.0
Norway,NOR,Access to electricity (% of population),EG.ELC.ACCS.ZS,1995,100.0
Naoero,NRU,Access to electricity (% of population),EG.ELC.ACCS.ZS,1995,99.20295715
New Zealand,NZL,Access to electricity (% of population),EG.ELC.ACCS.ZS,1995,100.0
OECD members,OED,Access to electricity (% of population),EG.ELC.ACCS.ZS,1995,99.31439911
Oman,OMN,Access to electricity (% of population),EG.ELC.ACCS.ZS,1995,100.0
Panama,PAN,Access to electricity (% of population),EG.ELC.ACCS.ZS,1995,76.68634033
Peru,PER,Access to electricity (% of population),EG.ELC.ACCS.ZS,1995,67.35483551
Philippines,PHL,Access to electricity (% of population),EG.ELC.ACCS.ZS,1995,69.13311768
Palau,PLW,Access to electricity (% of population),EG.ELC.ACCS.ZS,1995,97.30484009
Poland,POL,Access to electricity (% of population),EG.ELC.ACCS.ZS,1995,100.0
Puerto Rico (US),PRI,Access to electricity (% of population),EG.ELC.ACCS.ZS,1995,100.0
Portugal,PRT,Access to electricity (% of population),EG.ELC.ACCS.ZS,1995,100.0
Paraguay,PRY,Access to electricity (% of population),EG.ELC.ACCS.ZS,1995,77.469114
Post-demographic dividend,PST,Access to electricity (% of population),EG.ELC.ACCS.ZS,1995,99.99976752
French Polynesia,PYF,Access to electricity (% of population),EG.ELC.ACCS.ZS,1995,100.0
Qatar,QAT,Access to electricity (% of population),EG.ELC.ACCS.ZS,1995,100.0
Romania,ROU,Access to electricity (% of population),EG.ELC.ACCS.ZS,1995,100.0
Russian Federation,RUS,Access to electricity (% of population),EG.ELC.ACCS.ZS,1995,100.0
South Asia,SAS,Access to electricity (% of population),EG.ELC.ACCS.ZS,1995,47.66468219
Saudi Arabia,SAU,Access to electricity (% of population),EG.ELC.ACCS.ZS,1995,100.0
Sudan,SDN,Access to electricity (% of population),EG.ELC.ACCS.ZS,1995,28.8697834
Senegal,SEN,Access to electricity (% of population),EG.ELC.ACCS.ZS,1995,28.85719109
Singapore,SGP,Access to electricity (% of population),EG.ELC.ACCS.ZS,1995,100.0
El Salvador,SLV,Access to electricity (% of population),EG.ELC.ACCS.ZS,1995,76.995504
San Marino,SMR,Access to electricity (% of population),EG.ELC.ACCS.ZS,1995,100.0
Serbia,SRB,Access to electricity (% of population),EG.ELC.ACCS.ZS,1995,100.0
Slovak Republic,SVK,Access to electricity (% of population),EG.ELC.ACCS.ZS,1995,100.0
Slovenia,SVN,Access to electricity (% of population),EG.ELC.ACCS.ZS,1995,100.0
Sweden,SWE,Access to electricity (% of population),EG.ELC.ACCS.ZS,1995,100.0
Sint Maarten (Dutch part),SXM,Access to electricity (% of population),EG.ELC.ACCS.ZS,1995,100.0
Seychelles,SYC,Access to electricity (% of population),EG.ELC.ACCS.ZS,1995,92.17365265
Turks and Caicos Islands,TCA,Access to electricity (% of population),EG.ELC.ACCS.ZS,1995,92.58794403
Europe & Central Asia (IDA & IBRD countries),TEC,Access to electricity (% of population),EG.ELC.ACCS.ZS,1995,99.99482833
Latin America & the Caribbean (IDA & IBRD countries),TLA,Access to electricity (% of population),EG.ELC.ACCS.ZS,1995,88.51182493
Tonga,TON,Access to electricity (% of population),EG.ELC.ACCS.ZS,1995,81.78847504
South Asia (IDA & IBRD),TSA,Access to electricity (% of population),EG.ELC.ACCS.ZS,1995,47.66468219
Tunisia,TUN,Access to electricity (% of population),EG.ELC.ACCS.ZS,1995,88.7
Tanzania,TZA,Access to electricity (% of population),EG.ELC.ACCS.ZS,1995,4.269067287
Uganda,UGA,Access to electricity (% of population),EG.ELC.ACCS.ZS,1995,6.8
Ukraine,UKR,Access to electricity (% of population),EG.ELC.ACCS.ZS,1995,100.0
Uruguay,URY,Access to electricity (% of population),EG.ELC.ACCS.ZS,1995,96.71979523
United States,USA,Access to electricity (% of population),EG.ELC.ACCS.ZS,1995,100.0
St. Vincent and the Grenadines,VCT,Access to electricity (% of population),EG.ELC.ACCS.ZS,1995,73.16090393
"Venezuela, RB",VEN,Access to electricity (% of population),EG.ELC.ACCS.ZS,1995,99.0
British Virgin Islands,VGB,Access to electricity (% of population),EG.ELC.ACCS.ZS,1995,95.69020081
Virgin Islands (U.S.),VIR,Access to electricity (% of population),EG.ELC.ACCS.ZS,1995,100.0
Vanuatu,VUT,Access to electricity (% of population),EG.ELC.ACCS.ZS,1995,12.94164371
Samoa,WSM,Access to electricity (% of population),EG.ELC.ACCS.ZS,1995,83.98869324
Kosovo,XKX,Access to electricity (% of population),EG.ELC.ACCS.ZS,1995,100.0
"Yemen, Rep.",YEM,Access to electricity (% of population),EG.ELC.ACCS.ZS,1995,43.19351196
Zambia,ZMB,Access to electricity (% of population),EG.ELC.ACCS.ZS,1995,15.66827202
Zimbabwe,ZWE,Access to electricity (% of population),EG.ELC.ACCS.ZS,1995,31.94857979
Aruba,ABW,Access to electricity (% of population),EG.ELC.ACCS.ZS,1996,100.0
Africa Western and Central,AFW,Access to electricity (% of population),EG.ELC.ACCS.ZS,1996,32.69739458
Albania,ALB,Access to electricity (% of population),EG.ELC.ACCS.ZS,1996,100.0
Andorra,AND,Access to electricity (% of population),EG.ELC.ACCS.ZS,1996,100.0
United Arab Emirates,ARE,Access to electricity (% of population),EG.ELC.ACCS.ZS,1996,100.0
Argentina,ARG,Access to electricity (% of population),EG.ELC.ACCS.ZS,1996,94.16493988
Antigua and Barbuda,ATG,Access to electricity (% of population),EG.ELC.ACCS.ZS,1996,96.81448364
Australia,AUS,Access to electricity (% of population),EG.ELC.ACCS.ZS,1996,100.0
Austria,AUT,Access to electricity (% of population),EG.ELC.ACCS.ZS,1996,100.0
Belgium,BEL,Access to electricity (% of population),EG.ELC.ACCS.ZS,1996,100.0
Benin,BEN,Access to electricity (% of population),EG.ELC.ACCS.ZS,1996,14.5
Burkina Faso,BFA,Access to electricity (% of population),EG.ELC.ACCS.ZS,1996,7.122936249
Bangladesh,BGD,Access to electricity (% of population),EG.ELC.ACCS.ZS,1996,21.14438629
Bulgaria,BGR,Access to electricity (% of population),EG.ELC.ACCS.ZS,1996,100.0
Bahrain,BHR,Access to electricity (% of population),EG.ELC.ACCS.ZS,1996,100.0
"Bahamas, The",BHS,Access to electricity (% of population),EG.ELC.ACCS.ZS,1996,100.0
Bosnia and Herzegovina,BIH,Access to electricity (% of population),EG.ELC.ACCS.ZS,1996,100.0
Belarus,BLR,Access to electricity (% of population),EG.ELC.ACCS.ZS,1996,100.0
Belize,BLZ,Access to electricity (% of population),EG.ELC.ACCS.ZS,1996,75.80769348
Bermuda,BMU,Access to electricity (% of population),EG.ELC.ACCS.ZS,1996,100.0
Bolivia,BOL,Access to electricity (% of population),EG.ELC.ACCS.ZS,1996,71.0
Brazil,BRA,Access to electricity (% of population),EG.ELC.ACCS.ZS,1996,92.867095
Barbados,BRB,Access to electricity (% of population),EG.ELC.ACCS.ZS,1996,100.0
Brunei Darussalam,BRN,Access to electricity (% of population),EG.ELC.ACCS.ZS,1996,100.0
Botswana,BWA,Access to electricity (% of population),EG.ELC.ACCS.ZS,1996,18.36274719
Central African Republic,CAF,Access to electricity (% of population),EG.ELC.ACCS.ZS,1996,3.334915638
Canada,CAN,Access to electricity (% of population),EG.ELC.ACCS.ZS,1996,100.0
Central Europe and the Baltics,CEB,Access to electricity (% of population),EG.ELC.ACCS.ZS,1996,100.0
Switzerland,CHE,Access to electricity (% of population),EG.ELC.ACCS.ZS,1996,100.0
Channel Islands,CHI,Access to electricity (% of population),EG.ELC.ACCS.ZS,1996,100.0
Chile,CHL,Access to electricity (% of population),EG.ELC.ACCS.ZS,1996,95.617315
Cote d'Ivoire,CIV,Access to electricity (% of population),EG.ELC.ACCS.ZS,1996,44.64821243
Cameroon,CMR,Access to electricity (% of population),EG.ELC.ACCS.ZS,1996,37.29332352
Colombia,COL,Access to electricity (% of population),EG.ELC.ACCS.ZS,1996,93.30310059
Comoros,COM,Access to electricity (% of population),EG.ELC.ACCS.ZS,1996,28.9
Curacao,CUW,Access to electricity (% of population),EG.ELC.ACCS.ZS,1996,100.0
Cayman Islands,CYM,Access to electricity (% of population),EG.ELC.ACCS.ZS,1996,100.0
Cyprus,CYP,Access to electricity (% of population),EG.ELC.ACCS.ZS,1996,100.0
Czechia,CZE,Access to electricity (% of population),EG.ELC.ACCS.ZS,1996,100.0
Germany,DEU,Access to electricity (% of population),EG.ELC.ACCS.ZS,1996,100.0
Djibouti,DJI,Access to electricity (% of population),EG.ELC.ACCS.ZS,1996,62.0
Denmark,DNK,Access to electricity (% of population),EG.ELC.ACCS.ZS,1996,100.0
Dominican Republic,DOM,Access to electricity (% of population),EG.ELC.ACCS.ZS,1996,85.55487823
Early-demographic dividend,EAR,Access to electricity (% of population),EG.ELC.ACCS.ZS,1996,59.87058959
Europe & Central Asia,ECS,Access to electricity (% of population),EG.ELC.ACCS.ZS,1996,99.97059308
Ecuador,ECU,Access to electricity (% of population),EG.ELC.ACCS.ZS,1996,92.05137634
"Egypt, Arab Rep.",EGY,Access to electricity (% of population),EG.ELC.ACCS.ZS,1996,96.15432739
Euro area,EMU,Access to electricity (% of population),EG.ELC.ACCS.ZS,1996,100.0
Eritrea,ERI,Access to electricity (% of population),EG.ELC.ACCS.ZS,1996,24.75544739
Spain,ESP,Access to electricity (% of population),EG.ELC.ACCS.ZS,1996,100.0
Estonia,EST,Access to electricity (% of population),EG.ELC.ACCS.ZS,1996,100.0
European Union,EUU,Access to electricity (% of population),EG.ELC.ACCS.ZS,1996,100.0
Finland,FIN,Access to electricity (% of population),EG.ELC.ACCS.ZS,1996,100.0
Fiji,FJI,Access to electricity (% of population),EG.ELC.ACCS.ZS,1996,66.9
France,FRA,Access to electricity (% of population),EG.ELC.ACCS.ZS,1996,100.0
Faroe Islands,FRO,Access to electricity (% of population),EG.ELC.ACCS.ZS,1996,100.0
United Kingdom,GBR,Access to electricity (% of population),EG.ELC.ACCS.ZS,1996,100.0
Ghana,GHA,Access to electricity (% of population),EG.ELC.ACCS.ZS,1996,34.52877045
Gibraltar,GIB,Access to electricity (% of population),EG.ELC.ACCS.ZS,1996,100.0
"Gambia, The",GMB,Access to electricity (% of population),EG.ELC.ACCS.ZS,1996,21.59011841
Greece,GRC,Access to electricity (% of population),EG.ELC.ACCS.ZS,1996,100.0
Greenland,GRL,Access to electricity (% of population),EG.ELC.ACCS.ZS,1996,100.0
Guatemala,GTM,Access to electricity (% of population),EG.ELC.ACCS.ZS,1996,67.67993927
Guam,GUM,Access to electricity (% of population),EG.ELC.ACCS.ZS,1996,100.0
Guyana,GUY,Access to electricity (% of population),EG.ELC.ACCS.ZS,1996,71.98726654
High income,HIC,Access to electricity (% of population),EG.ELC.ACCS.ZS,1996,99.86455366
"Hong Kong SAR, China",HKG,Access to electricity (% of population),EG.ELC.ACCS.ZS,1996,100.0
Honduras,HND,Access to electricity (% of population),EG.ELC.ACCS.ZS,1996,61.68112
Croatia,HRV,Access to electricity (% of population),EG.ELC.ACCS.ZS,1996,100.0
Haiti,HTI,Access to electricity (% of population),EG.ELC.ACCS.ZS,1996,30.01301765
Hungary,HUN,Access to electricity (% of population),EG.ELC.ACCS.ZS,1996,100.0
Indonesia,IDN,Access to electricity (% of population),EG.ELC.ACCS.ZS,1996,72.39
Isle of Man,IMN,Access to electricity (% of population),EG.ELC.ACCS.ZS,1996,100.0
India,IND,Access to electricity (% of population),EG.ELC.ACCS.ZS,1996,53.00352097
Ireland,IRL,Access to electricity (% of population),EG.ELC.ACCS.ZS,1996,100.0
Iceland,ISL,Access to electricity (% of population),EG.ELC.ACCS.ZS,1996,100.0
Israel,ISR,Access to electricity (% of population),EG.ELC.ACCS.ZS,1996,100.0
Italy,ITA,Access to electricity (% of population),EG.ELC.ACCS.ZS,1996,100.0
Jamaica,JAM,Access to electricity (% of population),EG.ELC.ACCS.ZS,1996,85.706045
Jordan,JOR,Access to electricity (% of population),EG.ELC.ACCS.ZS,1996,98.44197845
Japan,JPN,Access to electricity (% of population),EG.ELC.ACCS.ZS,1996,100.0
Kazakhstan,KAZ,Access to electricity (% of population),EG.ELC.ACCS.ZS,1996,99.19211578
Kenya,KEN,Access to electricity (% of population),EG.ELC.ACCS.ZS,1996,7.378530502
St. Kitts and Nevis,KNA,Access to electricity (% of population),EG.ELC.ACCS.ZS,1996,93.47883606
"Korea, Rep.",KOR,Access to electricity (% of population),EG.ELC.ACCS.ZS,1996,100.0
Kuwait,KWT,Access to electricity (% of population),EG.ELC.ACCS.ZS,1996,100.0
Latin America & Caribbean (excluding high income),LAC,Access to electricity (% of population),EG.ELC.ACCS.ZS,1996,89.32435727
Lao PDR,LAO,Access to electricity (% of population),EG.ELC.ACCS.ZS,1996,31.24769974
Latin America & Caribbean,LCN,Access to electricity (% of population),EG.ELC.ACCS.ZS,1996,89.57626884
Liechtenstein,LIE,Access to electricity (% of population),EG.ELC.ACCS.ZS,1996,100.0
Lower middle income,LMC,Access to electricity (% of population),EG.ELC.ACCS.ZS,1996,49.67356718
Lithuania,LTU,Access to electricity (% of population),EG.ELC.ACCS.ZS,1996,100.0
Luxembourg,LUX,Access to electricity (% of population),EG.ELC.ACCS.ZS,1996,100.0
Latvia,LVA,Access to electricity (% of population),EG.ELC.ACCS.ZS,1996,100.0
"Macao SAR, China",MAC,Access to electricity (% of population),EG.ELC.ACCS.ZS,1996,100.0
St. Martin (French part),MAF,Access to electricity (% of population),EG.ELC.ACCS.ZS,1996,100.0
Morocco,MAR,Access to electricity (% of population),EG.ELC.ACCS.ZS,1996,62.27459335
Monaco,MCO,Access to electricity (% of population),EG.ELC.ACCS.ZS,1996,100.0
Moldova,MDA,Access to electricity (% of population),EG.ELC.ACCS.ZS,1996,100.0
Madagascar,MDG,Access to electricity (% of population),EG.ELC.ACCS.ZS,1996,11.46690083
Mexico,MEX,Access to electricity (% of population),EG.ELC.ACCS.ZS,1996,96.093624
North Macedonia,MKD,Access to electricity (% of population),EG.ELC.ACCS.ZS,1996,100.0
Mali,MLI,Access to electricity (% of population),EG.ELC.ACCS.ZS,1996,6.2
Malta,MLT,Access to electricity (% of population),EG.ELC.ACCS.ZS,1996,100.0
Montenegro,MNE,Access to electricity (% of population),EG.ELC.ACCS.ZS,1996,100.0
Northern Mariana Islands,MNP,Access to electricity (% of population),EG.ELC.ACCS.ZS,1996,100.0
Mauritius,MUS,Access to electricity (% of population),EG.ELC.ACCS.ZS,1996,99.20209503
Malawi,MWI,Access to electricity (% of population),EG.ELC.ACCS.ZS,1996,2.927073479
North America,NAC,Access to electricity (% of population),EG.ELC.ACCS.ZS,1996,100.0
Namibia,NAM,Access to electricity (% of population),EG.ELC.ACCS.ZS,1996,30.96898842
New Caledonia,NCL,Access to electricity (% of population),EG.ELC.ACCS.ZS,1996,100.0
Niger,NER,Access to electricity (% of population),EG.ELC.ACCS.ZS,1996,7.0
Nigeria,NGA,Access to electricity (% of population),EG.ELC.ACCS.ZS,1996,39.5453186
Nicaragua,NIC,Access to electricity (% of population),EG.ELC.ACCS.ZS,1996,70.44326019
Netherlands,NLD,Access to electricity (% of population),EG.ELC.ACCS.ZS,1996,100.0
Norway,NOR,Access to electricity (% of population),EG.ELC.ACCS.ZS,1996,100.0
Nepal,NPL,Access to electricity (% of population),EG.ELC.ACCS.ZS,1996,17.9
Naoero,NRU,Access to electricity (% of population),EG.ELC.ACCS.ZS,1996,99.23826599
New Zealand,NZL,Access to electricity (% of population),EG.ELC.ACCS.ZS,1996,100.0
OECD members,OED,Access to electricity (% of population),EG.ELC.ACCS.ZS,1996,99.3918576
Oman,OMN,Access to electricity (% of population),EG.ELC.ACCS.ZS,1996,100.0
Panama,PAN,Access to electricity (% of population),EG.ELC.ACCS.ZS,1996,77.49204254
Peru,PER,Access to electricity (% of population),EG.ELC.ACCS.ZS,1996,67.0
Philippines,PHL,Access to electricity (% of population),EG.ELC.ACCS.ZS,1996,70.24495697
Palau,PLW,Access to electricity (% of population),EG.ELC.ACCS.ZS,1996,97.43527222
Papua New Guinea,PNG,Access to electricity (% of population),EG.ELC.ACCS.ZS,1996,11.0
Poland,POL,Access to electricity (% of population),EG.ELC.ACCS.ZS,1996,100.0
Puerto Rico (US),PRI,Access to electricity (% of population),EG.ELC.ACCS.ZS,1996,100.0
Portugal,PRT,Access to electricity (% of population),EG.ELC.ACCS.ZS,1996,100.0
Paraguay,PRY,Access to electricity (% of population),EG.ELC.ACCS.ZS,1996,86.26005554
Post-demographic dividend,PST,Access to electricity (% of population),EG.ELC.ACCS.ZS,1996,99.99977598
French Polynesia,PYF,Access to electricity (% of population),EG.ELC.ACCS.ZS,1996,100.0
Qatar,QAT,Access to electricity (% of population),EG.ELC.ACCS.ZS,1996,100.0
Romania,ROU,Access to electricity (% of population),EG.ELC.ACCS.ZS,1996,100.0
Russian Federation,RUS,Access to electricity (% of population),EG.ELC.ACCS.ZS,1996,100.0
South Asia,SAS,Access to electricity (% of population),EG.ELC.ACCS.ZS,1996,48.76649927
Saudi Arabia,SAU,Access to electricity (% of population),EG.ELC.ACCS.ZS,1996,100.0
Sudan,SDN,Access to electricity (% of population),EG.ELC.ACCS.ZS,1996,29.3523159
Senegal,SEN,Access to electricity (% of population),EG.ELC.ACCS.ZS,1996,30.52117729
Singapore,SGP,Access to electricity (% of population),EG.ELC.ACCS.ZS,1996,100.0
El Salvador,SLV,Access to electricity (% of population),EG.ELC.ACCS.ZS,1996,77.883
San Marino,SMR,Access to electricity (% of population),EG.ELC.ACCS.ZS,1996,100.0
Serbia,SRB,Access to electricity (% of population),EG.ELC.ACCS.ZS,1996,100.0
Sub-Saharan Africa (excluding high income),SSA,Access to electricity (% of population),EG.ELC.ACCS.ZS,1996,28.50055147
Sub-Saharan Africa,SSF,Access to electricity (% of population),EG.ELC.ACCS.ZS,1996,28.51238438
Slovak Republic,SVK,Access to electricity (% of population),EG.ELC.ACCS.ZS,1996,100.0
Slovenia,SVN,Access to electricity (% of population),EG.ELC.ACCS.ZS,1996,100.0
Sweden,SWE,Access to electricity (% of population),EG.ELC.ACCS.ZS,1996,100.0
Sint Maarten (Dutch part),SXM,Access to electricity (% of population),EG.ELC.ACCS.ZS,1996,100.0
Seychelles,SYC,Access to electricity (% of population),EG.ELC.ACCS.ZS,1996,92.55249023
Turks and Caicos Islands,TCA,Access to electricity (% of population),EG.ELC.ACCS.ZS,1996,92.96634674
Europe & Central Asia (IDA & IBRD countries),TEC,Access to electricity (% of population),EG.ELC.ACCS.ZS,1996,99.93465104
Latin America & the Caribbean (IDA & IBRD countries),TLA,Access to electricity (% of population),EG.ELC.ACCS.ZS,1996,89.47651129
Tonga,TON,Access to electricity (% of population),EG.ELC.ACCS.ZS,1996,82.55436707
South Asia (IDA & IBRD),TSA,Access to electricity (% of population),EG.ELC.ACCS.ZS,1996,48.76649927
Sub-Saharan Africa (IDA & IBRD countries),TSS,Access to electricity (% of population),EG.ELC.ACCS.ZS,1996,28.51238438
Tunisia,TUN,Access to electricity (% of population),EG.ELC.ACCS.ZS,1996,90.4
Tanzania,TZA,Access to electricity (% of population),EG.ELC.ACCS.ZS,1996,9.4
Uganda,UGA,Access to electricity (% of population),EG.ELC.ACCS.ZS,1996,2.811104298
Ukraine,UKR,Access to electricity (% of population),EG.ELC.ACCS.ZS,1996,100.0
Uruguay,URY,Access to electricity (% of population),EG.ELC.ACCS.ZS,1996,95.9
United States,USA,Access to electricity (% of population),EG.ELC.ACCS.ZS,1996,100.0
Uzbekistan,UZB,Access to electricity (% of population),EG.ELC.ACCS.ZS,1996,99.6
St. Vincent and the Grenadines,VCT,Access to electricity (% of population),EG.ELC.ACCS.ZS,1996,74.50520325
"Venezuela, RB",VEN,Access to electricity (% of population),EG.ELC.ACCS.ZS,1996,98.48413086
British Virgin Islands,VGB,Access to electricity (% of population),EG.ELC.ACCS.ZS,1996,95.901474
Virgin Islands (U.S.),VIR,Access to electricity (% of population),EG.ELC.ACCS.ZS,1996,100.0
Vanuatu,VUT,Access to electricity (% of population),EG.ELC.ACCS.ZS,1996,14.79236126
Samoa,WSM,Access to electricity (% of population),EG.ELC.ACCS.ZS,1996,84.76699829
Kosovo,XKX,Access to electricity (% of population),EG.ELC.ACCS.ZS,1996,100.0
"Yemen, Rep.",YEM,Access to electricity (% of population),EG.ELC.ACCS.ZS,1996,44.39916992
South Africa,ZAF,Access to electricity (% of population),EG.ELC.ACCS.ZS,1996,57.6
Zambia,ZMB,Access to electricity (% of population),EG.ELC.ACCS.ZS,1996,17.3
Zimbabwe,ZWE,Access to electricity (% of population),EG.ELC.ACCS.ZS,1996,32.33729553
Aruba,ABW,Access to electricity (% of population),EG.ELC.ACCS.ZS,1997,100.0
Africa Western and Central,AFW,Access to electricity (% of population),EG.ELC.ACCS.ZS,1997,32.52391975
Albania,ALB,Access to electricity (% of population),EG.ELC.ACCS.ZS,1997,100.0
Andorra,AND,Access to electricity (% of population),EG.ELC.ACCS.ZS,1997,100.0
Arab World,ARB,Access to electricity (% of population),EG.ELC.ACCS.ZS,1997,76.61177661
United Arab Emirates,ARE,Access to electricity (% of population),EG.ELC.ACCS.ZS,1997,100.0
Argentina,ARG,Access to electricity (% of population),EG.ELC.ACCS.ZS,1997,94.49201202
Antigua and Barbuda,ATG,Access to electricity (% of population),EG.ELC.ACCS.ZS,1997,96.98177338
Australia,AUS,Access to electricity (% of population),EG.ELC.ACCS.ZS,1997,100.0
Austria,AUT,Access to electricity (% of population),EG.ELC.ACCS.ZS,1997,100.0
Belgium,BEL,Access to electricity (% of population),EG.ELC.ACCS.ZS,1997,100.0
Benin,BEN,Access to electricity (% of population),EG.ELC.ACCS.ZS,1997,18.58962631
Burkina Faso,BFA,Access to electricity (% of population),EG.ELC.ACCS.ZS,1997,7.617139816
Bangladesh,BGD,Access to electricity (% of population),EG.ELC.ACCS.ZS,1997,22.4
Bulgaria,BGR,Access to electricity (% of population),EG.ELC.ACCS.ZS,1997,100.0
Bahrain,BHR,Access to electricity (% of population),EG.ELC.ACCS.ZS,1997,100.0
"Bahamas, The",BHS,Access to electricity (% of population),EG.ELC.ACCS.ZS,1997,100.0
Bosnia and Herzegovina,BIH,Access to electricity (% of population),EG.ELC.ACCS.ZS,1997,100.0
Belarus,BLR,Access to electricity (% of population),EG.ELC.ACCS.ZS,1997,100.0
Belize,BLZ,Access to electricity (% of population),EG.ELC.ACCS.ZS,1997,76.69658661
Bermuda,BMU,Access to electricity (% of population),EG.ELC.ACCS.ZS,1997,100.0
Bolivia,BOL,Access to electricity (% of population),EG.ELC.ACCS.ZS,1997,67.330431
Brazil,BRA,Access to electricity (% of population),EG.ELC.ACCS.ZS,1997,93.354139
Barbados,BRB,Access to electricity (% of population),EG.ELC.ACCS.ZS,1997,100.0
Brunei Darussalam,BRN,Access to electricity (% of population),EG.ELC.ACCS.ZS,1997,100.0
Botswana,BWA,Access to electricity (% of population),EG.ELC.ACCS.ZS,1997,20.59707832
Central African Republic,CAF,Access to electricity (% of population),EG.ELC.ACCS.ZS,1997,3.830210209
Canada,CAN,Access to electricity (% of population),EG.ELC.ACCS.ZS,1997,100.0
Central Europe and the Baltics,CEB,Access to electricity (% of population),EG.ELC.ACCS.ZS,1997,100.0
Switzerland,CHE,Access to electricity (% of population),EG.ELC.ACCS.ZS,1997,100.0
Channel Islands,CHI,Access to electricity (% of population),EG.ELC.ACCS.ZS,1997,100.0
Chile,CHL,Access to electricity (% of population),EG.ELC.ACCS.ZS,1997,96.23616791
Cote d'Ivoire,CIV,Access to electricity (% of population),EG.ELC.ACCS.ZS,1997,45.66176987
Cameroon,CMR,Access to electricity (% of population),EG.ELC.ACCS.ZS,1997,38.4354744
Colombia,COL,Access to electricity (% of population),EG.ELC.ACCS.ZS,1997,93.58891296
Comoros,COM,Access to electricity (% of population),EG.ELC.ACCS.ZS,1997,32.76241302
Curacao,CUW,Access to electricity (% of population),EG.ELC.ACCS.ZS,1997,100.0
Cayman Islands,CYM,Access to electricity (% of population),EG.ELC.ACCS.ZS,1997,100.0
Cyprus,CYP,Access to electricity (% of population),EG.ELC.ACCS.ZS,1997,100.0
Czechia,CZE,Access to electricity (% of population),EG.ELC.ACCS.ZS,1997,100.0
Germany,DEU,Access to electricity (% of population),EG.ELC.ACCS.ZS,1997,100.0
Djibouti,DJI,Access to electricity (% of population),EG.ELC.ACCS.ZS,1997,56.29449463
Denmark,DNK,Access to electricity (% of population),EG.ELC.ACCS.ZS,1997,100.0
Dominican Republic,DOM,Access to electricity (% of population),EG.ELC.ACCS.ZS,1997,86.31544495
Early-demographic dividend,EAR,Access to electricity (% of population),EG.ELC.ACCS.ZS,1997,61.83790638
Europe & Central Asia,ECS,Access to electricity (% of population),EG.ELC.ACCS.ZS,1997,99.96458508
Ecuador,ECU,Access to electricity (% of population),EG.ELC.ACCS.ZS,1997,92.4298172
"Egypt, Arab Rep.",EGY,Access to electricity (% of population),EG.ELC.ACCS.ZS,1997,96.40246582
Euro area,EMU,Access to electricity (% of population),EG.ELC.ACCS.ZS,1997,100.0
Eritrea,ERI,Access to electricity (% of population),EG.ELC.ACCS.ZS,1997,25.8746109
Spain,ESP,Access to electricity (% of population),EG.ELC.ACCS.ZS,1997,100.0
Estonia,EST,Access to electricity (% of population),EG.ELC.ACCS.ZS,1997,100.0
European Union,EUU,Access to electricity (% of population),EG.ELC.ACCS.ZS,1997,100.0
Finland,FIN,Access to electricity (% of population),EG.ELC.ACCS.ZS,1997,100.0
Fiji,FJI,Access to electricity (% of population),EG.ELC.ACCS.ZS,1997,71.77151489
France,FRA,Access to electricity (% of population),EG.ELC.ACCS.ZS,1997,100.0
Faroe Islands,FRO,Access to electricity (% of population),EG.ELC.ACCS.ZS,1997,100.0
United Kingdom,GBR,Access to electricity (% of population),EG.ELC.ACCS.ZS,1997,100.0
Ghana,GHA,Access to electricity (% of population),EG.ELC.ACCS.ZS,1997,36.60369492
Gibraltar,GIB,Access to electricity (% of population),EG.ELC.ACCS.ZS,1997,100.0
"Gambia, The",GMB,Access to electricity (% of population),EG.ELC.ACCS.ZS,1997,23.25539207
Greece,GRC,Access to electricity (% of population),EG.ELC.ACCS.ZS,1997,100.0
Greenland,GRL,Access to electricity (% of population),EG.ELC.ACCS.ZS,1997,100.0
Guatemala,GTM,Access to electricity (% of population),EG.ELC.ACCS.ZS,1997,68.90407562
Guam,GUM,Access to electricity (% of population),EG.ELC.ACCS.ZS,1997,100.0
Guyana,GUY,Access to electricity (% of population),EG.ELC.ACCS.ZS,1997,72.61915588
High income,HIC,Access to electricity (% of population),EG.ELC.ACCS.ZS,1997,99.87644162
"Hong Kong SAR, China",HKG,Access to electricity (% of population),EG.ELC.ACCS.ZS,1997,100.0
Honduras,HND,Access to electricity (% of population),EG.ELC.ACCS.ZS,1997,64.794754
Croatia,HRV,Access to electricity (% of population),EG.ELC.ACCS.ZS,1997,100.0
Haiti,HTI,Access to electricity (% of population),EG.ELC.ACCS.ZS,1997,30.55703735
Hungary,HUN,Access to electricity (% of population),EG.ELC.ACCS.ZS,1997,100.0
Indonesia,IDN,Access to electricity (% of population),EG.ELC.ACCS.ZS,1997,80.3
Isle of Man,IMN,Access to electricity (% of population),EG.ELC.ACCS.ZS,1997,100.0
India,IND,Access to electricity (% of population),EG.ELC.ACCS.ZS,1997,54.59486389
Ireland,IRL,Access to electricity (% of population),EG.ELC.ACCS.ZS,1997,100.0
Iceland,ISL,Access to electricity (% of population),EG.ELC.ACCS.ZS,1997,100.0
Israel,ISR,Access to electricity (% of population),EG.ELC.ACCS.ZS,1997,100.0
Italy,ITA,Access to electricity (% of population),EG.ELC.ACCS.ZS,1997,100.0
Jamaica,JAM,Access to electricity (% of population),EG.ELC.ACCS.ZS,1997,82.02940369
Jordan,JOR,Access to electricity (% of population),EG.ELC.ACCS.ZS,1997,98.9
Japan,JPN,Access to electricity (% of population),EG.ELC.ACCS.ZS,1997,100.0
Kazakhstan,KAZ,Access to electricity (% of population),EG.ELC.ACCS.ZS,1997,99.26947021
Kenya,KEN,Access to electricity (% of population),EG.ELC.ACCS.ZS,1997,9.326317787
Kyrgyz Republic,KGZ,Access to electricity (% of population),EG.ELC.ACCS.ZS,1997,99.8
St. Kitts and Nevis,KNA,Access to electricity (% of population),EG.ELC.ACCS.ZS,1997,93.83288574
"Korea, Rep.",KOR,Access to electricity (% of population),EG.ELC.ACCS.ZS,1997,100.0
Kuwait,KWT,Access to electricity (% of population),EG.ELC.ACCS.ZS,1997,100.0
Latin America & Caribbean (excluding high income),LAC,Access to electricity (% of population),EG.ELC.ACCS.ZS,1997,89.77264309
Lao PDR,LAO,Access to electricity (% of population),EG.ELC.ACCS.ZS,1997,34.06389618
Latin America & Caribbean,LCN,Access to electricity (% of population),EG.ELC.ACCS.ZS,1997,90.03090088
Liechtenstein,LIE,Access to electricity (% of population),EG.ELC.ACCS.ZS,1997,100.0
Lower middle income,LMC,Access to electricity (% of population),EG.ELC.ACCS.ZS,1997,51.10818379
Lithuania,LTU,Access to electricity (% of population),EG.ELC.ACCS.ZS,1997,100.0
Luxembourg,LUX,Access to electricity (% of population),EG.ELC.ACCS.ZS,1997,100.0
Latvia,LVA,Access to electricity (% of population),EG.ELC.ACCS.ZS,1997,100.0
"Macao SAR, China",MAC,Access to electricity (% of population),EG.ELC.ACCS.ZS,1997,100.0
St. Martin (French part),MAF,Access to electricity (% of population),EG.ELC.ACCS.ZS,1997,100.0
Morocco,MAR,Access to electricity (% of population),EG.ELC.ACCS.ZS,1997,64.10268402
Monaco,MCO,Access to electricity (% of population),EG.ELC.ACCS.ZS,1997,100.0
Moldova,MDA,Access to electricity (% of population),EG.ELC.ACCS.ZS,1997,100.0
Madagascar,MDG,Access to electricity (% of population),EG.ELC.ACCS.ZS,1997,10.9
Mexico,MEX,Access to electricity (% of population),EG.ELC.ACCS.ZS,1997,96.32958221
North Macedonia,MKD,Access to electricity (% of population),EG.ELC.ACCS.ZS,1997,100.0
Mali,MLI,Access to electricity (% of population),EG.ELC.ACCS.ZS,1997,4.28854084
Malta,MLT,Access to electricity (% of population),EG.ELC.ACCS.ZS,1997,100.0
Montenegro,MNE,Access to electricity (% of population),EG.ELC.ACCS.ZS,1997,100.0
Northern Mariana Islands,MNP,Access to electricity (% of population),EG.ELC.ACCS.ZS,1997,100.0
Mozambique,MOZ,Access to electricity (% of population),EG.ELC.ACCS.ZS,1997,6.6
Mauritius,MUS,Access to electricity (% of population),EG.ELC.ACCS.ZS,1997,99.22089386
Malawi,MWI,Access to electricity (% of population),EG.ELC.ACCS.ZS,1997,3.379020214
North America,NAC,Access to electricity (% of population),EG.ELC.ACCS.ZS,1997,100.0
Namibia,NAM,Access to electricity (% of population),EG.ELC.ACCS.ZS,1997,31.9824295
New Caledonia,NCL,Access to electricity (% of population),EG.ELC.ACCS.ZS,1997,100.0
Niger,NER,Access to electricity (% of population),EG.ELC.ACCS.ZS,1997,6.235727787
Nigeria,NGA,Access to electricity (% of population),EG.ELC.ACCS.ZS,1997,40.39998245
Nicaragua,NIC,Access to electricity (% of population),EG.ELC.ACCS.ZS,1997,71.03321075
Netherlands,NLD,Access to electricity (% of population),EG.ELC.ACCS.ZS,1997,100.0
Norway,NOR,Access to electricity (% of population),EG.ELC.ACCS.ZS,1997,100.0
Nepal,NPL,Access to electricity (% of population),EG.ELC.ACCS.ZS,1997,18.13286781
Naoero,NRU,Access to electricity (% of population),EG.ELC.ACCS.ZS,1997,99.27017975
New Zealand,NZL,Access to electricity (% of population),EG.ELC.ACCS.ZS,1997,100.0
OECD members,OED,Access to electricity (% of population),EG.ELC.ACCS.ZS,1997,99.42387724
Oman,OMN,Access to electricity (% of population),EG.ELC.ACCS.ZS,1997,100.0
Panama,PAN,Access to electricity (% of population),EG.ELC.ACCS.ZS,1997,78.29434967
Peru,PER,Access to electricity (% of population),EG.ELC.ACCS.ZS,1997,69.16024
Philippines,PHL,Access to electricity (% of population),EG.ELC.ACCS.ZS,1997,71.35339355
Palau,PLW,Access to electricity (% of population),EG.ELC.ACCS.ZS,1997,97.56230927
Papua New Guinea,PNG,Access to electricity (% of population),EG.ELC.ACCS.ZS,1997,2.158482552
Poland,POL,Access to electricity (% of population),EG.ELC.ACCS.ZS,1997,100.0
Pre-demographic dividend,PRE,Access to electricity (% of population),EG.ELC.ACCS.ZS,1997,23.08581439
Puerto Rico (US),PRI,Access to electricity (% of population),EG.ELC.ACCS.ZS,1997,100.0
Portugal,PRT,Access to electricity (% of population),EG.ELC.ACCS.ZS,1997,100.0
Paraguay,PRY,Access to electricity (% of population),EG.ELC.ACCS.ZS,1997,86.412854
West Bank and Gaza,PSE,Access to electricity (% of population),EG.ELC.ACCS.ZS,1997,97.9
Post-demographic dividend,PST,Access to electricity (% of population),EG.ELC.ACCS.ZS,1997,99.99978449
French Polynesia,PYF,Access to electricity (% of population),EG.ELC.ACCS.ZS,1997,100.0
Qatar,QAT,Access to electricity (% of population),EG.ELC.ACCS.ZS,1997,100.0
Romania,ROU,Access to electricity (% of population),EG.ELC.ACCS.ZS,1997,100.0
Russian Federation,RUS,Access to electricity (% of population),EG.ELC.ACCS.ZS,1997,100.0
Rwanda,RWA,Access to electricity (% of population),EG.ELC.ACCS.ZS,1997,1.027835965
South Asia,SAS,Access to electricity (% of population),EG.ELC.ACCS.ZS,1997,50.29601049
Saudi Arabia,SAU,Access to electricity (% of population),EG.ELC.ACCS.ZS,1997,100.0
Sudan,SDN,Access to electricity (% of population),EG.ELC.ACCS.ZS,1997,29.83145714
Senegal,SEN,Access to electricity (% of population),EG.ELC.ACCS.ZS,1997,32.2
Singapore,SGP,Access to electricity (% of population),EG.ELC.ACCS.ZS,1997,100.0
El Salvador,SLV,Access to electricity (% of population),EG.ELC.ACCS.ZS,1997,80.03151703
San Marino,SMR,Access to electricity (% of population),EG.ELC.ACCS.ZS,1997,100.0
Serbia,SRB,Access to electricity (% of population),EG.ELC.ACCS.ZS,1997,100.0
Sub-Saharan Africa (excluding high income),SSA,Access to electricity (% of population),EG.ELC.ACCS.ZS,1997,28.35284652
Sub-Saharan Africa,SSF,Access to electricity (% of population),EG.ELC.ACCS.ZS,1997,28.36363368
Slovak Republic,SVK,Access to electricity (% of population),EG.ELC.ACCS.ZS,1997,100.0
Slovenia,SVN,Access to electricity (% of population),EG.ELC.ACCS.ZS,1997,100.0
Sweden,SWE,Access to electricity (% of population),EG.ELC.ACCS.ZS,1997,100.0
Sint Maarten (Dutch part),SXM,Access to electricity (% of population),EG.ELC.ACCS.ZS,1997,100.0
Seychelles,SYC,Access to electricity (% of population),EG.ELC.ACCS.ZS,1997,92.0
Turks and Caicos Islands,TCA,Access to electricity (% of population),EG.ELC.ACCS.ZS,1997,93.341362
Chad,TCD,Access to electricity (% of population),EG.ELC.ACCS.ZS,1997,2.3
Europe & Central Asia (IDA & IBRD countries),TEC,Access to electricity (% of population),EG.ELC.ACCS.ZS,1997,99.92169766
Latin America & the Caribbean (IDA & IBRD countries),TLA,Access to electricity (% of population),EG.ELC.ACCS.ZS,1997,89.93608369
Tonga,TON,Access to electricity (% of population),EG.ELC.ACCS.ZS,1997,83.31685638
South Asia (IDA & IBRD),TSA,Access to electricity (% of population),EG.ELC.ACCS.ZS,1997,50.29601049
Sub-Saharan Africa (IDA & IBRD countries),TSS,Access to electricity (% of population),EG.ELC.ACCS.ZS,1997,28.36363368
Tunisia,TUN,Access to electricity (% of population),EG.ELC.ACCS.ZS,1997,92.0
Tanzania,TZA,Access to electricity (% of population),EG.ELC.ACCS.ZS,1997,6.197068214
Uganda,UGA,Access to electricity (% of population),EG.ELC.ACCS.ZS,1997,3.94494772
Ukraine,UKR,Access to electricity (% of population),EG.ELC.ACCS.ZS,1997,100.0
Uruguay,URY,Access to electricity (% of population),EG.ELC.ACCS.ZS,1997,97.06565094
United States,USA,Access to electricity (% of population),EG.ELC.ACCS.ZS,1997,100.0
Uzbekistan,UZB,Access to electricity (% of population),EG.ELC.ACCS.ZS,1997,99.37974548
St. Vincent and the Grenadines,VCT,Access to electricity (% of population),EG.ELC.ACCS.ZS,1997,75.84609222
"Venezuela, RB",VEN,Access to electricity (% of population),EG.ELC.ACCS.ZS,1997,98.7
British Virgin Islands,VGB,Access to electricity (% of population),EG.ELC.ACCS.ZS,1997,96.10933685
Virgin Islands (U.S.),VIR,Access to electricity (% of population),EG.ELC.ACCS.ZS,1997,100.0
Viet Nam,VNM,Access to electricity (% of population),EG.ELC.ACCS.ZS,1997,78.4
Vanuatu,VUT,Access to electricity (% of population),EG.ELC.ACCS.ZS,1997,16.63967896
Samoa,WSM,Access to electricity (% of population),EG.ELC.ACCS.ZS,1997,85.54190826
Kosovo,XKX,Access to electricity (% of population),EG.ELC.ACCS.ZS,1997,100.0
"Yemen, Rep.",YEM,Access to electricity (% of population),EG.ELC.ACCS.ZS,1997,42.6
South Africa,ZAF,Access to electricity (% of population),EG.ELC.ACCS.ZS,1997,69.48335266
Zambia,ZMB,Access to electricity (% of population),EG.ELC.ACCS.ZS,1997,17.11245918
Zimbabwe,ZWE,Access to electricity (% of population),EG.ELC.ACCS.ZS,1997,32.72261047
Aruba,ABW,Access to electricity (% of population),EG.ELC.ACCS.ZS,1998,100.0
Africa Western and Central,AFW,Access to electricity (% of population),EG.ELC.ACCS.ZS,1998,33.5373692
Albania,ALB,Access to electricity (% of population),EG.ELC.ACCS.ZS,1998,100.0
Andorra,AND,Access to electricity (% of population),EG.ELC.ACCS.ZS,1998,100.0
Arab World,ARB,Access to electricity (% of population),EG.ELC.ACCS.ZS,1998,77.54125529
United Arab Emirates,ARE,Access to electricity (% of population),EG.ELC.ACCS.ZS,1998,100.0
Argentina,ARG,Access to electricity (% of population),EG.ELC.ACCS.ZS,1998,94.81500244
Antigua and Barbuda,ATG,Access to electricity (% of population),EG.ELC.ACCS.ZS,1998,97.14498138
Australia,AUS,Access to electricity (% of population),EG.ELC.ACCS.ZS,1998,100.0
Austria,AUT,Access to electricity (% of population),EG.ELC.ACCS.ZS,1998,100.0
Burundi,BDI,Access to electricity (% of population),EG.ELC.ACCS.ZS,1998,3.9
Belgium,BEL,Access to electricity (% of population),EG.ELC.ACCS.ZS,1998,100.0
Benin,BEN,Access to electricity (% of population),EG.ELC.ACCS.ZS,1998,19.5782547
Burkina Faso,BFA,Access to electricity (% of population),EG.ELC.ACCS.ZS,1998,8.107264519
Bangladesh,BGD,Access to electricity (% of population),EG.ELC.ACCS.ZS,1998,26.74619293
Bulgaria,BGR,Access to electricity (% of population),EG.ELC.ACCS.ZS,1998,100.0
Bahrain,BHR,Access to electricity (% of population),EG.ELC.ACCS.ZS,1998,100.0
"Bahamas, The",BHS,Access to electricity (% of population),EG.ELC.ACCS.ZS,1998,100.0
Bosnia and Herzegovina,BIH,Access to electricity (% of population),EG.ELC.ACCS.ZS,1998,100.0
Belarus,BLR,Access to electricity (% of population),EG.ELC.ACCS.ZS,1998,100.0
Belize,BLZ,Access to electricity (% of population),EG.ELC.ACCS.ZS,1998,77.58140564
Bermuda,BMU,Access to electricity (% of population),EG.ELC.ACCS.ZS,1998,100.0
Bolivia,BOL,Access to electricity (% of population),EG.ELC.ACCS.ZS,1998,71.2
Brazil,BRA,Access to electricity (% of population),EG.ELC.ACCS.ZS,1998,94.193812
Barbados,BRB,Access to electricity (% of population),EG.ELC.ACCS.ZS,1998,100.0
Brunei Darussalam,BRN,Access to electricity (% of population),EG.ELC.ACCS.ZS,1998,100.0
Botswana,BWA,Access to electricity (% of population),EG.ELC.ACCS.ZS,1998,22.82732964
Central African Republic,CAF,Access to electricity (% of population),EG.ELC.ACCS.ZS,1998,4.321425438
Canada,CAN,Access to electricity (% of population),EG.ELC.ACCS.ZS,1998,100.0
Central Europe and the Baltics,CEB,Access to electricity (% of population),EG.ELC.ACCS.ZS,1998,100.0
Switzerland,CHE,Access to electricity (% of population),EG.ELC.ACCS.ZS,1998,100.0
Channel Islands,CHI,Access to electricity (% of population),EG.ELC.ACCS.ZS,1998,100.0
Chile,CHL,Access to electricity (% of population),EG.ELC.ACCS.ZS,1998,97.241124
Cote d'Ivoire,CIV,Access to electricity (% of population),EG.ELC.ACCS.ZS,1998,46.67124557
Cameroon,CMR,Access to electricity (% of population),EG.ELC.ACCS.ZS,1998,40.7
Colombia,COL,Access to electricity (% of population),EG.ELC.ACCS.ZS,1998,93.87064362
Comoros,COM,Access to electricity (% of population),EG.ELC.ACCS.ZS,1998,35.0945282
Curacao,CUW,Access to electricity (% of population),EG.ELC.ACCS.ZS,1998,100.0
Cayman Islands,CYM,Access to electricity (% of population),EG.ELC.ACCS.ZS,1998,100.0
Cyprus,CYP,Access to electricity (% of population),EG.ELC.ACCS.ZS,1998,100.0
Czechia,CZE,Access to electricity (% of population),EG.ELC.ACCS.ZS,1998,100.0
Germany,DEU,Access to electricity (% of population),EG.ELC.ACCS.ZS,1998,100.0
Djibouti,DJI,Access to electricity (% of population),EG.ELC.ACCS.ZS,1998,56.32225418
Dominica,DMA,Access to electricity (% of population),EG.ELC.ACCS.ZS,1998,75.0
Denmark,DNK,Access to electricity (% of population),EG.ELC.ACCS.ZS,1998,100.0
Dominican Republic,DOM,Access to electricity (% of population),EG.ELC.ACCS.ZS,1998,87.07193756
Early-demographic dividend,EAR,Access to electricity (% of population),EG.ELC.ACCS.ZS,1998,63.39301072
Europe & Central Asia,ECS,Access to electricity (% of population),EG.ELC.ACCS.ZS,1998,99.96677714
Ecuador,ECU,Access to electricity (% of population),EG.ELC.ACCS.ZS,1998,92.726642
"Egypt, Arab Rep.",EGY,Access to electricity (% of population),EG.ELC.ACCS.ZS,1998,96.64652252
Euro area,EMU,Access to electricity (% of population),EG.ELC.ACCS.ZS,1998,100.0
Eritrea,ERI,Access to electricity (% of population),EG.ELC.ACCS.ZS,1998,26.9896946
Spain,ESP,Access to electricity (% of population),EG.ELC.ACCS.ZS,1998,100.0
Estonia,EST,Access to electricity (% of population),EG.ELC.ACCS.ZS,1998,100.0
European Union,EUU,Access to electricity (% of population),EG.ELC.ACCS.ZS,1998,100.0
Finland,FIN,Access to electricity (% of population),EG.ELC.ACCS.ZS,1998,100.0
Fiji,FJI,Access to electricity (% of population),EG.ELC.ACCS.ZS,1998,73.08958435
France,FRA,Access to electricity (% of population),EG.ELC.ACCS.ZS,1998,100.0
Faroe Islands,FRO,Access to electricity (% of population),EG.ELC.ACCS.ZS,1998,100.0
United Kingdom,GBR,Access to electricity (% of population),EG.ELC.ACCS.ZS,1998,100.0
Ghana,GHA,Access to electricity (% of population),EG.ELC.ACCS.ZS,1998,42.6
Gibraltar,GIB,Access to electricity (% of population),EG.ELC.ACCS.ZS,1998,100.0
"Gambia, The",GMB,Access to electricity (% of population),EG.ELC.ACCS.ZS,1998,24.91658783
Greece,GRC,Access to electricity (% of population),EG.ELC.ACCS.ZS,1998,100.0
Grenada,GRD,Access to electricity (% of population),EG.ELC.ACCS.ZS,1998,85.04
Greenland,GRL,Access to electricity (% of population),EG.ELC.ACCS.ZS,1998,100.0
Guatemala,GTM,Access to electricity (% of population),EG.ELC.ACCS.ZS,1998,70.12413025
Guam,GUM,Access to electricity (% of population),EG.ELC.ACCS.ZS,1998,100.0
Guyana,GUY,Access to electricity (% of population),EG.ELC.ACCS.ZS,1998,73.24695587
High income,HIC,Access to electricity (% of population),EG.ELC.ACCS.ZS,1998,99.89073898
"Hong Kong SAR, China",HKG,Access to electricity (% of population),EG.ELC.ACCS.ZS,1998,100.0
Honduras,HND,Access to electricity (% of population),EG.ELC.ACCS.ZS,1998,66.859519
Croatia,HRV,Access to electricity (% of population),EG.ELC.ACCS.ZS,1998,100.0
Haiti,HTI,Access to electricity (% of population),EG.ELC.ACCS.ZS,1998,31.09697533
Hungary,HUN,Access to electricity (% of population),EG.ELC.ACCS.ZS,1998,100.0
IDA total,IDA,Access to electricity (% of population),EG.ELC.ACCS.ZS,1998,36.9551244
IDA blend,IDB,Access to electricity (% of population),EG.ELC.ACCS.ZS,1998,54.15931052
Indonesia,IDN,Access to electricity (% of population),EG.ELC.ACCS.ZS,1998,80.94
Isle of Man,IMN,Access to electricity (% of population),EG.ELC.ACCS.ZS,1998,100.0
India,IND,Access to electricity (% of population),EG.ELC.ACCS.ZS,1998,56.18213272
Ireland,IRL,Access to electricity (% of population),EG.ELC.ACCS.ZS,1998,100.0
Iceland,ISL,Access to electricity (% of population),EG.ELC.ACCS.ZS,1998,100.0
Israel,ISR,Access to electricity (% of population),EG.ELC.ACCS.ZS,1998,100.0
Italy,ITA,Access to electricity (% of population),EG.ELC.ACCS.ZS,1998,100.0
Jamaica,JAM,Access to electricity (% of population),EG.ELC.ACCS.ZS,1998,82.81917572
Jordan,JOR,Access to electricity (% of population),EG.ELC.ACCS.ZS,1998,98.65785217
Japan,JPN,Access to electricity (% of population),EG.ELC.ACCS.ZS,1998,100.0
Kazakhstan,KAZ,Access to electricity (% of population),EG.ELC.ACCS.ZS,1998,99.34275055
Kenya,KEN,Access to electricity (% of population),EG.ELC.ACCS.ZS,1998,14.5
Kyrgyz Republic,KGZ,Access to electricity (% of population),EG.ELC.ACCS.ZS,1998,99.55382538
Cambodia,KHM,Access to electricity (% of population),EG.ELC.ACCS.ZS,1998,18.67
St. Kitts and Nevis,KNA,Access to electricity (% of population),EG.ELC.ACCS.ZS,1998,94.18286133
"Korea, Rep.",KOR,Access to electricity (% of population),EG.ELC.ACCS.ZS,1998,100.0
Kuwait,KWT,Access to electricity (% of population),EG.ELC.ACCS.ZS,1998,100.0
Latin America & Caribbean (excluding high income),LAC,Access to electricity (% of population),EG.ELC.ACCS.ZS,1998,90.38810442
Lao PDR,LAO,Access to electricity (% of population),EG.ELC.ACCS.ZS,1998,36.87601089
Latin America & Caribbean,LCN,Access to electricity (% of population),EG.ELC.ACCS.ZS,1998,90.64825191
Liechtenstein,LIE,Access to electricity (% of population),EG.ELC.ACCS.ZS,1998,100.0
Lower middle income,LMC,Access to electricity (% of population),EG.ELC.ACCS.ZS,1998,53.95182911
Lithuania,LTU,Access to electricity (% of population),EG.ELC.ACCS.ZS,1998,100.0
Luxembourg,LUX,Access to electricity (% of population),EG.ELC.ACCS.ZS,1998,100.0
Latvia,LVA,Access to electricity (% of population),EG.ELC.ACCS.ZS,1998,100.0
"Macao SAR, China",MAC,Access to electricity (% of population),EG.ELC.ACCS.ZS,1998,100.0
St. Martin (French part),MAF,Access to electricity (% of population),EG.ELC.ACCS.ZS,1998,100.0
Morocco,MAR,Access to electricity (% of population),EG.ELC.ACCS.ZS,1998,65.92668915
Monaco,MCO,Access to electricity (% of population),EG.ELC.ACCS.ZS,1998,100.0
Moldova,MDA,Access to electricity (% of population),EG.ELC.ACCS.ZS,1998,100.0
Madagascar,MDG,Access to electricity (% of population),EG.ELC.ACCS.ZS,1998,12.35855484
Mexico,MEX,Access to electricity (% of population),EG.ELC.ACCS.ZS,1998,96.092755
North Macedonia,MKD,Access to electricity (% of population),EG.ELC.ACCS.ZS,1998,100.0
Mali,MLI,Access to electricity (% of population),EG.ELC.ACCS.ZS,1998,6.066863537
Malta,MLT,Access to electricity (% of population),EG.ELC.ACCS.ZS,1998,100.0
Montenegro,MNE,Access to electricity (% of population),EG.ELC.ACCS.ZS,1998,100.0
Northern Mariana Islands,MNP,Access to electricity (% of population),EG.ELC.ACCS.ZS,1998,100.0
Mozambique,MOZ,Access to electricity (% of population),EG.ELC.ACCS.ZS,1998,3.663175583
Mauritius,MUS,Access to electricity (% of population),EG.ELC.ACCS.ZS,1998,99.23561859
Malawi,MWI,Access to electricity (% of population),EG.ELC.ACCS.ZS,1998,3.826887608
North America,NAC,Access to electricity (% of population),EG.ELC.ACCS.ZS,1998,100.0
Namibia,NAM,Access to electricity (% of population),EG.ELC.ACCS.ZS,1998,32.99179077
New Caledonia,NCL,Access to electricity (% of population),EG.ELC.ACCS.ZS,1998,100.0
Niger,NER,Access to electricity (% of population),EG.ELC.ACCS.ZS,1998,6.7
Nigeria,NGA,Access to electricity (% of population),EG.ELC.ACCS.ZS,1998,41.25056839
Nicaragua,NIC,Access to electricity (% of population),EG.ELC.ACCS.ZS,1998,69.047103
Netherlands,NLD,Access to electricity (% of population),EG.ELC.ACCS.ZS,1998,100.0
Norway,NOR,Access to electricity (% of population),EG.ELC.ACCS.ZS,1998,100.0
Nepal,NPL,Access to electricity (% of population),EG.ELC.ACCS.ZS,1998,21.7325325
Naoero,NRU,Access to electricity (% of population),EG.ELC.ACCS.ZS,1998,99.29801178
New Zealand,NZL,Access to electricity (% of population),EG.ELC.ACCS.ZS,1998,100.0
OECD members,OED,Access to electricity (% of population),EG.ELC.ACCS.ZS,1998,99.42115015
Oman,OMN,Access to electricity (% of population),EG.ELC.ACCS.ZS,1998,100.0
Pakistan,PAK,Access to electricity (% of population),EG.ELC.ACCS.ZS,1998,70.46
Panama,PAN,Access to electricity (% of population),EG.ELC.ACCS.ZS,1998,79.09257507
Peru,PER,Access to electricity (% of population),EG.ELC.ACCS.ZS,1998,72.072063
Philippines,PHL,Access to electricity (% of population),EG.ELC.ACCS.ZS,1998,71.3
Palau,PLW,Access to electricity (% of population),EG.ELC.ACCS.ZS,1998,97.68526459
Papua New Guinea,PNG,Access to electricity (% of population),EG.ELC.ACCS.ZS,1998,4.295089722
Poland,POL,Access to electricity (% of population),EG.ELC.ACCS.ZS,1998,100.0
Pre-demographic dividend,PRE,Access to electricity (% of population),EG.ELC.ACCS.ZS,1998,23.7780398
Puerto Rico (US),PRI,Access to electricity (% of population),EG.ELC.ACCS.ZS,1998,100.0
Portugal,PRT,Access to electricity (% of population),EG.ELC.ACCS.ZS,1998,100.0
Paraguay,PRY,Access to electricity (% of population),EG.ELC.ACCS.ZS,1998,87.76236725
West Bank and Gaza,PSE,Access to electricity (% of population),EG.ELC.ACCS.ZS,1998,98.53929901
Post-demographic dividend,PST,Access to electricity (% of population),EG.ELC.ACCS.ZS,1998,99.99979327
French Polynesia,PYF,Access to electricity (% of population),EG.ELC.ACCS.ZS,1998,100.0
Qatar,QAT,Access to electricity (% of population),EG.ELC.ACCS.ZS,1998,100.0
Romania,ROU,Access to electricity (% of population),EG.ELC.ACCS.ZS,1998,100.0
Russian Federation,RUS,Access to electricity (% of population),EG.ELC.ACCS.ZS,1998,100.0
Rwanda,RWA,Access to electricity (% of population),EG.ELC.ACCS.ZS,1998,2.174127579
South Asia,SAS,Access to electricity (% of population),EG.ELC.ACCS.ZS,1998,52.23037388
Saudi Arabia,SAU,Access to electricity (% of population),EG.ELC.ACCS.ZS,1998,100.0
Sudan,SDN,Access to electricity (% of population),EG.ELC.ACCS.ZS,1998,30.30652809
Senegal,SEN,Access to electricity (% of population),EG.ELC.ACCS.ZS,1998,33.83826828
Singapore,SGP,Access to electricity (% of population),EG.ELC.ACCS.ZS,1998,100.0
El Salvador,SLV,Access to electricity (% of population),EG.ELC.ACCS.ZS,1998,81.637983
San Marino,SMR,Access to electricity (% of population),EG.ELC.ACCS.ZS,1998,100.0
Serbia,SRB,Access to electricity (% of population),EG.ELC.ACCS.ZS,1998,100.0
Sub-Saharan Africa (excluding high income),SSA,Access to electricity (% of population),EG.ELC.ACCS.ZS,1998,28.55778443
Sub-Saharan Africa,SSF,Access to electricity (% of population),EG.ELC.ACCS.ZS,1998,28.56844602
Slovak Republic,SVK,Access to electricity (% of population),EG.ELC.ACCS.ZS,1998,100.0
Slovenia,SVN,Access to electricity (% of population),EG.ELC.ACCS.ZS,1998,100.0
Sweden,SWE,Access to electricity (% of population),EG.ELC.ACCS.ZS,1998,100.0
Sint Maarten (Dutch part),SXM,Access to electricity (% of population),EG.ELC.ACCS.ZS,1998,100.0
Seychelles,SYC,Access to electricity (% of population),EG.ELC.ACCS.ZS,1998,93.29929352
Turks and Caicos Islands,TCA,Access to electricity (% of population),EG.ELC.ACCS.ZS,1998,93.7122879
Chad,TCD,Access to electricity (% of population),EG.ELC.ACCS.ZS,1998,2.420387268
Europe & Central Asia (IDA & IBRD countries),TEC,Access to electricity (% of population),EG.ELC.ACCS.ZS,1998,99.92636492
Togo,TGO,Access to electricity (% of population),EG.ELC.ACCS.ZS,1998,15.3
Latin America & the Caribbean (IDA & IBRD countries),TLA,Access to electricity (% of population),EG.ELC.ACCS.ZS,1998,90.56022525
Tonga,TON,Access to electricity (% of population),EG.ELC.ACCS.ZS,1998,84.07527161
South Asia (IDA & IBRD),TSA,Access to electricity (% of population),EG.ELC.ACCS.ZS,1998,52.23037388
Sub-Saharan Africa (IDA & IBRD countries),TSS,Access to electricity (% of population),EG.ELC.ACCS.ZS,1998,28.56844602
Tunisia,TUN,Access to electricity (% of population),EG.ELC.ACCS.ZS,1998,93.2
Tanzania,TZA,Access to electricity (% of population),EG.ELC.ACCS.ZS,1998,7.15528965
Uganda,UGA,Access to electricity (% of population),EG.ELC.ACCS.ZS,1998,5.0747118
Ukraine,UKR,Access to electricity (% of population),EG.ELC.ACCS.ZS,1998,100.0
Uruguay,URY,Access to electricity (% of population),EG.ELC.ACCS.ZS,1998,97.23280334
United States,USA,Access to electricity (% of population),EG.ELC.ACCS.ZS,1998,100.0
Uzbekistan,UZB,Access to electricity (% of population),EG.ELC.ACCS.ZS,1998,99.44934845
St. Vincent and the Grenadines,VCT,Access to electricity (% of population),EG.ELC.ACCS.ZS,1998,77.1829071
"Venezuela, RB",VEN,Access to electricity (% of population),EG.ELC.ACCS.ZS,1998,98.4
British Virgin Islands,VGB,Access to electricity (% of population),EG.ELC.ACCS.ZS,1998,96.31312561
Virgin Islands (U.S.),VIR,Access to electricity (% of population),EG.ELC.ACCS.ZS,1998,100.0
Viet Nam,VNM,Access to electricity (% of population),EG.ELC.ACCS.ZS,1998,86.17598724
Vanuatu,VUT,Access to electricity (% of population),EG.ELC.ACCS.ZS,1998,18.48291779
World,WLD,Access to electricity (% of population),EG.ELC.ACCS.ZS,1998,73.20058085
Samoa,WSM,Access to electricity (% of population),EG.ELC.ACCS.ZS,1998,86.31274414
Kosovo,XKX,Access to electricity (% of population),EG.ELC.ACCS.ZS,1998,100.0
"Yemen, Rep.",YEM,Access to electricity (% of population),EG.ELC.ACCS.ZS,1998,46.79961014
South Africa,ZAF,Access to electricity (% of population),EG.ELC.ACCS.ZS,1998,64.9
Zambia,ZMB,Access to electricity (% of population),EG.ELC.ACCS.ZS,1998,19.0
Zimbabwe,ZWE,Access to electricity (% of population),EG.ELC.ACCS.ZS,1998,33.1038475
Aruba,ABW,Access to electricity (% of population),EG.ELC.ACCS.ZS,1999,100.0
Africa Western and Central,AFW,Access to electricity (% of population),EG.ELC.ACCS.ZS,1999,34.91895109
Albania,ALB,Access to electricity (% of population),EG.ELC.ACCS.ZS,1999,100.0
Andorra,AND,Access to electricity (% of population),EG.ELC.ACCS.ZS,1999,100.0
Arab World,ARB,Access to electricity (% of population),EG.ELC.ACCS.ZS,1999,78.15640434
United Arab Emirates,ARE,Access to electricity (% of population),EG.ELC.ACCS.ZS,1999,100.0
Argentina,ARG,Access to electricity (% of population),EG.ELC.ACCS.ZS,1999,95.13315582
Antigua and Barbuda,ATG,Access to electricity (% of population),EG.ELC.ACCS.ZS,1999,97.30335236
Australia,AUS,Access to electricity (% of population),EG.ELC.ACCS.ZS,1999,100.0
Austria,AUT,Access to electricity (% of population),EG.ELC.ACCS.ZS,1999,100.0
Azerbaijan,AZE,Access to electricity (% of population),EG.ELC.ACCS.ZS,1999,97.0
Burundi,BDI,Access to electricity (% of population),EG.ELC.ACCS.ZS,1999,2.070949316
Belgium,BEL,Access to electricity (% of population),EG.ELC.ACCS.ZS,1999,100.0
Benin,BEN,Access to electricity (% of population),EG.ELC.ACCS.ZS,1999,20.56204224
Burkina Faso,BFA,Access to electricity (% of population),EG.ELC.ACCS.ZS,1999,6.9
Bangladesh,BGD,Access to electricity (% of population),EG.ELC.ACCS.ZS,1999,29.54021454
Bulgaria,BGR,Access to electricity (% of population),EG.ELC.ACCS.ZS,1999,100.0
Bahrain,BHR,Access to electricity (% of population),EG.ELC.ACCS.ZS,1999,100.0
"Bahamas, The",BHS,Access to electricity (% of population),EG.ELC.ACCS.ZS,1999,100.0
Bosnia and Herzegovina,BIH,Access to electricity (% of population),EG.ELC.ACCS.ZS,1999,100.0
Belarus,BLR,Access to electricity (% of population),EG.ELC.ACCS.ZS,1999,100.0
Belize,BLZ,Access to electricity (% of population),EG.ELC.ACCS.ZS,1999,78.46138
Bermuda,BMU,Access to electricity (% of population),EG.ELC.ACCS.ZS,1999,100.0
Bolivia,BOL,Access to electricity (% of population),EG.ELC.ACCS.ZS,1999,70.929888
Brazil,BRA,Access to electricity (% of population),EG.ELC.ACCS.ZS,1999,94.76296
Barbados,BRB,Access to electricity (% of population),EG.ELC.ACCS.ZS,1999,100.0
Brunei Darussalam,BRN,Access to electricity (% of population),EG.ELC.ACCS.ZS,1999,100.0
Botswana,BWA,Access to electricity (% of population),EG.ELC.ACCS.ZS,1999,25.0527401
Central African Republic,CAF,Access to electricity (% of population),EG.ELC.ACCS.ZS,1999,4.807798386
Canada,CAN,Access to electricity (% of population),EG.ELC.ACCS.ZS,1999,100.0
Central Europe and the Baltics,CEB,Access to electricity (% of population),EG.ELC.ACCS.ZS,1999,100.0
Switzerland,CHE,Access to electricity (% of population),EG.ELC.ACCS.ZS,1999,100.0
Channel Islands,CHI,Access to electricity (% of population),EG.ELC.ACCS.ZS,1999,100.0
Chile,CHL,Access to electricity (% of population),EG.ELC.ACCS.ZS,1999,96.69554901
Cote d'Ivoire,CIV,Access to electricity (% of population),EG.ELC.ACCS.ZS,1999,48.2
Cameroon,CMR,Access to electricity (% of population),EG.ELC.ACCS.ZS,1999,40.70677567
Colombia,COL,Access to electricity (% of population),EG.ELC.ACCS.ZS,1999,94.1475296
Comoros,COM,Access to electricity (% of population),EG.ELC.ACCS.ZS,1999,37.42180252
Curacao,CUW,Access to electricity (% of population),EG.ELC.ACCS.ZS,1999,100.0
Cayman Islands,CYM,Access to electricity (% of population),EG.ELC.ACCS.ZS,1999,100.0
Cyprus,CYP,Access to electricity (% of population),EG.ELC.ACCS.ZS,1999,100.0
Czechia,CZE,Access to electricity (% of population),EG.ELC.ACCS.ZS,1999,100.0
Germany,DEU,Access to electricity (% of population),EG.ELC.ACCS.ZS,1999,100.0
Djibouti,DJI,Access to electricity (% of population),EG.ELC.ACCS.ZS,1999,56.34516907
Dominica,DMA,Access to electricity (% of population),EG.ELC.ACCS.ZS,1999,79.62191772
Denmark,DNK,Access to electricity (% of population),EG.ELC.ACCS.ZS,1999,100.0
Dominican Republic,DOM,Access to electricity (% of population),EG.ELC.ACCS.ZS,1999,91.0
Early-demographic dividend,EAR,Access to electricity (% of population),EG.ELC.ACCS.ZS,1999,66.08566383
Europe & Central Asia,ECS,Access to electricity (% of population),EG.ELC.ACCS.ZS,1999,99.86935334
Ecuador,ECU,Access to electricity (% of population),EG.ELC.ACCS.ZS,1999,93.071434
"Egypt, Arab Rep.",EGY,Access to electricity (% of population),EG.ELC.ACCS.ZS,1999,96.88573456
Euro area,EMU,Access to electricity (% of population),EG.ELC.ACCS.ZS,1999,100.0
Eritrea,ERI,Access to electricity (% of population),EG.ELC.ACCS.ZS,1999,28.09993553
Spain,ESP,Access to electricity (% of population),EG.ELC.ACCS.ZS,1999,100.0
Estonia,EST,Access to electricity (% of population),EG.ELC.ACCS.ZS,1999,100.0
European Union,EUU,Access to electricity (% of population),EG.ELC.ACCS.ZS,1999,100.0
Finland,FIN,Access to electricity (% of population),EG.ELC.ACCS.ZS,1999,100.0
Fiji,FJI,Access to electricity (% of population),EG.ELC.ACCS.ZS,1999,74.40281677
France,FRA,Access to electricity (% of population),EG.ELC.ACCS.ZS,1999,100.0
Faroe Islands,FRO,Access to electricity (% of population),EG.ELC.ACCS.ZS,1999,100.0
United Kingdom,GBR,Access to electricity (% of population),EG.ELC.ACCS.ZS,1999,100.0
Ghana,GHA,Access to electricity (% of population),EG.ELC.ACCS.ZS,1999,40.74053955
Gibraltar,GIB,Access to electricity (% of population),EG.ELC.ACCS.ZS,1999,100.0
Guinea,GIN,Access to electricity (% of population),EG.ELC.ACCS.ZS,1999,16.4
"Gambia, The",GMB,Access to electricity (% of population),EG.ELC.ACCS.ZS,1999,26.57294083
Greece,GRC,Access to electricity (% of population),EG.ELC.ACCS.ZS,1999,100.0
Grenada,GRD,Access to electricity (% of population),EG.ELC.ACCS.ZS,1999,85.52946472
Greenland,GRL,Access to electricity (% of population),EG.ELC.ACCS.ZS,1999,100.0
Guatemala,GTM,Access to electricity (% of population),EG.ELC.ACCS.ZS,1999,70.9
Guam,GUM,Access to electricity (% of population),EG.ELC.ACCS.ZS,1999,100.0
Guyana,GUY,Access to electricity (% of population),EG.ELC.ACCS.ZS,1999,73.86991882
High income,HIC,Access to electricity (% of population),EG.ELC.ACCS.ZS,1999,99.88575406
"Hong Kong SAR, China",HKG,Access to electricity (% of population),EG.ELC.ACCS.ZS,1999,100.0
Honduras,HND,Access to electricity (% of population),EG.ELC.ACCS.ZS,1999,67.394103
Croatia,HRV,Access to electricity (% of population),EG.ELC.ACCS.ZS,1999,100.0
Haiti,HTI,Access to electricity (% of population),EG.ELC.ACCS.ZS,1999,31.63207245
Hungary,HUN,Access to electricity (% of population),EG.ELC.ACCS.ZS,1999,100.0
IDA total,IDA,Access to electricity (% of population),EG.ELC.ACCS.ZS,1999,38.34646519
IDA blend,IDB,Access to electricity (% of population),EG.ELC.ACCS.ZS,1999,55.45581992
Indonesia,IDN,Access to electricity (% of population),EG.ELC.ACCS.ZS,1999,83.73
Isle of Man,IMN,Access to electricity (% of population),EG.ELC.ACCS.ZS,1999,100.0
India,IND,Access to electricity (% of population),EG.ELC.ACCS.ZS,1999,60.1
Ireland,IRL,Access to electricity (% of population),EG.ELC.ACCS.ZS,1999,100.0
Iceland,ISL,Access to electricity (% of population),EG.ELC.ACCS.ZS,1999,100.0
Israel,ISR,Access to electricity (% of population),EG.ELC.ACCS.ZS,1999,100.0
Italy,ITA,Access to electricity (% of population),EG.ELC.ACCS.ZS,1999,100.0
Jamaica,JAM,Access to electricity (% of population),EG.ELC.ACCS.ZS,1999,84.554112
Jordan,JOR,Access to electricity (% of population),EG.ELC.ACCS.ZS,1999,98.75891113
Japan,JPN,Access to electricity (% of population),EG.ELC.ACCS.ZS,1999,100.0
Kazakhstan,KAZ,Access to electricity (% of population),EG.ELC.ACCS.ZS,1999,97.0
Kenya,KEN,Access to electricity (% of population),EG.ELC.ACCS.ZS,1999,13.20889187
Kyrgyz Republic,KGZ,Access to electricity (% of population),EG.ELC.ACCS.ZS,1999,99.56558228
Cambodia,KHM,Access to electricity (% of population),EG.ELC.ACCS.ZS,1999,8.820036888
St. Kitts and Nevis,KNA,Access to electricity (% of population),EG.ELC.ACCS.ZS,1999,94.52799225
"Korea, Rep.",KOR,Access to electricity (% of population),EG.ELC.ACCS.ZS,1999,100.0
Kuwait,KWT,Access to electricity (% of population),EG.ELC.ACCS.ZS,1999,100.0
Latin America & Caribbean (excluding high income),LAC,Access to electricity (% of population),EG.ELC.ACCS.ZS,1999,91.04596697
Lao PDR,LAO,Access to electricity (% of population),EG.ELC.ACCS.ZS,1999,39.68328476
Latin America & Caribbean,LCN,Access to electricity (% of population),EG.ELC.ACCS.ZS,1999,91.25763829
Liechtenstein,LIE,Access to electricity (% of population),EG.ELC.ACCS.ZS,1999,100.0
Lower middle income,LMC,Access to electricity (% of population),EG.ELC.ACCS.ZS,1999,56.61360309
Lithuania,LTU,Access to electricity (% of population),EG.ELC.ACCS.ZS,1999,100.0
Luxembourg,LUX,Access to electricity (% of population),EG.ELC.ACCS.ZS,1999,100.0
Latvia,LVA,Access to electricity (% of population),EG.ELC.ACCS.ZS,1999,100.0
"Macao SAR, China",MAC,Access to electricity (% of population),EG.ELC.ACCS.ZS,1999,100.0
St. Martin (French part),MAF,Access to electricity (% of population),EG.ELC.ACCS.ZS,1999,100.0
Morocco,MAR,Access to electricity (% of population),EG.ELC.ACCS.ZS,1999,67.74585724
Monaco,MCO,Access to electricity (% of population),EG.ELC.ACCS.ZS,1999,100.0
Moldova,MDA,Access to electricity (% of population),EG.ELC.ACCS.ZS,1999,100.0
Madagascar,MDG,Access to electricity (% of population),EG.ELC.ACCS.ZS,1999,12.79750061
Mexico,MEX,Access to electricity (% of population),EG.ELC.ACCS.ZS,1999,96.74829865
Marshall Islands,MHL,Access to electricity (% of population),EG.ELC.ACCS.ZS,1999,68.52423588
North Macedonia,MKD,Access to electricity (% of population),EG.ELC.ACCS.ZS,1999,100.0
Mali,MLI,Access to electricity (% of population),EG.ELC.ACCS.ZS,1999,7.840343952
Malta,MLT,Access to electricity (% of population),EG.ELC.ACCS.ZS,1999,100.0
Montenegro,MNE,Access to electricity (% of population),EG.ELC.ACCS.ZS,1999,100.0
Northern Mariana Islands,MNP,Access to electricity (% of population),EG.ELC.ACCS.ZS,1999,100.0
Mozambique,MOZ,Access to electricity (% of population),EG.ELC.ACCS.ZS,1999,4.879123688
Mauritius,MUS,Access to electricity (% of population),EG.ELC.ACCS.ZS,1999,99.24550629
Malawi,MWI,Access to electricity (% of population),EG.ELC.ACCS.ZS,1999,4.26991272
North America,NAC,Access to electricity (% of population),EG.ELC.ACCS.ZS,1999,100.0
Namibia,NAM,Access to electricity (% of population),EG.ELC.ACCS.ZS,1999,33.99631119
New Caledonia,NCL,Access to electricity (% of population),EG.ELC.ACCS.ZS,1999,100.0
Niger,NER,Access to electricity (% of population),EG.ELC.ACCS.ZS,1999,7.325682163
Nigeria,NGA,Access to electricity (% of population),EG.ELC.ACCS.ZS,1999,44.9
Nicaragua,NIC,Access to electricity (% of population),EG.ELC.ACCS.ZS,1999,72.20012665
Netherlands,NLD,Access to electricity (% of population),EG.ELC.ACCS.ZS,1999,100.0
Norway,NOR,Access to electricity (% of population),EG.ELC.ACCS.ZS,1999,100.0
Nepal,NPL,Access to electricity (% of population),EG.ELC.ACCS.ZS,1999,25.32735443
Naoero,NRU,Access to electricity (% of population),EG.ELC.ACCS.ZS,1999,99.32100677
New Zealand,NZL,Access to electricity (% of population),EG.ELC.ACCS.ZS,1999,100.0
OECD members,OED,Access to electricity (% of population),EG.ELC.ACCS.ZS,1999,99.47435657
Oman,OMN,Access to electricity (% of population),EG.ELC.ACCS.ZS,1999,100.0
Pakistan,PAK,Access to electricity (% of population),EG.ELC.ACCS.ZS,1999,70.26535034
Panama,PAN,Access to electricity (% of population),EG.ELC.ACCS.ZS,1999,79.88595581
Peru,PER,Access to electricity (% of population),EG.ELC.ACCS.ZS,1999,74.078523
Philippines,PHL,Access to electricity (% of population),EG.ELC.ACCS.ZS,1999,71.87417093
Palau,PLW,Access to electricity (% of population),EG.ELC.ACCS.ZS,1999,97.80337524
Papua New Guinea,PNG,Access to electricity (% of population),EG.ELC.ACCS.ZS,1999,6.426855087
Poland,POL,Access to electricity (% of population),EG.ELC.ACCS.ZS,1999,100.0
Pre-demographic dividend,PRE,Access to electricity (% of population),EG.ELC.ACCS.ZS,1999,25.03423719
Puerto Rico (US),PRI,Access to electricity (% of population),EG.ELC.ACCS.ZS,1999,100.0
Portugal,PRT,Access to electricity (% of population),EG.ELC.ACCS.ZS,1999,100.0
Paraguay,PRY,Access to electricity (% of population),EG.ELC.ACCS.ZS,1999,88.518177
West Bank and Gaza,PSE,Access to electricity (% of population),EG.ELC.ACCS.ZS,1999,98.62315369
Pacific island small states,PSS,Access to electricity (% of population),EG.ELC.ACCS.ZS,1999,56.91142468
Post-demographic dividend,PST,Access to electricity (% of population),EG.ELC.ACCS.ZS,1999,99.99980232
French Polynesia,PYF,Access to electricity (% of population),EG.ELC.ACCS.ZS,1999,100.0
Qatar,QAT,Access to electricity (% of population),EG.ELC.ACCS.ZS,1999,100.0
Romania,ROU,Access to electricity (% of population),EG.ELC.ACCS.ZS,1999,100.0
Russian Federation,RUS,Access to electricity (% of population),EG.ELC.ACCS.ZS,1999,100.0
Rwanda,RWA,Access to electricity (% of population),EG.ELC.ACCS.ZS,1999,3.31557703
South Asia,SAS,Access to electricity (% of population),EG.ELC.ACCS.ZS,1999,56.0177412
Saudi Arabia,SAU,Access to electricity (% of population),EG.ELC.ACCS.ZS,1999,100.0
Sudan,SDN,Access to electricity (% of population),EG.ELC.ACCS.ZS,1999,30.77675629
Senegal,SEN,Access to electricity (% of population),EG.ELC.ACCS.ZS,1999,36.2
Singapore,SGP,Access to electricity (% of population),EG.ELC.ACCS.ZS,1999,100.0
Solomon Islands,SLB,Access to electricity (% of population),EG.ELC.ACCS.ZS,1999,15.7
El Salvador,SLV,Access to electricity (% of population),EG.ELC.ACCS.ZS,1999,79.129592
San Marino,SMR,Access to electricity (% of population),EG.ELC.ACCS.ZS,1999,100.0
Serbia,SRB,Access to electricity (% of population),EG.ELC.ACCS.ZS,1999,100.0
Sub-Saharan Africa (excluding high income),SSA,Access to electricity (% of population),EG.ELC.ACCS.ZS,1999,30.13870025
Sub-Saharan Africa,SSF,Access to electricity (% of population),EG.ELC.ACCS.ZS,1999,30.1489321
Small states,SST,Access to electricity (% of population),EG.ELC.ACCS.ZS,1999,83.67551125
Suriname,SUR,Access to electricity (% of population),EG.ELC.ACCS.ZS,1999,99.62406
Slovak Republic,SVK,Access to electricity (% of population),EG.ELC.ACCS.ZS,1999,100.0
Slovenia,SVN,Access to electricity (% of population),EG.ELC.ACCS.ZS,1999,100.0
Sweden,SWE,Access to electricity (% of population),EG.ELC.ACCS.ZS,1999,100.0
Sint Maarten (Dutch part),SXM,Access to electricity (% of population),EG.ELC.ACCS.ZS,1999,100.0
Seychelles,SYC,Access to electricity (% of population),EG.ELC.ACCS.ZS,1999,93.66580963
Turks and Caicos Islands,TCA,Access to electricity (% of population),EG.ELC.ACCS.ZS,1999,94.07837677
Chad,TCD,Access to electricity (% of population),EG.ELC.ACCS.ZS,1999,2.806213379
Europe & Central Asia (IDA & IBRD countries),TEC,Access to electricity (% of population),EG.ELC.ACCS.ZS,1999,99.71583534
Togo,TGO,Access to electricity (% of population),EG.ELC.ACCS.ZS,1999,16.07299995
Tajikistan,TJK,Access to electricity (% of population),EG.ELC.ACCS.ZS,1999,97.0
Latin America & the Caribbean (IDA & IBRD countries),TLA,Access to electricity (% of population),EG.ELC.ACCS.ZS,1999,91.17632589
Tonga,TON,Access to electricity (% of population),EG.ELC.ACCS.ZS,1999,84.82884216
South Asia (IDA & IBRD),TSA,Access to electricity (% of population),EG.ELC.ACCS.ZS,1999,56.0177412
Sub-Saharan Africa (IDA & IBRD countries),TSS,Access to electricity (% of population),EG.ELC.ACCS.ZS,1999,30.1489321
Tunisia,TUN,Access to electricity (% of population),EG.ELC.ACCS.ZS,1999,94.2
Tanzania,TZA,Access to electricity (% of population),EG.ELC.ACCS.ZS,1999,8.0
Uganda,UGA,Access to electricity (% of population),EG.ELC.ACCS.ZS,1999,6.199634075
Ukraine,UKR,Access to electricity (% of population),EG.ELC.ACCS.ZS,1999,100.0
Uruguay,URY,Access to electricity (% of population),EG.ELC.ACCS.ZS,1999,97.39511108
United States,USA,Access to electricity (% of population),EG.ELC.ACCS.ZS,1999,100.0
Uzbekistan,UZB,Access to electricity (% of population),EG.ELC.ACCS.ZS,1999,99.51411438
St. Vincent and the Grenadines,VCT,Access to electricity (% of population),EG.ELC.ACCS.ZS,1999,78.51487732
"Venezuela, RB",VEN,Access to electricity (% of population),EG.ELC.ACCS.ZS,1999,98.9
British Virgin Islands,VGB,Access to electricity (% of population),EG.ELC.ACCS.ZS,1999,96.51207733
Virgin Islands (U.S.),VIR,Access to electricity (% of population),EG.ELC.ACCS.ZS,1999,100.0
Viet Nam,VNM,Access to electricity (% of population),EG.ELC.ACCS.ZS,1999,86.99443817
Vanuatu,VUT,Access to electricity (% of population),EG.ELC.ACCS.ZS,1999,19.1
World,WLD,Access to electricity (% of population),EG.ELC.ACCS.ZS,1999,74.50785828
Samoa,WSM,Access to electricity (% of population),EG.ELC.ACCS.ZS,1999,87.07872772
Kosovo,XKX,Access to electricity (% of population),EG.ELC.ACCS.ZS,1999,100.0
"Yemen, Rep.",YEM,Access to electricity (% of population),EG.ELC.ACCS.ZS,1999,47.99294662
South Africa,ZAF,Access to electricity (% of population),EG.ELC.ACCS.ZS,1999,71.33178711
Zambia,ZMB,Access to electricity (% of population),EG.ELC.ACCS.ZS,1999,18.54024506
Zimbabwe,ZWE,Access to electricity (% of population),EG.ELC.ACCS.ZS,1999,38.4
Aruba,ABW,Access to electricity (% of population),EG.ELC.ACCS.ZS,2000,91.7
Africa Eastern and Southern,AFE,Access to electricity (% of population),EG.ELC.ACCS.ZS,2000,19.91725633
Afghanistan,AFG,Access to electricity (% of population),EG.ELC.ACCS.ZS,2000,4.4
Africa Western and Central,AFW,Access to electricity (% of population),EG.ELC.ACCS.ZS,2000,34.26883746
Angola,AGO,Access to electricity (% of population),EG.ELC.ACCS.ZS,2000,24.2
Albania,ALB,Access to electricity (% of population),EG.ELC.ACCS.ZS,2000,99.4
Andorra,AND,Access to electricity (% of population),EG.ELC.ACCS.ZS,2000,100.0
Arab World,ARB,Access to electricity (% of population),EG.ELC.ACCS.ZS,2000,80.45866726
United Arab Emirates,ARE,Access to electricity (% of population),EG.ELC.ACCS.ZS,2000,100.0
Argentina,ARG,Access to electricity (% of population),EG.ELC.ACCS.ZS,2000,95.7
Armenia,ARM,Access to electricity (% of population),EG.ELC.ACCS.ZS,2000,98.9
Antigua and Barbuda,ATG,Access to electricity (% of population),EG.ELC.ACCS.ZS,2000,97.7
Australia,AUS,Access to electricity (% of population),EG.ELC.ACCS.ZS,2000,100.0
Austria,AUT,Access to electricity (% of population),EG.ELC.ACCS.ZS,2000,100.0
Azerbaijan,AZE,Access to electricity (% of population),EG.ELC.ACCS.ZS,2000,98.9
Burundi,BDI,Access to electricity (% of population),EG.ELC.ACCS.ZS,2000,2.5
Belgium,BEL,Access to electricity (% of population),EG.ELC.ACCS.ZS,2000,100.0
Benin,BEN,Access to electricity (% of population),EG.ELC.ACCS.ZS,2000,21.5
Burkina Faso,BFA,Access to electricity (% of population),EG.ELC.ACCS.ZS,2000,9.1
Bangladesh,BGD,Access to electricity (% of population),EG.ELC.ACCS.ZS,2000,32.0
Bulgaria,BGR,Access to electricity (% of population),EG.ELC.ACCS.ZS,2000,88.1
Bahrain,BHR,Access to electricity (% of population),EG.ELC.ACCS.ZS,2000,100.0
"Bahamas, The",BHS,Access to electricity (% of population),EG.ELC.ACCS.ZS,2000,100.0
Bosnia and Herzegovina,BIH,Access to electricity (% of population),EG.ELC.ACCS.ZS,2000,99.0
Belarus,BLR,Access to electricity (% of population),EG.ELC.ACCS.ZS,2000,89.0
Belize,BLZ,Access to electricity (% of population),EG.ELC.ACCS.ZS,2000,79.0
Bermuda,BMU,Access to electricity (% of population),EG.ELC.ACCS.ZS,2000,100.0
Bolivia,BOL,Access to electricity (% of population),EG.ELC.ACCS.ZS,2000,70.0
Brazil,BRA,Access to electricity (% of population),EG.ELC.ACCS.ZS,2000,94.4
Barbados,BRB,Access to electricity (% of population),EG.ELC.ACCS.ZS,2000,100.0
Brunei Darussalam,BRN,Access to electricity (% of population),EG.ELC.ACCS.ZS,2000,100.0
Bhutan,BTN,Access to electricity (% of population),EG.ELC.ACCS.ZS,2000,31.1
Botswana,BWA,Access to electricity (% of population),EG.ELC.ACCS.ZS,2000,26.5
Central African Republic,CAF,Access to electricity (% of population),EG.ELC.ACCS.ZS,2000,6.0
Canada,CAN,Access to electricity (% of population),EG.ELC.ACCS.ZS,2000,100.0
Central Europe and the Baltics,CEB,Access to electricity (% of population),EG.ELC.ACCS.ZS,2000,97.92626353
Switzerland,CHE,Access to electricity (% of population),EG.ELC.ACCS.ZS,2000,100.0
Channel Islands,CHI,Access to electricity (% of population),EG.ELC.ACCS.ZS,2000,100.0
Chile,CHL,Access to electricity (% of population),EG.ELC.ACCS.ZS,2000,97.9
China,CHN,Access to electricity (% of population),EG.ELC.ACCS.ZS,2000,96.7
Cote d'Ivoire,CIV,Access to electricity (% of population),EG.ELC.ACCS.ZS,2000,48.7
Cameroon,CMR,Access to electricity (% of population),EG.ELC.ACCS.ZS,2000,41.0
"Congo, Dem. Rep.",COD,Access to electricity (% of population),EG.ELC.ACCS.ZS,2000,6.7
"Congo, Rep.",COG,Access to electricity (% of population),EG.ELC.ACCS.ZS,2000,29.4
Colombia,COL,Access to electricity (% of population),EG.ELC.ACCS.ZS,2000,95.2
Comoros,COM,Access to electricity (% of population),EG.ELC.ACCS.ZS,2000,39.8
Cabo Verde,CPV,Access to electricity (% of population),EG.ELC.ACCS.ZS,2000,58.6
Costa Rica,CRI,Access to electricity (% of population),EG.ELC.ACCS.ZS,2000,96.9
Caribbean small states,CSS,Access to electricity (% of population),EG.ELC.ACCS.ZS,2000,88.41592898
Cuba,CUB,Access to electricity (% of population),EG.ELC.ACCS.ZS,2000,97.0
Curacao,CUW,Access to electricity (% of population),EG.ELC.ACCS.ZS,2000,100.0
Cayman Islands,CYM,Access to electricity (% of population),EG.ELC.ACCS.ZS,2000,100.0
Cyprus,CYP,Access to electricity (% of population),EG.ELC.ACCS.ZS,2000,100.0
Czechia,CZE,Access to electricity (% of population),EG.ELC.ACCS.ZS,2000,100.0
Germany,DEU,Access to electricity (% of population),EG.ELC.ACCS.ZS,2000,100.0
Djibouti,DJI,Access to electricity (% of population),EG.ELC.ACCS.ZS,2000,56.0
Dominica,DMA,Access to electricity (% of population),EG.ELC.ACCS.ZS,2000,81.1
Denmark,DNK,Access to electricity (% of population),EG.ELC.ACCS.ZS,2000,100.0
Dominican Republic,DOM,Access to electricity (% of population),EG.ELC.ACCS.ZS,2000,88.8
Algeria,DZA,Access to electricity (% of population),EG.ELC.ACCS.ZS,2000,98.6
East Asia & Pacific (excluding high income),EAP,Access to electricity (% of population),EG.ELC.ACCS.ZS,2000,91.13814447
Early-demographic dividend,EAR,Access to electricity (% of population),EG.ELC.ACCS.ZS,2000,67.50046483
East Asia & Pacific,EAS,Access to electricity (% of population),EG.ELC.ACCS.ZS,2000,92.06181443
Europe & Central Asia (excluding high income),ECA,Access to electricity (% of population),EG.ELC.ACCS.ZS,2000,99.00037027
Europe & Central Asia,ECS,Access to electricity (% of population),EG.ELC.ACCS.ZS,2000,99.11530706
Ecuador,ECU,Access to electricity (% of population),EG.ELC.ACCS.ZS,2000,93.7
"Egypt, Arab Rep.",EGY,Access to electricity (% of population),EG.ELC.ACCS.ZS,2000,97.7
Euro area,EMU,Access to electricity (% of population),EG.ELC.ACCS.ZS,2000,99.70292362
Eritrea,ERI,Access to electricity (% of population),EG.ELC.ACCS.ZS,2000,29.3
Spain,ESP,Access to electricity (% of population),EG.ELC.ACCS.ZS,2000,100.0
Estonia,EST,Access to electricity (% of population),EG.ELC.ACCS.ZS,2000,100.0
Ethiopia,ETH,Access to electricity (% of population),EG.ELC.ACCS.ZS,2000,12.7
European Union,EUU,Access to electricity (% of population),EG.ELC.ACCS.ZS,2000,99.47618986
Finland,FIN,Access to electricity (% of population),EG.ELC.ACCS.ZS,2000,100.0
Fiji,FJI,Access to electricity (% of population),EG.ELC.ACCS.ZS,2000,76.8
France,FRA,Access to electricity (% of population),EG.ELC.ACCS.ZS,2000,100.0
Faroe Islands,FRO,Access to electricity (% of population),EG.ELC.ACCS.ZS,2000,100.0
"Micronesia, Fed. Sts.",FSM,Access to electricity (% of population),EG.ELC.ACCS.ZS,2000,46.0
Gabon,GAB,Access to electricity (% of population),EG.ELC.ACCS.ZS,2000,73.6
United Kingdom,GBR,Access to electricity (% of population),EG.ELC.ACCS.ZS,2000,100.0
Georgia,GEO,Access to electricity (% of population),EG.ELC.ACCS.ZS,2000,99.8
Ghana,GHA,Access to electricity (% of population),EG.ELC.ACCS.ZS,2000,43.7
Gibraltar,GIB,Access to electricity (% of population),EG.ELC.ACCS.ZS,2000,99.9
Guinea,GIN,Access to electricity (% of population),EG.ELC.ACCS.ZS,2000,15.2
"Gambia, The",GMB,Access to electricity (% of population),EG.ELC.ACCS.ZS,2000,34.3
Equatorial Guinea,GNQ,Access to electricity (% of population),EG.ELC.ACCS.ZS,2000,64.8
Greece,GRC,Access to electricity (% of population),EG.ELC.ACCS.ZS,2000,100.0
Grenada,GRD,Access to electricity (% of population),EG.ELC.ACCS.ZS,2000,86.0
Greenland,GRL,Access to electricity (% of population),EG.ELC.ACCS.ZS,2000,100.0
Guatemala,GTM,Access to electricity (% of population),EG.ELC.ACCS.ZS,2000,73.3
Guam,GUM,Access to electricity (% of population),EG.ELC.ACCS.ZS,2000,100.0
Guyana,GUY,Access to electricity (% of population),EG.ELC.ACCS.ZS,2000,74.6
High income,HIC,Access to electricity (% of population),EG.ELC.ACCS.ZS,2000,99.44164311
"Hong Kong SAR, China",HKG,Access to electricity (% of population),EG.ELC.ACCS.ZS,2000,100.0
Honduras,HND,Access to electricity (% of population),EG.ELC.ACCS.ZS,2000,67.4
Heavily indebted poor countries (HIPC),HPC,Access to electricity (% of population),EG.ELC.ACCS.ZS,2000,17.82509388
Croatia,HRV,Access to electricity (% of population),EG.ELC.ACCS.ZS,2000,100.0
Haiti,HTI,Access to electricity (% of population),EG.ELC.ACCS.ZS,2000,33.7
Hungary,HUN,Access to electricity (% of population),EG.ELC.ACCS.ZS,2000,100.0
IBRD only,IBD,Access to electricity (% of population),EG.ELC.ACCS.ZS,2000,84.55142004
IDA & IBRD total,IBT,Access to electricity (% of population),EG.ELC.ACCS.ZS,2000,73.96940208
IDA total,IDA,Access to electricity (% of population),EG.ELC.ACCS.ZS,2000,36.36895826
IDA blend,IDB,Access to electricity (% of population),EG.ELC.ACCS.ZS,2000,55.6481108
Indonesia,IDN,Access to electricity (% of population),EG.ELC.ACCS.ZS,2000,86.3
IDA only,IDX,Access to electricity (% of population),EG.ELC.ACCS.ZS,2000,25.91583845
Isle of Man,IMN,Access to electricity (% of population),EG.ELC.ACCS.ZS,2000,100.0
India,IND,Access to electricity (% of population),EG.ELC.ACCS.ZS,2000,60.3
Ireland,IRL,Access to electricity (% of population),EG.ELC.ACCS.ZS,2000,100.0
"Iran, Islamic Rep.",IRN,Access to electricity (% of population),EG.ELC.ACCS.ZS,2000,97.9
Iraq,IRQ,Access to electricity (% of population),EG.ELC.ACCS.ZS,2000,96.8
Iceland,ISL,Access to electricity (% of population),EG.ELC.ACCS.ZS,2000,100.0
Israel,ISR,Access to electricity (% of population),EG.ELC.ACCS.ZS,2000,100.0
Italy,ITA,Access to electricity (% of population),EG.ELC.ACCS.ZS,2000,100.0
Jamaica,JAM,Access to electricity (% of population),EG.ELC.ACCS.ZS,2000,84.4
Jordan,JOR,Access to electricity (% of population),EG.ELC.ACCS.ZS,2000,99.0
Japan,JPN,Access to electricity (% of population),EG.ELC.ACCS.ZS,2000,100.0
Kazakhstan,KAZ,Access to electricity (% of population),EG.ELC.ACCS.ZS,2000,99.6
Kenya,KEN,Access to electricity (% of population),EG.ELC.ACCS.ZS,2000,15.2
Kyrgyz Republic,KGZ,Access to electricity (% of population),EG.ELC.ACCS.ZS,2000,99.6
Cambodia,KHM,Access to electricity (% of population),EG.ELC.ACCS.ZS,2000,16.6
Kiribati,KIR,Access to electricity (% of population),EG.ELC.ACCS.ZS,2000,55.6
St. Kitts and Nevis,KNA,Access to electricity (% of population),EG.ELC.ACCS.ZS,2000,95.4
"Korea, Rep.",KOR,Access to electricity (% of population),EG.ELC.ACCS.ZS,2000,100.0
Kuwait,KWT,Access to electricity (% of population),EG.ELC.ACCS.ZS,2000,100.0
Latin America & Caribbean (excluding high income),LAC,Access to electricity (% of population),EG.ELC.ACCS.ZS,2000,91.46897953
Lao PDR,LAO,Access to electricity (% of population),EG.ELC.ACCS.ZS,2000,42.6
Lebanon,LBN,Access to electricity (% of population),EG.ELC.ACCS.ZS,2000,99.3
Libya,LBY,Access to electricity (% of population),EG.ELC.ACCS.ZS,2000,99.8
St. Lucia,LCA,Access to electricity (% of population),EG.ELC.ACCS.ZS,2000,86.0
Latin America & Caribbean,LCN,Access to electricity (% of population),EG.ELC.ACCS.ZS,2000,91.73608643
Least developed countries: UN classification,LDC,Access to electricity (% of population),EG.ELC.ACCS.ZS,2000,20.22978889
Low income,LIC,Access to electricity (% of population),EG.ELC.ACCS.ZS,2000,15.87151397
Liechtenstein,LIE,Access to electricity (% of population),EG.ELC.ACCS.ZS,2000,100.0
Sri Lanka,LKA,Access to electricity (% of population),EG.ELC.ACCS.ZS,2000,70.3
Lower middle income,LMC,Access to electricity (% of population),EG.ELC.ACCS.ZS,2000,56.51870623
Low & middle income,LMY,Access to electricity (% of population),EG.ELC.ACCS.ZS,2000,72.85141987
Lesotho,LSO,Access to electricity (% of population),EG.ELC.ACCS.ZS,2000,4.3
Late-demographic dividend,LTE,Access to electricity (% of population),EG.ELC.ACCS.ZS,2000,95.25130389
Lithuania,LTU,Access to electricity (% of population),EG.ELC.ACCS.ZS,2000,99.5
Luxembourg,LUX,Access to electricity (% of population),EG.ELC.ACCS.ZS,2000,100.0
Latvia,LVA,Access to electricity (% of population),EG.ELC.ACCS.ZS,2000,99.9
"Macao SAR, China",MAC,Access to electricity (% of population),EG.ELC.ACCS.ZS,2000,100.0
St. Martin (French part),MAF,Access to electricity (% of population),EG.ELC.ACCS.ZS,2000,100.0
Morocco,MAR,Access to electricity (% of population),EG.ELC.ACCS.ZS,2000,69.8
Monaco,MCO,Access to electricity (% of population),EG.ELC.ACCS.ZS,2000,100.0
Moldova,MDA,Access to electricity (% of population),EG.ELC.ACCS.ZS,2000,98.7
Madagascar,MDG,Access to electricity (% of population),EG.ELC.ACCS.ZS,2000,12.6
Maldives,MDV,Access to electricity (% of population),EG.ELC.ACCS.ZS,2000,83.8
"Middle East, North Africa, Afghanistan & Pakistan",MEA,Access to electricity (% of population),EG.ELC.ACCS.ZS,2000,82.5699139
Mexico,MEX,Access to electricity (% of population),EG.ELC.ACCS.ZS,2000,98.0
Marshall Islands,MHL,Access to electricity (% of population),EG.ELC.ACCS.ZS,2000,68.6
Middle income,MIC,Access to electricity (% of population),EG.ELC.ACCS.ZS,2000,77.27806972
North Macedonia,MKD,Access to electricity (% of population),EG.ELC.ACCS.ZS,2000,99.0
Mali,MLI,Access to electricity (% of population),EG.ELC.ACCS.ZS,2000,9.6
Malta,MLT,Access to electricity (% of population),EG.ELC.ACCS.ZS,2000,100.0
Myanmar,MMR,Access to electricity (% of population),EG.ELC.ACCS.ZS,2000,41.9
"Middle East, North Africa, Afghanistan & Pakistan (excluding high income)",MNA,Access to electricity (% of population),EG.ELC.ACCS.ZS,2000,81.37009395
Montenegro,MNE,Access to electricity (% of population),EG.ELC.ACCS.ZS,2000,99.1
Mongolia,MNG,Access to electricity (% of population),EG.ELC.ACCS.ZS,2000,67.3
Northern Mariana Islands,MNP,Access to electricity (% of population),EG.ELC.ACCS.ZS,2000,100.0
Mozambique,MOZ,Access to electricity (% of population),EG.ELC.ACCS.ZS,2000,6.1
Mauritania,MRT,Access to electricity (% of population),EG.ELC.ACCS.ZS,2000,19.1
Mauritius,MUS,Access to electricity (% of population),EG.ELC.ACCS.ZS,2000,99.0
Malawi,MWI,Access to electricity (% of population),EG.ELC.ACCS.ZS,2000,4.8
Malaysia,MYS,Access to electricity (% of population),EG.ELC.ACCS.ZS,2000,98.6
North America,NAC,Access to electricity (% of population),EG.ELC.ACCS.ZS,2000,100.0
Namibia,NAM,Access to electricity (% of population),EG.ELC.ACCS.ZS,2000,36.5
New Caledonia,NCL,Access to electricity (% of population),EG.ELC.ACCS.ZS,2000,100.0
Niger,NER,Access to electricity (% of population),EG.ELC.ACCS.ZS,2000,6.5
Nigeria,NGA,Access to electricity (% of population),EG.ELC.ACCS.ZS,2000,43.2
Nicaragua,NIC,Access to electricity (% of population),EG.ELC.ACCS.ZS,2000,73.0
Netherlands,NLD,Access to electricity (% of population),EG.ELC.ACCS.ZS,2000,100.0
Norway,NOR,Access to electricity (% of population),EG.ELC.ACCS.ZS,2000,100.0
Nepal,NPL,Access to electricity (% of population),EG.ELC.ACCS.ZS,2000,29.9
Naoero,NRU,Access to electricity (% of population),EG.ELC.ACCS.ZS,2000,99.1
New Zealand,NZL,Access to electricity (% of population),EG.ELC.ACCS.ZS,2000,100.0
OECD members,OED,Access to electricity (% of population),EG.ELC.ACCS.ZS,2000,99.63552913
Oman,OMN,Access to electricity (% of population),EG.ELC.ACCS.ZS,2000,100.0
Other small states,OSS,Access to electricity (% of population),EG.ELC.ACCS.ZS,2000,71.11329567
Pakistan,PAK,Access to electricity (% of population),EG.ELC.ACCS.ZS,2000,72.8
Panama,PAN,Access to electricity (% of population),EG.ELC.ACCS.ZS,2000,81.4
Peru,PER,Access to electricity (% of population),EG.ELC.ACCS.ZS,2000,72.5
Philippines,PHL,Access to electricity (% of population),EG.ELC.ACCS.ZS,2000,74.7
Palau,PLW,Access to electricity (% of population),EG.ELC.ACCS.ZS,2000,97.9
Papua New Guinea,PNG,Access to electricity (% of population),EG.ELC.ACCS.ZS,2000,12.4
Poland,POL,Access to electricity (% of population),EG.ELC.ACCS.ZS,2000,100.0
Pre-demographic dividend,PRE,Access to electricity (% of population),EG.ELC.ACCS.ZS,2000,24.87736488
Puerto Rico (US),PRI,Access to electricity (% of population),EG.ELC.ACCS.ZS,2000,100.0
Portugal,PRT,Access to electricity (% of population),EG.ELC.ACCS.ZS,2000,100.0
Paraguay,PRY,Access to electricity (% of population),EG.ELC.ACCS.ZS,2000,89.6
West Bank and Gaza,PSE,Access to electricity (% of population),EG.ELC.ACCS.ZS,2000,99.7
Pacific island small states,PSS,Access to electricity (% of population),EG.ELC.ACCS.ZS,2000,55.28751808
Post-demographic dividend,PST,Access to electricity (% of population),EG.ELC.ACCS.ZS,2000,99.71501664
French Polynesia,PYF,Access to electricity (% of population),EG.ELC.ACCS.ZS,2000,100.0
Qatar,QAT,Access to electricity (% of population),EG.ELC.ACCS.ZS,2000,100.0
Romania,ROU,Access to electricity (% of population),EG.ELC.ACCS.ZS,2000,94.4
Russian Federation,RUS,Access to electricity (% of population),EG.ELC.ACCS.ZS,2000,97.8
Rwanda,RWA,Access to electricity (% of population),EG.ELC.ACCS.ZS,2000,6.2
South Asia,SAS,Access to electricity (% of population),EG.ELC.ACCS.ZS,2000,56.76642468
Saudi Arabia,SAU,Access to electricity (% of population),EG.ELC.ACCS.ZS,2000,100.0
Sudan,SDN,Access to electricity (% of population),EG.ELC.ACCS.ZS,2000,23.0
Senegal,SEN,Access to electricity (% of population),EG.ELC.ACCS.ZS,2000,37.7
Singapore,SGP,Access to electricity (% of population),EG.ELC.ACCS.ZS,2000,100.0
Solomon Islands,SLB,Access to electricity (% of population),EG.ELC.ACCS.ZS,2000,4.7
Sierra Leone,SLE,Access to electricity (% of population),EG.ELC.ACCS.ZS,2000,7.7
El Salvador,SLV,Access to electricity (% of population),EG.ELC.ACCS.ZS,2000,84.5
San Marino,SMR,Access to electricity (% of population),EG.ELC.ACCS.ZS,2000,100.0
"Somalia, Fed. Rep.",SOM,Access to electricity (% of population),EG.ELC.ACCS.ZS,2000,2.1
Serbia,SRB,Access to electricity (% of population),EG.ELC.ACCS.ZS,2000,99.9
Sub-Saharan Africa (excluding high income),SSA,Access to electricity (% of population),EG.ELC.ACCS.ZS,2000,25.69712107
Sub-Saharan Africa,SSF,Access to electricity (% of population),EG.ELC.ACCS.ZS,2000,25.70539696
Small states,SST,Access to electricity (% of population),EG.ELC.ACCS.ZS,2000,73.40209015
Sao Tome and Principe,STP,Access to electricity (% of population),EG.ELC.ACCS.ZS,2000,52.9
Suriname,SUR,Access to electricity (% of population),EG.ELC.ACCS.ZS,2000,95.4
Slovak Republic,SVK,Access to electricity (% of population),EG.ELC.ACCS.ZS,2000,100.0
Slovenia,SVN,Access to electricity (% of population),EG.ELC.ACCS.ZS,2000,100.0
Sweden,SWE,Access to electricity (% of population),EG.ELC.ACCS.ZS,2000,100.0
Eswatini,SWZ,Access to electricity (% of population),EG.ELC.ACCS.ZS,2000,20.4
Sint Maarten (Dutch part),SXM,Access to electricity (% of population),EG.ELC.ACCS.ZS,2000,100.0
Seychelles,SYC,Access to electricity (% of population),EG.ELC.ACCS.ZS,2000,94.1
Syrian Arab Republic,SYR,Access to electricity (% of population),EG.ELC.ACCS.ZS,2000,93.4
Turks and Caicos Islands,TCA,Access to electricity (% of population),EG.ELC.ACCS.ZS,2000,95.6
Chad,TCD,Access to electricity (% of population),EG.ELC.ACCS.ZS,2000,3.1
East Asia & Pacific (IDA & IBRD countries),TEA,Access to electricity (% of population),EG.ELC.ACCS.ZS,2000,91.13826179
Europe & Central Asia (IDA & IBRD countries),TEC,Access to electricity (% of population),EG.ELC.ACCS.ZS,2000,98.25472759
Togo,TGO,Access to electricity (% of population),EG.ELC.ACCS.ZS,2000,17.0
Thailand,THA,Access to electricity (% of population),EG.ELC.ACCS.ZS,2000,82.1
Tajikistan,TJK,Access to electricity (% of population),EG.ELC.ACCS.ZS,2000,98.5
Turkmenistan,TKM,Access to electricity (% of population),EG.ELC.ACCS.ZS,2000,99.6
Latin America & the Caribbean (IDA & IBRD countries),TLA,Access to electricity (% of population),EG.ELC.ACCS.ZS,2000,91.54650237
Timor-Leste,TLS,Access to electricity (% of population),EG.ELC.ACCS.ZS,2000,17.8
"Middle East, North Africa, Afghanistan & Pakistan (IDA & IBRD)",TMN,Access to electricity (% of population),EG.ELC.ACCS.ZS,2000,81.25366787
Tonga,TON,Access to electricity (% of population),EG.ELC.ACCS.ZS,2000,85.6
South Asia (IDA & IBRD),TSA,Access to electricity (% of population),EG.ELC.ACCS.ZS,2000,56.76642468
Sub-Saharan Africa (IDA & IBRD countries),TSS,Access to electricity (% of population),EG.ELC.ACCS.ZS,2000,25.70539696
Trinidad and Tobago,TTO,Access to electricity (% of population),EG.ELC.ACCS.ZS,2000,91.3
Tunisia,TUN,Access to electricity (% of population),EG.ELC.ACCS.ZS,2000,94.8
Turkiye,TUR,Access to electricity (% of population),EG.ELC.ACCS.ZS,2000,99.9
Tuvalu,TUV,Access to electricity (% of population),EG.ELC.ACCS.ZS,2000,94.6
Tanzania,TZA,Access to electricity (% of population),EG.ELC.ACCS.ZS,2000,8.7
Uganda,UGA,Access to electricity (% of population),EG.ELC.ACCS.ZS,2000,7.4
Ukraine,UKR,Access to electricity (% of population),EG.ELC.ACCS.ZS,2000,99.1
Upper middle income,UMC,Access to electricity (% of population),EG.ELC.ACCS.ZS,2000,93.38358928
Uruguay,URY,Access to electricity (% of population),EG.ELC.ACCS.ZS,2000,97.6
United States,USA,Access to electricity (% of population),EG.ELC.ACCS.ZS,2000,100.0
Uzbekistan,UZB,Access to electricity (% of population),EG.ELC.ACCS.ZS,2000,99.6
St. Vincent and the Grenadines,VCT,Access to electricity (% of population),EG.ELC.ACCS.ZS,2000,80.0
"Venezuela, RB",VEN,Access to electricity (% of population),EG.ELC.ACCS.ZS,2000,98.9
British Virgin Islands,VGB,Access to electricity (% of population),EG.ELC.ACCS.ZS,2000,97.1
Virgin Islands (U.S.),VIR,Access to electricity (% of population),EG.ELC.ACCS.ZS,2000,100.0
Viet Nam,VNM,Access to electricity (% of population),EG.ELC.ACCS.ZS,2000,88.2
Vanuatu,VUT,Access to electricity (% of population),EG.ELC.ACCS.ZS,2000,22.2
World,WLD,Access to electricity (% of population),EG.ELC.ACCS.ZS,2000,78.22496503
Samoa,WSM,Access to electricity (% of population),EG.ELC.ACCS.ZS,2000,88.0
"Yemen, Rep.",YEM,Access to electricity (% of population),EG.ELC.ACCS.ZS,2000,49.2
South Africa,ZAF,Access to electricity (% of population),EG.ELC.ACCS.ZS,2000,72.4
Zambia,ZMB,Access to electricity (% of population),EG.ELC.ACCS.ZS,2000,16.7
Zimbabwe,ZWE,Access to electricity (% of population),EG.ELC.ACCS.ZS,2000,33.7
Aruba,ABW,Access to electricity (% of population),EG.ELC.ACCS.ZS,2001,100.0
Africa Eastern and Southern,AFE,Access to electricity (% of population),EG.ELC.ACCS.ZS,2001,19.94427742
Afghanistan,AFG,Access to electricity (% of population),EG.ELC.ACCS.ZS,2001,9.3
Africa Western and Central,AFW,Access to electricity (% of population),EG.ELC.ACCS.ZS,2001,35.34436706
Angola,AGO,Access to electricity (% of population),EG.ELC.ACCS.ZS,2001,20.0
Albania,ALB,Access to electricity (% of population),EG.ELC.ACCS.ZS,2001,99.4
Andorra,AND,Access to electricity (% of population),EG.ELC.ACCS.ZS,2001,100.0
Arab World,ARB,Access to electricity (% of population),EG.ELC.ACCS.ZS,2001,81.35479427
United Arab Emirates,ARE,Access to electricity (% of population),EG.ELC.ACCS.ZS,2001,100.0
Argentina,ARG,Access to electricity (% of population),EG.ELC.ACCS.ZS,2001,95.5
Armenia,ARM,Access to electricity (% of population),EG.ELC.ACCS.ZS,2001,100.0
Antigua and Barbuda,ATG,Access to electricity (% of population),EG.ELC.ACCS.ZS,2001,97.7
Australia,AUS,Access to electricity (% of population),EG.ELC.ACCS.ZS,2001,100.0
Austria,AUT,Access to electricity (% of population),EG.ELC.ACCS.ZS,2001,100.0
Azerbaijan,AZE,Access to electricity (% of population),EG.ELC.ACCS.ZS,2001,98.6
Burundi,BDI,Access to electricity (% of population),EG.ELC.ACCS.ZS,2001,2.8
Belgium,BEL,Access to electricity (% of population),EG.ELC.ACCS.ZS,2001,100.0
Benin,BEN,Access to electricity (% of population),EG.ELC.ACCS.ZS,2001,21.9
Burkina Faso,BFA,Access to electricity (% of population),EG.ELC.ACCS.ZS,2001,9.5
Bangladesh,BGD,Access to electricity (% of population),EG.ELC.ACCS.ZS,2001,35.0
Bulgaria,BGR,Access to electricity (% of population),EG.ELC.ACCS.ZS,2001,88.6
Bahrain,BHR,Access to electricity (% of population),EG.ELC.ACCS.ZS,2001,100.0
"Bahamas, The",BHS,Access to electricity (% of population),EG.ELC.ACCS.ZS,2001,100.0
Bosnia and Herzegovina,BIH,Access to electricity (% of population),EG.ELC.ACCS.ZS,2001,99.4
Belarus,BLR,Access to electricity (% of population),EG.ELC.ACCS.ZS,2001,89.5
Belize,BLZ,Access to electricity (% of population),EG.ELC.ACCS.ZS,2001,80.2
Bermuda,BMU,Access to electricity (% of population),EG.ELC.ACCS.ZS,2001,100.0
Bolivia,BOL,Access to electricity (% of population),EG.ELC.ACCS.ZS,2001,69.3
Brazil,BRA,Access to electricity (% of population),EG.ELC.ACCS.ZS,2001,96.0
Barbados,BRB,Access to electricity (% of population),EG.ELC.ACCS.ZS,2001,100.0
Brunei Darussalam,BRN,Access to electricity (% of population),EG.ELC.ACCS.ZS,2001,100.0
Bhutan,BTN,Access to electricity (% of population),EG.ELC.ACCS.ZS,2001,40.2
Botswana,BWA,Access to electricity (% of population),EG.ELC.ACCS.ZS,2001,24.8
Central African Republic,CAF,Access to electricity (% of population),EG.ELC.ACCS.ZS,2001,5.7
Canada,CAN,Access to electricity (% of population),EG.ELC.ACCS.ZS,2001,100.0
Central Europe and the Baltics,CEB,Access to electricity (% of population),EG.ELC.ACCS.ZS,2001,98.02353797
Switzerland,CHE,Access to electricity (% of population),EG.ELC.ACCS.ZS,2001,100.0
Channel Islands,CHI,Access to electricity (% of population),EG.ELC.ACCS.ZS,2001,100.0
Chile,CHL,Access to electricity (% of population),EG.ELC.ACCS.ZS,2001,97.1
China,CHN,Access to electricity (% of population),EG.ELC.ACCS.ZS,2001,97.0
Cote d'Ivoire,CIV,Access to electricity (% of population),EG.ELC.ACCS.ZS,2001,49.7
Cameroon,CMR,Access to electricity (% of population),EG.ELC.ACCS.ZS,2001,46.2
"Congo, Dem. Rep.",COD,Access to electricity (% of population),EG.ELC.ACCS.ZS,2001,7.1
"Congo, Rep.",COG,Access to electricity (% of population),EG.ELC.ACCS.ZS,2001,30.3
Colombia,COL,Access to electricity (% of population),EG.ELC.ACCS.ZS,2001,98.5
Comoros,COM,Access to electricity (% of population),EG.ELC.ACCS.ZS,2001,42.0
Cabo Verde,CPV,Access to electricity (% of population),EG.ELC.ACCS.ZS,2001,60.3
Costa Rica,CRI,Access to electricity (% of population),EG.ELC.ACCS.ZS,2001,98.2
Caribbean small states,CSS,Access to electricity (% of population),EG.ELC.ACCS.ZS,2001,90.48553367
Cuba,CUB,Access to electricity (% of population),EG.ELC.ACCS.ZS,2001,96.2
Curacao,CUW,Access to electricity (% of population),EG.ELC.ACCS.ZS,2001,99.9
Cayman Islands,CYM,Access to electricity (% of population),EG.ELC.ACCS.ZS,2001,100.0
Cyprus,CYP,Access to electricity (% of population),EG.ELC.ACCS.ZS,2001,100.0
Czechia,CZE,Access to electricity (% of population),EG.ELC.ACCS.ZS,2001,100.0
Germany,DEU,Access to electricity (% of population),EG.ELC.ACCS.ZS,2001,100.0
Djibouti,DJI,Access to electricity (% of population),EG.ELC.ACCS.ZS,2001,56.1
Dominica,DMA,Access to electricity (% of population),EG.ELC.ACCS.ZS,2001,82.1
Denmark,DNK,Access to electricity (% of population),EG.ELC.ACCS.ZS,2001,100.0
Dominican Republic,DOM,Access to electricity (% of population),EG.ELC.ACCS.ZS,2001,89.8
Algeria,DZA,Access to electricity (% of population),EG.ELC.ACCS.ZS,2001,98.6
East Asia & Pacific (excluding high income),EAP,Access to electricity (% of population),EG.ELC.ACCS.ZS,2001,91.67980739
Early-demographic dividend,EAR,Access to electricity (% of population),EG.ELC.ACCS.ZS,2001,68.25777415
East Asia & Pacific,EAS,Access to electricity (% of population),EG.ELC.ACCS.ZS,2001,92.54379823
Europe & Central Asia (excluding high income),ECA,Access to electricity (% of population),EG.ELC.ACCS.ZS,2001,99.07052443
Europe & Central Asia,ECS,Access to electricity (% of population),EG.ELC.ACCS.ZS,2001,99.16555077
Ecuador,ECU,Access to electricity (% of population),EG.ELC.ACCS.ZS,2001,94.0
"Egypt, Arab Rep.",EGY,Access to electricity (% of population),EG.ELC.ACCS.ZS,2001,97.4
Euro area,EMU,Access to electricity (% of population),EG.ELC.ACCS.ZS,2001,99.7214643
Eritrea,ERI,Access to electricity (% of population),EG.ELC.ACCS.ZS,2001,30.3
Spain,ESP,Access to electricity (% of population),EG.ELC.ACCS.ZS,2001,100.0
Estonia,EST,Access to electricity (% of population),EG.ELC.ACCS.ZS,2001,100.0
Ethiopia,ETH,Access to electricity (% of population),EG.ELC.ACCS.ZS,2001,10.2
European Union,EUU,Access to electricity (% of population),EG.ELC.ACCS.ZS,2001,99.50504448
Finland,FIN,Access to electricity (% of population),EG.ELC.ACCS.ZS,2001,100.0
Fiji,FJI,Access to electricity (% of population),EG.ELC.ACCS.ZS,2001,77.7
France,FRA,Access to electricity (% of population),EG.ELC.ACCS.ZS,2001,100.0
Faroe Islands,FRO,Access to electricity (% of population),EG.ELC.ACCS.ZS,2001,100.0
"Micronesia, Fed. Sts.",FSM,Access to electricity (% of population),EG.ELC.ACCS.ZS,2001,48.4
Gabon,GAB,Access to electricity (% of population),EG.ELC.ACCS.ZS,2001,77.2
United Kingdom,GBR,Access to electricity (% of population),EG.ELC.ACCS.ZS,2001,100.0
Georgia,GEO,Access to electricity (% of population),EG.ELC.ACCS.ZS,2001,99.8
Ghana,GHA,Access to electricity (% of population),EG.ELC.ACCS.ZS,2001,44.8
Gibraltar,GIB,Access to electricity (% of population),EG.ELC.ACCS.ZS,2001,99.9
Guinea,GIN,Access to electricity (% of population),EG.ELC.ACCS.ZS,2001,16.4
"Gambia, The",GMB,Access to electricity (% of population),EG.ELC.ACCS.ZS,2001,29.9
Equatorial Guinea,GNQ,Access to electricity (% of population),EG.ELC.ACCS.ZS,2001,64.9
Greece,GRC,Access to electricity (% of population),EG.ELC.ACCS.ZS,2001,100.0
Grenada,GRD,Access to electricity (% of population),EG.ELC.ACCS.ZS,2001,86.3
Greenland,GRL,Access to electricity (% of population),EG.ELC.ACCS.ZS,2001,100.0
Guatemala,GTM,Access to electricity (% of population),EG.ELC.ACCS.ZS,2001,73.7
Guam,GUM,Access to electricity (% of population),EG.ELC.ACCS.ZS,2001,100.0
Guyana,GUY,Access to electricity (% of population),EG.ELC.ACCS.ZS,2001,75.1
High income,HIC,Access to electricity (% of population),EG.ELC.ACCS.ZS,2001,99.46644307
"Hong Kong SAR, China",HKG,Access to electricity (% of population),EG.ELC.ACCS.ZS,2001,100.0
Honduras,HND,Access to electricity (% of population),EG.ELC.ACCS.ZS,2001,64.2
Heavily indebted poor countries (HIPC),HPC,Access to electricity (% of population),EG.ELC.ACCS.ZS,2001,18.69654865
Croatia,HRV,Access to electricity (% of population),EG.ELC.ACCS.ZS,2001,100.0
Haiti,HTI,Access to electricity (% of population),EG.ELC.ACCS.ZS,2001,31.5
Hungary,HUN,Access to electricity (% of population),EG.ELC.ACCS.ZS,2001,100.0
IBRD only,IBD,Access to electricity (% of population),EG.ELC.ACCS.ZS,2001,85.26054529
IDA & IBRD total,IBT,Access to electricity (% of population),EG.ELC.ACCS.ZS,2001,74.59232229
IDA total,IDA,Access to electricity (% of population),EG.ELC.ACCS.ZS,2001,37.14796494
IDA blend,IDB,Access to electricity (% of population),EG.ELC.ACCS.ZS,2001,56.70789885
Indonesia,IDN,Access to electricity (% of population),EG.ELC.ACCS.ZS,2001,86.3
IDA only,IDX,Access to electricity (% of population),EG.ELC.ACCS.ZS,2001,26.50682949
Isle of Man,IMN,Access to electricity (% of population),EG.ELC.ACCS.ZS,2001,100.0
India,IND,Access to electricity (% of population),EG.ELC.ACCS.ZS,2001,62.0
Ireland,IRL,Access to electricity (% of population),EG.ELC.ACCS.ZS,2001,100.0
"Iran, Islamic Rep.",IRN,Access to electricity (% of population),EG.ELC.ACCS.ZS,2001,98.1
Iraq,IRQ,Access to electricity (% of population),EG.ELC.ACCS.ZS,2001,96.9
Iceland,ISL,Access to electricity (% of population),EG.ELC.ACCS.ZS,2001,100.0
Israel,ISR,Access to electricity (% of population),EG.ELC.ACCS.ZS,2001,100.0
Italy,ITA,Access to electricity (% of population),EG.ELC.ACCS.ZS,2001,100.0
Jamaica,JAM,Access to electricity (% of population),EG.ELC.ACCS.ZS,2001,87.7
Jordan,JOR,Access to electricity (% of population),EG.ELC.ACCS.ZS,2001,99.0
Japan,JPN,Access to electricity (% of population),EG.ELC.ACCS.ZS,2001,100.0
Kazakhstan,KAZ,Access to electricity (% of population),EG.ELC.ACCS.ZS,2001,99.7
Kenya,KEN,Access to electricity (% of population),EG.ELC.ACCS.ZS,2001,17.0
Kyrgyz Republic,KGZ,Access to electricity (% of population),EG.ELC.ACCS.ZS,2001,99.5
Cambodia,KHM,Access to electricity (% of population),EG.ELC.ACCS.ZS,2001,9.5
Kiribati,KIR,Access to electricity (% of population),EG.ELC.ACCS.ZS,2001,57.3
St. Kitts and Nevis,KNA,Access to electricity (% of population),EG.ELC.ACCS.ZS,2001,93.5
"Korea, Rep.",KOR,Access to electricity (% of population),EG.ELC.ACCS.ZS,2001,100.0
Kuwait,KWT,Access to electricity (% of population),EG.ELC.ACCS.ZS,2001,100.0
Latin America & Caribbean (excluding high income),LAC,Access to electricity (% of population),EG.ELC.ACCS.ZS,2001,92.10519838
Lao PDR,LAO,Access to electricity (% of population),EG.ELC.ACCS.ZS,2001,45.3
Lebanon,LBN,Access to electricity (% of population),EG.ELC.ACCS.ZS,2001,99.3
Libya,LBY,Access to electricity (% of population),EG.ELC.ACCS.ZS,2001,96.9
St. Lucia,LCA,Access to electricity (% of population),EG.ELC.ACCS.ZS,2001,89.9
Latin America & Caribbean,LCN,Access to electricity (% of population),EG.ELC.ACCS.ZS,2001,92.33255077
Least developed countries: UN classification,LDC,Access to electricity (% of population),EG.ELC.ACCS.ZS,2001,20.99852382
Low income,LIC,Access to electricity (% of population),EG.ELC.ACCS.ZS,2001,16.6083803
Liechtenstein,LIE,Access to electricity (% of population),EG.ELC.ACCS.ZS,2001,100.0
Sri Lanka,LKA,Access to electricity (% of population),EG.ELC.ACCS.ZS,2001,63.6
Lower middle income,LMC,Access to electricity (% of population),EG.ELC.ACCS.ZS,2001,57.80618516
Low & middle income,LMY,Access to electricity (% of population),EG.ELC.ACCS.ZS,2001,73.51893753
Lesotho,LSO,Access to electricity (% of population),EG.ELC.ACCS.ZS,2001,1.3
Late-demographic dividend,LTE,Access to electricity (% of population),EG.ELC.ACCS.ZS,2001,95.91349852
Lithuania,LTU,Access to electricity (% of population),EG.ELC.ACCS.ZS,2001,99.5
Luxembourg,LUX,Access to electricity (% of population),EG.ELC.ACCS.ZS,2001,100.0
Latvia,LVA,Access to electricity (% of population),EG.ELC.ACCS.ZS,2001,99.9
"Macao SAR, China",MAC,Access to electricity (% of population),EG.ELC.ACCS.ZS,2001,100.0
St. Martin (French part),MAF,Access to electricity (% of population),EG.ELC.ACCS.ZS,2001,99.9
Morocco,MAR,Access to electricity (% of population),EG.ELC.ACCS.ZS,2001,71.6
Monaco,MCO,Access to electricity (% of population),EG.ELC.ACCS.ZS,2001,100.0
Moldova,MDA,Access to electricity (% of population),EG.ELC.ACCS.ZS,2001,98.8
Madagascar,MDG,Access to electricity (% of population),EG.ELC.ACCS.ZS,2001,14.8
Maldives,MDV,Access to electricity (% of population),EG.ELC.ACCS.ZS,2001,87.5
"Middle East, North Africa, Afghanistan & Pakistan",MEA,Access to electricity (% of population),EG.ELC.ACCS.ZS,2001,83.27917617
Mexico,MEX,Access to electricity (% of population),EG.ELC.ACCS.ZS,2001,97.1
Marshall Islands,MHL,Access to electricity (% of population),EG.ELC.ACCS.ZS,2001,70.1
Middle income,MIC,Access to electricity (% of population),EG.ELC.ACCS.ZS,2001,78.00043973
North Macedonia,MKD,Access to electricity (% of population),EG.ELC.ACCS.ZS,2001,99.0
Mali,MLI,Access to electricity (% of population),EG.ELC.ACCS.ZS,2001,10.8
Malta,MLT,Access to electricity (% of population),EG.ELC.ACCS.ZS,2001,100.0
Myanmar,MMR,Access to electricity (% of population),EG.ELC.ACCS.ZS,2001,43.0
"Middle East, North Africa, Afghanistan & Pakistan (excluding high income)",MNA,Access to electricity (% of population),EG.ELC.ACCS.ZS,2001,82.10416264
Montenegro,MNE,Access to electricity (% of population),EG.ELC.ACCS.ZS,2001,99.1
Mongolia,MNG,Access to electricity (% of population),EG.ELC.ACCS.ZS,2001,71.7
Northern Mariana Islands,MNP,Access to electricity (% of population),EG.ELC.ACCS.ZS,2001,100.0
Mozambique,MOZ,Access to electricity (% of population),EG.ELC.ACCS.ZS,2001,5.7
Mauritania,MRT,Access to electricity (% of population),EG.ELC.ACCS.ZS,2001,22.2
Mauritius,MUS,Access to electricity (% of population),EG.ELC.ACCS.ZS,2001,99.2
Malawi,MWI,Access to electricity (% of population),EG.ELC.ACCS.ZS,2001,5.2
Malaysia,MYS,Access to electricity (% of population),EG.ELC.ACCS.ZS,2001,98.6
North America,NAC,Access to electricity (% of population),EG.ELC.ACCS.ZS,2001,100.0
Namibia,NAM,Access to electricity (% of population),EG.ELC.ACCS.ZS,2001,36.0
New Caledonia,NCL,Access to electricity (% of population),EG.ELC.ACCS.ZS,2001,100.0
Niger,NER,Access to electricity (% of population),EG.ELC.ACCS.ZS,2001,8.4
Nigeria,NGA,Access to electricity (% of population),EG.ELC.ACCS.ZS,2001,43.9
Nicaragua,NIC,Access to electricity (% of population),EG.ELC.ACCS.ZS,2001,72.2
Netherlands,NLD,Access to electricity (% of population),EG.ELC.ACCS.ZS,2001,100.0
Norway,NOR,Access to electricity (% of population),EG.ELC.ACCS.ZS,2001,100.0
Nepal,NPL,Access to electricity (% of population),EG.ELC.ACCS.ZS,2001,24.6
Naoero,NRU,Access to electricity (% of population),EG.ELC.ACCS.ZS,2001,99.0
New Zealand,NZL,Access to electricity (% of population),EG.ELC.ACCS.ZS,2001,100.0
OECD members,OED,Access to electricity (% of population),EG.ELC.ACCS.ZS,2001,99.66052259
Oman,OMN,Access to electricity (% of population),EG.ELC.ACCS.ZS,2001,100.0
Other small states,OSS,Access to electricity (% of population),EG.ELC.ACCS.ZS,2001,72.86553764
Pakistan,PAK,Access to electricity (% of population),EG.ELC.ACCS.ZS,2001,73.9
Panama,PAN,Access to electricity (% of population),EG.ELC.ACCS.ZS,2001,81.5
Peru,PER,Access to electricity (% of population),EG.ELC.ACCS.ZS,2001,72.1
Philippines,PHL,Access to electricity (% of population),EG.ELC.ACCS.ZS,2001,75.7
Palau,PLW,Access to electricity (% of population),EG.ELC.ACCS.ZS,2001,98.0
Papua New Guinea,PNG,Access to electricity (% of population),EG.ELC.ACCS.ZS,2001,12.7
Poland,POL,Access to electricity (% of population),EG.ELC.ACCS.ZS,2001,100.0
Pre-demographic dividend,PRE,Access to electricity (% of population),EG.ELC.ACCS.ZS,2001,26.18932086
Puerto Rico (US),PRI,Access to electricity (% of population),EG.ELC.ACCS.ZS,2001,100.0
Portugal,PRT,Access to electricity (% of population),EG.ELC.ACCS.ZS,2001,100.0
Paraguay,PRY,Access to electricity (% of population),EG.ELC.ACCS.ZS,2001,91.0
West Bank and Gaza,PSE,Access to electricity (% of population),EG.ELC.ACCS.ZS,2001,99.1
Pacific island small states,PSS,Access to electricity (% of population),EG.ELC.ACCS.ZS,2001,56.63281344
Post-demographic dividend,PST,Access to electricity (% of population),EG.ELC.ACCS.ZS,2001,99.72555931
French Polynesia,PYF,Access to electricity (% of population),EG.ELC.ACCS.ZS,2001,100.0
Qatar,QAT,Access to electricity (% of population),EG.ELC.ACCS.ZS,2001,100.0
Romania,ROU,Access to electricity (% of population),EG.ELC.ACCS.ZS,2001,94.6
Russian Federation,RUS,Access to electricity (% of population),EG.ELC.ACCS.ZS,2001,97.9
Rwanda,RWA,Access to electricity (% of population),EG.ELC.ACCS.ZS,2001,4.7
South Asia,SAS,Access to electricity (% of population),EG.ELC.ACCS.ZS,2001,58.34852132
Saudi Arabia,SAU,Access to electricity (% of population),EG.ELC.ACCS.ZS,2001,100.0
Sudan,SDN,Access to electricity (% of population),EG.ELC.ACCS.ZS,2001,29.4
Senegal,SEN,Access to electricity (% of population),EG.ELC.ACCS.ZS,2001,38.9
Singapore,SGP,Access to electricity (% of population),EG.ELC.ACCS.ZS,2001,100.0
Solomon Islands,SLB,Access to electricity (% of population),EG.ELC.ACCS.ZS,2001,7.6
Sierra Leone,SLE,Access to electricity (% of population),EG.ELC.ACCS.ZS,2001,8.5
El Salvador,SLV,Access to electricity (% of population),EG.ELC.ACCS.ZS,2001,87.1
San Marino,SMR,Access to electricity (% of population),EG.ELC.ACCS.ZS,2001,100.0
"Somalia, Fed. Rep.",SOM,Access to electricity (% of population),EG.ELC.ACCS.ZS,2001,4.7
Serbia,SRB,Access to electricity (% of population),EG.ELC.ACCS.ZS,2001,99.8
Sub-Saharan Africa (excluding high income),SSA,Access to electricity (% of population),EG.ELC.ACCS.ZS,2001,26.1561715
Sub-Saharan Africa,SSF,Access to electricity (% of population),EG.ELC.ACCS.ZS,2001,26.16421869
Small states,SST,Access to electricity (% of population),EG.ELC.ACCS.ZS,2001,75.15456809
Sao Tome and Principe,STP,Access to electricity (% of population),EG.ELC.ACCS.ZS,2001,51.5
Suriname,SUR,Access to electricity (% of population),EG.ELC.ACCS.ZS,2001,95.3
Slovak Republic,SVK,Access to electricity (% of population),EG.ELC.ACCS.ZS,2001,100.0
Slovenia,SVN,Access to electricity (% of population),EG.ELC.ACCS.ZS,2001,100.0
Sweden,SWE,Access to electricity (% of population),EG.ELC.ACCS.ZS,2001,100.0
Eswatini,SWZ,Access to electricity (% of population),EG.ELC.ACCS.ZS,2001,26.9
Sint Maarten (Dutch part),SXM,Access to electricity (% of population),EG.ELC.ACCS.ZS,2001,99.9
Seychelles,SYC,Access to electricity (% of population),EG.ELC.ACCS.ZS,2001,94.4
Syrian Arab Republic,SYR,Access to electricity (% of population),EG.ELC.ACCS.ZS,2001,93.1
Turks and Caicos Islands,TCA,Access to electricity (% of population),EG.ELC.ACCS.ZS,2001,94.9
Chad,TCD,Access to electricity (% of population),EG.ELC.ACCS.ZS,2001,3.4
East Asia & Pacific (IDA & IBRD countries),TEA,Access to electricity (% of population),EG.ELC.ACCS.ZS,2001,91.67991579
Europe & Central Asia (IDA & IBRD countries),TEC,Access to electricity (% of population),EG.ELC.ACCS.ZS,2001,98.35052089
Togo,TGO,Access to electricity (% of population),EG.ELC.ACCS.ZS,2001,19.6
Thailand,THA,Access to electricity (% of population),EG.ELC.ACCS.ZS,2001,90.4
Tajikistan,TJK,Access to electricity (% of population),EG.ELC.ACCS.ZS,2001,98.6
Turkmenistan,TKM,Access to electricity (% of population),EG.ELC.ACCS.ZS,2001,99.6
Latin America & the Caribbean (IDA & IBRD countries),TLA,Access to electricity (% of population),EG.ELC.ACCS.ZS,2001,92.17949511
Timor-Leste,TLS,Access to electricity (% of population),EG.ELC.ACCS.ZS,2001,25.6
"Middle East, North Africa, Afghanistan & Pakistan (IDA & IBRD)",TMN,Access to electricity (% of population),EG.ELC.ACCS.ZS,2001,81.99581077
Tonga,TON,Access to electricity (% of population),EG.ELC.ACCS.ZS,2001,86.3
South Asia (IDA & IBRD),TSA,Access to electricity (% of population),EG.ELC.ACCS.ZS,2001,58.34852132
Sub-Saharan Africa (IDA & IBRD countries),TSS,Access to electricity (% of population),EG.ELC.ACCS.ZS,2001,26.16421869
Trinidad and Tobago,TTO,Access to electricity (% of population),EG.ELC.ACCS.ZS,2001,96.3
Tunisia,TUN,Access to electricity (% of population),EG.ELC.ACCS.ZS,2001,97.3
Turkiye,TUR,Access to electricity (% of population),EG.ELC.ACCS.ZS,2001,99.9
Tuvalu,TUV,Access to electricity (% of population),EG.ELC.ACCS.ZS,2001,94.8
Tanzania,TZA,Access to electricity (% of population),EG.ELC.ACCS.ZS,2001,9.7
Uganda,UGA,Access to electricity (% of population),EG.ELC.ACCS.ZS,2001,8.6
Ukraine,UKR,Access to electricity (% of population),EG.ELC.ACCS.ZS,2001,99.2
Upper middle income,UMC,Access to electricity (% of population),EG.ELC.ACCS.ZS,2001,93.82840663
Uruguay,URY,Access to electricity (% of population),EG.ELC.ACCS.ZS,2001,97.7
United States,USA,Access to electricity (% of population),EG.ELC.ACCS.ZS,2001,100.0
Uzbekistan,UZB,Access to electricity (% of population),EG.ELC.ACCS.ZS,2001,99.6
St. Vincent and the Grenadines,VCT,Access to electricity (% of population),EG.ELC.ACCS.ZS,2001,82.4
"Venezuela, RB",VEN,Access to electricity (% of population),EG.ELC.ACCS.ZS,2001,99.9
British Virgin Islands,VGB,Access to electricity (% of population),EG.ELC.ACCS.ZS,2001,97.2
Virgin Islands (U.S.),VIR,Access to electricity (% of population),EG.ELC.ACCS.ZS,2001,100.0
Viet Nam,VNM,Access to electricity (% of population),EG.ELC.ACCS.ZS,2001,88.9
Vanuatu,VUT,Access to electricity (% of population),EG.ELC.ACCS.ZS,2001,24.0
World,WLD,Access to electricity (% of population),EG.ELC.ACCS.ZS,2001,78.71880993
Samoa,WSM,Access to electricity (% of population),EG.ELC.ACCS.ZS,2001,88.7
"Yemen, Rep.",YEM,Access to electricity (% of population),EG.ELC.ACCS.ZS,2001,50.4
South Africa,ZAF,Access to electricity (% of population),EG.ELC.ACCS.ZS,2001,70.2
Zambia,ZMB,Access to electricity (% of population),EG.ELC.ACCS.ZS,2001,20.2
Zimbabwe,ZWE,Access to electricity (% of population),EG.ELC.ACCS.ZS,2001,34.2
Aruba,ABW,Access to electricity (% of population),EG.ELC.ACCS.ZS,2002,100.0
Africa Eastern and Southern,AFE,Access to electricity (% of population),EG.ELC.ACCS.ZS,2002,21.54864662
Afghanistan,AFG,Access to electricity (% of population),EG.ELC.ACCS.ZS,2002,14.1
Africa Western and Central,AFW,Access to electricity (% of population),EG.ELC.ACCS.ZS,2002,35.82860773
Angola,AGO,Access to electricity (% of population),EG.ELC.ACCS.ZS,2002,26.3
Albania,ALB,Access to electricity (% of population),EG.ELC.ACCS.ZS,2002,99.4
Andorra,AND,Access to electricity (% of population),EG.ELC.ACCS.ZS,2002,100.0
Arab World,ARB,Access to electricity (% of population),EG.ELC.ACCS.ZS,2002,81.32362235
United Arab Emirates,ARE,Access to electricity (% of population),EG.ELC.ACCS.ZS,2002,100.0
Argentina,ARG,Access to electricity (% of population),EG.ELC.ACCS.ZS,2002,96.1
Armenia,ARM,Access to electricity (% of population),EG.ELC.ACCS.ZS,2002,98.0
Antigua and Barbuda,ATG,Access to electricity (% of population),EG.ELC.ACCS.ZS,2002,100.0
Australia,AUS,Access to electricity (% of population),EG.ELC.ACCS.ZS,2002,100.0
Austria,AUT,Access to electricity (% of population),EG.ELC.ACCS.ZS,2002,100.0
Azerbaijan,AZE,Access to electricity (% of population),EG.ELC.ACCS.ZS,2002,100.0
Burundi,BDI,Access to electricity (% of population),EG.ELC.ACCS.ZS,2002,3.1
Belgium,BEL,Access to electricity (% of population),EG.ELC.ACCS.ZS,2002,100.0
Benin,BEN,Access to electricity (% of population),EG.ELC.ACCS.ZS,2002,23.4
Burkina Faso,BFA,Access to electricity (% of population),EG.ELC.ACCS.ZS,2002,9.9
Bangladesh,BGD,Access to electricity (% of population),EG.ELC.ACCS.ZS,2002,37.8
Bulgaria,BGR,Access to electricity (% of population),EG.ELC.ACCS.ZS,2002,89.1
Bahrain,BHR,Access to electricity (% of population),EG.ELC.ACCS.ZS,2002,100.0
"Bahamas, The",BHS,Access to electricity (% of population),EG.ELC.ACCS.ZS,2002,100.0
Bosnia and Herzegovina,BIH,Access to electricity (% of population),EG.ELC.ACCS.ZS,2002,98.5
Belarus,BLR,Access to electricity (% of population),EG.ELC.ACCS.ZS,2002,90.0
Belize,BLZ,Access to electricity (% of population),EG.ELC.ACCS.ZS,2002,81.0
Bermuda,BMU,Access to electricity (% of population),EG.ELC.ACCS.ZS,2002,100.0
Bolivia,BOL,Access to electricity (% of population),EG.ELC.ACCS.ZS,2002,64.0
Brazil,BRA,Access to electricity (% of population),EG.ELC.ACCS.ZS,2002,96.7
Barbados,BRB,Access to electricity (% of population),EG.ELC.ACCS.ZS,2002,100.0
Brunei Darussalam,BRN,Access to electricity (% of population),EG.ELC.ACCS.ZS,2002,100.0
Bhutan,BTN,Access to electricity (% of population),EG.ELC.ACCS.ZS,2002,44.1
Botswana,BWA,Access to electricity (% of population),EG.ELC.ACCS.ZS,2002,27.0
Central African Republic,CAF,Access to electricity (% of population),EG.ELC.ACCS.ZS,2002,6.1
Canada,CAN,Access to electricity (% of population),EG.ELC.ACCS.ZS,2002,100.0
Central Europe and the Baltics,CEB,Access to electricity (% of population),EG.ELC.ACCS.ZS,2002,98.14155832
Switzerland,CHE,Access to electricity (% of population),EG.ELC.ACCS.ZS,2002,100.0
Channel Islands,CHI,Access to electricity (% of population),EG.ELC.ACCS.ZS,2002,100.0
Chile,CHL,Access to electricity (% of population),EG.ELC.ACCS.ZS,2002,97.3
China,CHN,Access to electricity (% of population),EG.ELC.ACCS.ZS,2002,97.2
Cote d'Ivoire,CIV,Access to electricity (% of population),EG.ELC.ACCS.ZS,2002,51.4
Cameroon,CMR,Access to electricity (% of population),EG.ELC.ACCS.ZS,2002,44.0
"Congo, Dem. Rep.",COD,Access to electricity (% of population),EG.ELC.ACCS.ZS,2002,7.7
"Congo, Rep.",COG,Access to electricity (% of population),EG.ELC.ACCS.ZS,2002,31.2
Colombia,COL,Access to electricity (% of population),EG.ELC.ACCS.ZS,2002,94.9
Comoros,COM,Access to electricity (% of population),EG.ELC.ACCS.ZS,2002,44.8
Cabo Verde,CPV,Access to electricity (% of population),EG.ELC.ACCS.ZS,2002,58.6
Costa Rica,CRI,Access to electricity (% of population),EG.ELC.ACCS.ZS,2002,98.5
Caribbean small states,CSS,Access to electricity (% of population),EG.ELC.ACCS.ZS,2002,90.8091127
Cuba,CUB,Access to electricity (% of population),EG.ELC.ACCS.ZS,2002,95.5
Curacao,CUW,Access to electricity (% of population),EG.ELC.ACCS.ZS,2002,99.9
Cayman Islands,CYM,Access to electricity (% of population),EG.ELC.ACCS.ZS,2002,100.0
Cyprus,CYP,Access to electricity (% of population),EG.ELC.ACCS.ZS,2002,100.0
Czechia,CZE,Access to electricity (% of population),EG.ELC.ACCS.ZS,2002,100.0
Germany,DEU,Access to electricity (% of population),EG.ELC.ACCS.ZS,2002,100.0
Djibouti,DJI,Access to electricity (% of population),EG.ELC.ACCS.ZS,2002,49.7
Dominica,DMA,Access to electricity (% of population),EG.ELC.ACCS.ZS,2002,87.7
Denmark,DNK,Access to electricity (% of population),EG.ELC.ACCS.ZS,2002,100.0
Dominican Republic,DOM,Access to electricity (% of population),EG.ELC.ACCS.ZS,2002,89.7
Algeria,DZA,Access to electricity (% of population),EG.ELC.ACCS.ZS,2002,98.6
East Asia & Pacific (excluding high income),EAP,Access to electricity (% of population),EG.ELC.ACCS.ZS,2002,92.15327312
Early-demographic dividend,EAR,Access to electricity (% of population),EG.ELC.ACCS.ZS,2002,69.15133395
East Asia & Pacific,EAS,Access to electricity (% of population),EG.ELC.ACCS.ZS,2002,92.96485572
Europe & Central Asia (excluding high income),ECA,Access to electricity (% of population),EG.ELC.ACCS.ZS,2002,99.15001659
Europe & Central Asia,ECS,Access to electricity (% of population),EG.ELC.ACCS.ZS,2002,99.20394167
Ecuador,ECU,Access to electricity (% of population),EG.ELC.ACCS.ZS,2002,94.2
"Egypt, Arab Rep.",EGY,Access to electricity (% of population),EG.ELC.ACCS.ZS,2002,97.5
Euro area,EMU,Access to electricity (% of population),EG.ELC.ACCS.ZS,2002,99.73847416
Eritrea,ERI,Access to electricity (% of population),EG.ELC.ACCS.ZS,2002,32.2
Spain,ESP,Access to electricity (% of population),EG.ELC.ACCS.ZS,2002,100.0
Estonia,EST,Access to electricity (% of population),EG.ELC.ACCS.ZS,2002,100.0
Ethiopia,ETH,Access to electricity (% of population),EG.ELC.ACCS.ZS,2002,11.9
European Union,EUU,Access to electricity (% of population),EG.ELC.ACCS.ZS,2002,99.53871586
Finland,FIN,Access to electricity (% of population),EG.ELC.ACCS.ZS,2002,100.0
Fiji,FJI,Access to electricity (% of population),EG.ELC.ACCS.ZS,2002,79.6
France,FRA,Access to electricity (% of population),EG.ELC.ACCS.ZS,2002,100.0
Faroe Islands,FRO,Access to electricity (% of population),EG.ELC.ACCS.ZS,2002,100.0
"Micronesia, Fed. Sts.",FSM,Access to electricity (% of population),EG.ELC.ACCS.ZS,2002,50.1
Gabon,GAB,Access to electricity (% of population),EG.ELC.ACCS.ZS,2002,77.8
United Kingdom,GBR,Access to electricity (% of population),EG.ELC.ACCS.ZS,2002,100.0
Georgia,GEO,Access to electricity (% of population),EG.ELC.ACCS.ZS,2002,99.9
Ghana,GHA,Access to electricity (% of population),EG.ELC.ACCS.ZS,2002,46.8
Gibraltar,GIB,Access to electricity (% of population),EG.ELC.ACCS.ZS,2002,99.8
Guinea,GIN,Access to electricity (% of population),EG.ELC.ACCS.ZS,2002,17.7
"Gambia, The",GMB,Access to electricity (% of population),EG.ELC.ACCS.ZS,2002,31.5
Guinea-Bissau,GNB,Access to electricity (% of population),EG.ELC.ACCS.ZS,2002,1.3
Equatorial Guinea,GNQ,Access to electricity (% of population),EG.ELC.ACCS.ZS,2002,64.9
Greece,GRC,Access to electricity (% of population),EG.ELC.ACCS.ZS,2002,100.0
Grenada,GRD,Access to electricity (% of population),EG.ELC.ACCS.ZS,2002,86.6
Greenland,GRL,Access to electricity (% of population),EG.ELC.ACCS.ZS,2002,100.0
Guatemala,GTM,Access to electricity (% of population),EG.ELC.ACCS.ZS,2002,78.7
Guam,GUM,Access to electricity (% of population),EG.ELC.ACCS.ZS,2002,100.0
Guyana,GUY,Access to electricity (% of population),EG.ELC.ACCS.ZS,2002,75.7
High income,HIC,Access to electricity (% of population),EG.ELC.ACCS.ZS,2002,99.48632944
"Hong Kong SAR, China",HKG,Access to electricity (% of population),EG.ELC.ACCS.ZS,2002,100.0
Honduras,HND,Access to electricity (% of population),EG.ELC.ACCS.ZS,2002,63.1
Heavily indebted poor countries (HIPC),HPC,Access to electricity (% of population),EG.ELC.ACCS.ZS,2002,19.40213194
Croatia,HRV,Access to electricity (% of population),EG.ELC.ACCS.ZS,2002,100.0
Haiti,HTI,Access to electricity (% of population),EG.ELC.ACCS.ZS,2002,33.1
Hungary,HUN,Access to electricity (% of population),EG.ELC.ACCS.ZS,2002,100.0
IBRD only,IBD,Access to electricity (% of population),EG.ELC.ACCS.ZS,2002,85.59836138
IDA & IBRD total,IBT,Access to electricity (% of population),EG.ELC.ACCS.ZS,2002,75.08328069
IDA total,IDA,Access to electricity (% of population),EG.ELC.ACCS.ZS,2002,38.68935593
IDA blend,IDB,Access to electricity (% of population),EG.ELC.ACCS.ZS,2002,57.4182135
Indonesia,IDN,Access to electricity (% of population),EG.ELC.ACCS.ZS,2002,87.6
IDA only,IDX,Access to electricity (% of population),EG.ELC.ACCS.ZS,2002,28.50521318
Isle of Man,IMN,Access to electricity (% of population),EG.ELC.ACCS.ZS,2002,100.0
India,IND,Access to electricity (% of population),EG.ELC.ACCS.ZS,2002,62.3
Ireland,IRL,Access to electricity (% of population),EG.ELC.ACCS.ZS,2002,100.0
"Iran, Islamic Rep.",IRN,Access to electricity (% of population),EG.ELC.ACCS.ZS,2002,98.1
Iraq,IRQ,Access to electricity (% of population),EG.ELC.ACCS.ZS,2002,97.1
Iceland,ISL,Access to electricity (% of population),EG.ELC.ACCS.ZS,2002,100.0
Israel,ISR,Access to electricity (% of population),EG.ELC.ACCS.ZS,2002,100.0
Italy,ITA,Access to electricity (% of population),EG.ELC.ACCS.ZS,2002,100.0
Jamaica,JAM,Access to electricity (% of population),EG.ELC.ACCS.ZS,2002,86.7
Jordan,JOR,Access to electricity (% of population),EG.ELC.ACCS.ZS,2002,99.5
Japan,JPN,Access to electricity (% of population),EG.ELC.ACCS.ZS,2002,100.0
Kazakhstan,KAZ,Access to electricity (% of population),EG.ELC.ACCS.ZS,2002,99.8
Kenya,KEN,Access to electricity (% of population),EG.ELC.ACCS.ZS,2002,18.9
Kyrgyz Republic,KGZ,Access to electricity (% of population),EG.ELC.ACCS.ZS,2002,100.0
Cambodia,KHM,Access to electricity (% of population),EG.ELC.ACCS.ZS,2002,13.1
Kiribati,KIR,Access to electricity (% of population),EG.ELC.ACCS.ZS,2002,59.0
St. Kitts and Nevis,KNA,Access to electricity (% of population),EG.ELC.ACCS.ZS,2002,95.8
"Korea, Rep.",KOR,Access to electricity (% of population),EG.ELC.ACCS.ZS,2002,100.0
Kuwait,KWT,Access to electricity (% of population),EG.ELC.ACCS.ZS,2002,100.0
Latin America & Caribbean (excluding high income),LAC,Access to electricity (% of population),EG.ELC.ACCS.ZS,2002,92.43602913
Lao PDR,LAO,Access to electricity (% of population),EG.ELC.ACCS.ZS,2002,46.3
Lebanon,LBN,Access to electricity (% of population),EG.ELC.ACCS.ZS,2002,99.3
Libya,LBY,Access to electricity (% of population),EG.ELC.ACCS.ZS,2002,95.2
St. Lucia,LCA,Access to electricity (% of population),EG.ELC.ACCS.ZS,2002,87.7
Latin America & Caribbean,LCN,Access to electricity (% of population),EG.ELC.ACCS.ZS,2002,92.65544612
Least developed countries: UN classification,LDC,Access to electricity (% of population),EG.ELC.ACCS.ZS,2002,22.9827394
Low income,LIC,Access to electricity (% of population),EG.ELC.ACCS.ZS,2002,17.29119463
Liechtenstein,LIE,Access to electricity (% of population),EG.ELC.ACCS.ZS,2002,100.0
Sri Lanka,LKA,Access to electricity (% of population),EG.ELC.ACCS.ZS,2002,80.7
Lower middle income,LMC,Access to electricity (% of population),EG.ELC.ACCS.ZS,2002,58.65123106
Low & middle income,LMY,Access to electricity (% of population),EG.ELC.ACCS.ZS,2002,74.04839411
Lesotho,LSO,Access to electricity (% of population),EG.ELC.ACCS.ZS,2002,3.4
Late-demographic dividend,LTE,Access to electricity (% of population),EG.ELC.ACCS.ZS,2002,96.25370745
Lithuania,LTU,Access to electricity (% of population),EG.ELC.ACCS.ZS,2002,99.4
Luxembourg,LUX,Access to electricity (% of population),EG.ELC.ACCS.ZS,2002,100.0
Latvia,LVA,Access to electricity (% of population),EG.ELC.ACCS.ZS,2002,99.8
"Macao SAR, China",MAC,Access to electricity (% of population),EG.ELC.ACCS.ZS,2002,100.0
St. Martin (French part),MAF,Access to electricity (% of population),EG.ELC.ACCS.ZS,2002,99.9
Morocco,MAR,Access to electricity (% of population),EG.ELC.ACCS.ZS,2002,73.3
Monaco,MCO,Access to electricity (% of population),EG.ELC.ACCS.ZS,2002,100.0
Moldova,MDA,Access to electricity (% of population),EG.ELC.ACCS.ZS,2002,99.0
Madagascar,MDG,Access to electricity (% of population),EG.ELC.ACCS.ZS,2002,14.0
Maldives,MDV,Access to electricity (% of population),EG.ELC.ACCS.ZS,2002,88.3
"Middle East, North Africa, Afghanistan & Pakistan",MEA,Access to electricity (% of population),EG.ELC.ACCS.ZS,2002,83.60859794
Mexico,MEX,Access to electricity (% of population),EG.ELC.ACCS.ZS,2002,97.9
Marshall Islands,MHL,Access to electricity (% of population),EG.ELC.ACCS.ZS,2002,71.5
Middle income,MIC,Access to electricity (% of population),EG.ELC.ACCS.ZS,2002,78.6092343
North Macedonia,MKD,Access to electricity (% of population),EG.ELC.ACCS.ZS,2002,99.0
Mali,MLI,Access to electricity (% of population),EG.ELC.ACCS.ZS,2002,13.0
Malta,MLT,Access to electricity (% of population),EG.ELC.ACCS.ZS,2002,100.0
Myanmar,MMR,Access to electricity (% of population),EG.ELC.ACCS.ZS,2002,47.0
"Middle East, North Africa, Afghanistan & Pakistan (excluding high income)",MNA,Access to electricity (% of population),EG.ELC.ACCS.ZS,2002,82.43392011
Montenegro,MNE,Access to electricity (% of population),EG.ELC.ACCS.ZS,2002,99.0
Mongolia,MNG,Access to electricity (% of population),EG.ELC.ACCS.ZS,2002,72.8
Northern Mariana Islands,MNP,Access to electricity (% of population),EG.ELC.ACCS.ZS,2002,99.9
Mozambique,MOZ,Access to electricity (% of population),EG.ELC.ACCS.ZS,2002,8.4
Mauritania,MRT,Access to electricity (% of population),EG.ELC.ACCS.ZS,2002,21.7
Mauritius,MUS,Access to electricity (% of population),EG.ELC.ACCS.ZS,2002,99.4
Malawi,MWI,Access to electricity (% of population),EG.ELC.ACCS.ZS,2002,5.6
Malaysia,MYS,Access to electricity (% of population),EG.ELC.ACCS.ZS,2002,98.6
North America,NAC,Access to electricity (% of population),EG.ELC.ACCS.ZS,2002,100.0
Namibia,NAM,Access to electricity (% of population),EG.ELC.ACCS.ZS,2002,36.9
New Caledonia,NCL,Access to electricity (% of population),EG.ELC.ACCS.ZS,2002,100.0
Niger,NER,Access to electricity (% of population),EG.ELC.ACCS.ZS,2002,8.8
Nigeria,NGA,Access to electricity (% of population),EG.ELC.ACCS.ZS,2002,44.6
Nicaragua,NIC,Access to electricity (% of population),EG.ELC.ACCS.ZS,2002,74.1
Netherlands,NLD,Access to electricity (% of population),EG.ELC.ACCS.ZS,2002,100.0
Norway,NOR,Access to electricity (% of population),EG.ELC.ACCS.ZS,2002,100.0
Nepal,NPL,Access to electricity (% of population),EG.ELC.ACCS.ZS,2002,36.4
Naoero,NRU,Access to electricity (% of population),EG.ELC.ACCS.ZS,2002,99.0
New Zealand,NZL,Access to electricity (% of population),EG.ELC.ACCS.ZS,2002,100.0
OECD members,OED,Access to electricity (% of population),EG.ELC.ACCS.ZS,2002,99.60349559
Oman,OMN,Access to electricity (% of population),EG.ELC.ACCS.ZS,2002,100.0
Other small states,OSS,Access to electricity (% of population),EG.ELC.ACCS.ZS,2002,72.12594486
Pakistan,PAK,Access to electricity (% of population),EG.ELC.ACCS.ZS,2002,74.9
Panama,PAN,Access to electricity (% of population),EG.ELC.ACCS.ZS,2002,82.1
Peru,PER,Access to electricity (% of population),EG.ELC.ACCS.ZS,2002,74.4
Philippines,PHL,Access to electricity (% of population),EG.ELC.ACCS.ZS,2002,76.7
Palau,PLW,Access to electricity (% of population),EG.ELC.ACCS.ZS,2002,98.0
Papua New Guinea,PNG,Access to electricity (% of population),EG.ELC.ACCS.ZS,2002,13.1
Poland,POL,Access to electricity (% of population),EG.ELC.ACCS.ZS,2002,100.0
Pre-demographic dividend,PRE,Access to electricity (% of population),EG.ELC.ACCS.ZS,2002,27.01564306
Puerto Rico (US),PRI,Access to electricity (% of population),EG.ELC.ACCS.ZS,2002,100.0
Portugal,PRT,Access to electricity (% of population),EG.ELC.ACCS.ZS,2002,100.0
Paraguay,PRY,Access to electricity (% of population),EG.ELC.ACCS.ZS,2002,91.7
West Bank and Gaza,PSE,Access to electricity (% of population),EG.ELC.ACCS.ZS,2002,99.2
Pacific island small states,PSS,Access to electricity (% of population),EG.ELC.ACCS.ZS,2002,58.33324793
Post-demographic dividend,PST,Access to electricity (% of population),EG.ELC.ACCS.ZS,2002,99.73160072
French Polynesia,PYF,Access to electricity (% of population),EG.ELC.ACCS.ZS,2002,100.0
Qatar,QAT,Access to electricity (% of population),EG.ELC.ACCS.ZS,2002,100.0
Romania,ROU,Access to electricity (% of population),EG.ELC.ACCS.ZS,2002,94.9
Russian Federation,RUS,Access to electricity (% of population),EG.ELC.ACCS.ZS,2002,97.9
Rwanda,RWA,Access to electricity (% of population),EG.ELC.ACCS.ZS,2002,6.0
South Asia,SAS,Access to electricity (% of population),EG.ELC.ACCS.ZS,2002,59.41578398
Saudi Arabia,SAU,Access to electricity (% of population),EG.ELC.ACCS.ZS,2002,100.0
Sudan,SDN,Access to electricity (% of population),EG.ELC.ACCS.ZS,2002,29.7
Senegal,SEN,Access to electricity (% of population),EG.ELC.ACCS.ZS,2002,36.8
Singapore,SGP,Access to electricity (% of population),EG.ELC.ACCS.ZS,2002,100.0
Solomon Islands,SLB,Access to electricity (% of population),EG.ELC.ACCS.ZS,2002,10.5
Sierra Leone,SLE,Access to electricity (% of population),EG.ELC.ACCS.ZS,2002,9.2
El Salvador,SLV,Access to electricity (% of population),EG.ELC.ACCS.ZS,2002,87.5
San Marino,SMR,Access to electricity (% of population),EG.ELC.ACCS.ZS,2002,100.0
"Somalia, Fed. Rep.",SOM,Access to electricity (% of population),EG.ELC.ACCS.ZS,2002,7.4
Serbia,SRB,Access to electricity (% of population),EG.ELC.ACCS.ZS,2002,100.0
Sub-Saharan Africa (excluding high income),SSA,Access to electricity (% of population),EG.ELC.ACCS.ZS,2002,27.33164779
Sub-Saharan Africa,SSF,Access to electricity (% of population),EG.ELC.ACCS.ZS,2002,27.33977314
Small states,SST,Access to electricity (% of population),EG.ELC.ACCS.ZS,2002,74.96802473
Sao Tome and Principe,STP,Access to electricity (% of population),EG.ELC.ACCS.ZS,2002,52.5
Suriname,SUR,Access to electricity (% of population),EG.ELC.ACCS.ZS,2002,95.2
Slovak Republic,SVK,Access to electricity (% of population),EG.ELC.ACCS.ZS,2002,100.0
Slovenia,SVN,Access to electricity (% of population),EG.ELC.ACCS.ZS,2002,100.0
Sweden,SWE,Access to electricity (% of population),EG.ELC.ACCS.ZS,2002,100.0
Eswatini,SWZ,Access to electricity (% of population),EG.ELC.ACCS.ZS,2002,25.9
Sint Maarten (Dutch part),SXM,Access to electricity (% of population),EG.ELC.ACCS.ZS,2002,99.9
Seychelles,SYC,Access to electricity (% of population),EG.ELC.ACCS.ZS,2002,96.1
Syrian Arab Republic,SYR,Access to electricity (% of population),EG.ELC.ACCS.ZS,2002,86.6
Turks and Caicos Islands,TCA,Access to electricity (% of population),EG.ELC.ACCS.ZS,2002,95.2
Chad,TCD,Access to electricity (% of population),EG.ELC.ACCS.ZS,2002,3.8
East Asia & Pacific (IDA & IBRD countries),TEA,Access to electricity (% of population),EG.ELC.ACCS.ZS,2002,92.15337322
Europe & Central Asia (IDA & IBRD countries),TEC,Access to electricity (% of population),EG.ELC.ACCS.ZS,2002,98.42382739
Togo,TGO,Access to electricity (% of population),EG.ELC.ACCS.ZS,2002,21.3
Thailand,THA,Access to electricity (% of population),EG.ELC.ACCS.ZS,2002,91.0
Tajikistan,TJK,Access to electricity (% of population),EG.ELC.ACCS.ZS,2002,99.0
Turkmenistan,TKM,Access to electricity (% of population),EG.ELC.ACCS.ZS,2002,99.6
Latin America & the Caribbean (IDA & IBRD countries),TLA,Access to electricity (% of population),EG.ELC.ACCS.ZS,2002,92.52894266
Timor-Leste,TLS,Access to electricity (% of population),EG.ELC.ACCS.ZS,2002,24.1
"Middle East, North Africa, Afghanistan & Pakistan (IDA & IBRD)",TMN,Access to electricity (% of population),EG.ELC.ACCS.ZS,2002,82.32660338
Tonga,TON,Access to electricity (% of population),EG.ELC.ACCS.ZS,2002,87.0
South Asia (IDA & IBRD),TSA,Access to electricity (% of population),EG.ELC.ACCS.ZS,2002,59.41578398
Sub-Saharan Africa (IDA & IBRD countries),TSS,Access to electricity (% of population),EG.ELC.ACCS.ZS,2002,27.33977314
Trinidad and Tobago,TTO,Access to electricity (% of population),EG.ELC.ACCS.ZS,2002,96.5
Tunisia,TUN,Access to electricity (% of population),EG.ELC.ACCS.ZS,2002,97.8
Turkiye,TUR,Access to electricity (% of population),EG.ELC.ACCS.ZS,2002,99.8
Tuvalu,TUV,Access to electricity (% of population),EG.ELC.ACCS.ZS,2002,94.6
Tanzania,TZA,Access to electricity (% of population),EG.ELC.ACCS.ZS,2002,10.7
Uganda,UGA,Access to electricity (% of population),EG.ELC.ACCS.ZS,2002,7.8
Ukraine,UKR,Access to electricity (% of population),EG.ELC.ACCS.ZS,2002,99.3
Upper middle income,UMC,Access to electricity (% of population),EG.ELC.ACCS.ZS,2002,94.4120199
Uruguay,URY,Access to electricity (% of population),EG.ELC.ACCS.ZS,2002,97.8
United States,USA,Access to electricity (% of population),EG.ELC.ACCS.ZS,2002,100.0
Uzbekistan,UZB,Access to electricity (% of population),EG.ELC.ACCS.ZS,2002,99.7
St. Vincent and the Grenadines,VCT,Access to electricity (% of population),EG.ELC.ACCS.ZS,2002,82.4
"Venezuela, RB",VEN,Access to electricity (% of population),EG.ELC.ACCS.ZS,2002,99.8
British Virgin Islands,VGB,Access to electricity (% of population),EG.ELC.ACCS.ZS,2002,97.3
Virgin Islands (U.S.),VIR,Access to electricity (% of population),EG.ELC.ACCS.ZS,2002,100.0
Viet Nam,VNM,Access to electricity (% of population),EG.ELC.ACCS.ZS,2002,89.1
Vanuatu,VUT,Access to electricity (% of population),EG.ELC.ACCS.ZS,2002,25.7
World,WLD,Access to electricity (% of population),EG.ELC.ACCS.ZS,2002,79.10435891
Samoa,WSM,Access to electricity (% of population),EG.ELC.ACCS.ZS,2002,89.3
"Yemen, Rep.",YEM,Access to electricity (% of population),EG.ELC.ACCS.ZS,2002,51.5
South Africa,ZAF,Access to electricity (% of population),EG.ELC.ACCS.ZS,2002,76.7
Zambia,ZMB,Access to electricity (% of population),EG.ELC.ACCS.ZS,2002,17.4
Zimbabwe,ZWE,Access to electricity (% of population),EG.ELC.ACCS.ZS,2002,34.2
Aruba,ABW,Access to electricity (% of population),EG.ELC.ACCS.ZS,2003,100.0
Africa Eastern and Southern,AFE,Access to electricity (% of population),EG.ELC.ACCS.ZS,2003,22.49321672
Afghanistan,AFG,Access to electricity (% of population),EG.ELC.ACCS.ZS,2003,19.0
Africa Western and Central,AFW,Access to electricity (% of population),EG.ELC.ACCS.ZS,2003,39.98309066
Angola,AGO,Access to electricity (% of population),EG.ELC.ACCS.ZS,2003,27.4
Albania,ALB,Access to electricity (% of population),EG.ELC.ACCS.ZS,2003,99.4
Andorra,AND,Access to electricity (% of population),EG.ELC.ACCS.ZS,2003,100.0
Arab World,ARB,Access to electricity (% of population),EG.ELC.ACCS.ZS,2003,82.3422219
United Arab Emirates,ARE,Access to electricity (% of population),EG.ELC.ACCS.ZS,2003,100.0
Argentina,ARG,Access to electricity (% of population),EG.ELC.ACCS.ZS,2003,96.3
Armenia,ARM,Access to electricity (% of population),EG.ELC.ACCS.ZS,2003,99.1
Antigua and Barbuda,ATG,Access to electricity (% of population),EG.ELC.ACCS.ZS,2003,97.9
Australia,AUS,Access to electricity (% of population),EG.ELC.ACCS.ZS,2003,100.0
Austria,AUT,Access to electricity (% of population),EG.ELC.ACCS.ZS,2003,100.0
Azerbaijan,AZE,Access to electricity (% of population),EG.ELC.ACCS.ZS,2003,98.8
Burundi,BDI,Access to electricity (% of population),EG.ELC.ACCS.ZS,2003,3.4
Belgium,BEL,Access to electricity (% of population),EG.ELC.ACCS.ZS,2003,100.0
Benin,BEN,Access to electricity (% of population),EG.ELC.ACCS.ZS,2003,24.3
Burkina Faso,BFA,Access to electricity (% of population),EG.ELC.ACCS.ZS,2003,11.4
Bangladesh,BGD,Access to electricity (% of population),EG.ELC.ACCS.ZS,2003,40.5
Bulgaria,BGR,Access to electricity (% of population),EG.ELC.ACCS.ZS,2003,89.6
Bahrain,BHR,Access to electricity (% of population),EG.ELC.ACCS.ZS,2003,100.0
"Bahamas, The",BHS,Access to electricity (% of population),EG.ELC.ACCS.ZS,2003,100.0
Bosnia and Herzegovina,BIH,Access to electricity (% of population),EG.ELC.ACCS.ZS,2003,99.0
Belarus,BLR,Access to electricity (% of population),EG.ELC.ACCS.ZS,2003,90.5
Belize,BLZ,Access to electricity (% of population),EG.ELC.ACCS.ZS,2003,81.8
Bermuda,BMU,Access to electricity (% of population),EG.ELC.ACCS.ZS,2003,100.0
Bolivia,BOL,Access to electricity (% of population),EG.ELC.ACCS.ZS,2003,72.3
Brazil,BRA,Access to electricity (% of population),EG.ELC.ACCS.ZS,2003,97.0
Barbados,BRB,Access to electricity (% of population),EG.ELC.ACCS.ZS,2003,100.0
Brunei Darussalam,BRN,Access to electricity (% of population),EG.ELC.ACCS.ZS,2003,100.0
Bhutan,BTN,Access to electricity (% of population),EG.ELC.ACCS.ZS,2003,41.1
Botswana,BWA,Access to electricity (% of population),EG.ELC.ACCS.ZS,2003,33.1
Central African Republic,CAF,Access to electricity (% of population),EG.ELC.ACCS.ZS,2003,6.6
Canada,CAN,Access to electricity (% of population),EG.ELC.ACCS.ZS,2003,100.0
Central Europe and the Baltics,CEB,Access to electricity (% of population),EG.ELC.ACCS.ZS,2003,98.1907969
Switzerland,CHE,Access to electricity (% of population),EG.ELC.ACCS.ZS,2003,100.0
Channel Islands,CHI,Access to electricity (% of population),EG.ELC.ACCS.ZS,2003,100.0
Chile,CHL,Access to electricity (% of population),EG.ELC.ACCS.ZS,2003,98.8
China,CHN,Access to electricity (% of population),EG.ELC.ACCS.ZS,2003,97.4
Cote d'Ivoire,CIV,Access to electricity (% of population),EG.ELC.ACCS.ZS,2003,51.5
Cameroon,CMR,Access to electricity (% of population),EG.ELC.ACCS.ZS,2003,45.1
"Congo, Dem. Rep.",COD,Access to electricity (% of population),EG.ELC.ACCS.ZS,2003,8.3
"Congo, Rep.",COG,Access to electricity (% of population),EG.ELC.ACCS.ZS,2003,32.1
Colombia,COL,Access to electricity (% of population),EG.ELC.ACCS.ZS,2003,95.1
Comoros,COM,Access to electricity (% of population),EG.ELC.ACCS.ZS,2003,46.5
Cabo Verde,CPV,Access to electricity (% of population),EG.ELC.ACCS.ZS,2003,63.7
Costa Rica,CRI,Access to electricity (% of population),EG.ELC.ACCS.ZS,2003,98.7
Caribbean small states,CSS,Access to electricity (% of population),EG.ELC.ACCS.ZS,2003,91.00187184
Cuba,CUB,Access to electricity (% of population),EG.ELC.ACCS.ZS,2003,96.5
Curacao,CUW,Access to electricity (% of population),EG.ELC.ACCS.ZS,2003,99.8
Cayman Islands,CYM,Access to electricity (% of population),EG.ELC.ACCS.ZS,2003,100.0
Cyprus,CYP,Access to electricity (% of population),EG.ELC.ACCS.ZS,2003,100.0
Czechia,CZE,Access to electricity (% of population),EG.ELC.ACCS.ZS,2003,100.0
Germany,DEU,Access to electricity (% of population),EG.ELC.ACCS.ZS,2003,100.0
Djibouti,DJI,Access to electricity (% of population),EG.ELC.ACCS.ZS,2003,56.4
Dominica,DMA,Access to electricity (% of population),EG.ELC.ACCS.ZS,2003,84.0
Denmark,DNK,Access to electricity (% of population),EG.ELC.ACCS.ZS,2003,100.0
Dominican Republic,DOM,Access to electricity (% of population),EG.ELC.ACCS.ZS,2003,89.2
Algeria,DZA,Access to electricity (% of population),EG.ELC.ACCS.ZS,2003,98.6
East Asia & Pacific (excluding high income),EAP,Access to electricity (% of population),EG.ELC.ACCS.ZS,2003,92.37804777
Early-demographic dividend,EAR,Access to electricity (% of population),EG.ELC.ACCS.ZS,2003,70.88240684
East Asia & Pacific,EAS,Access to electricity (% of population),EG.ELC.ACCS.ZS,2003,93.16295845
Europe & Central Asia (excluding high income),ECA,Access to electricity (% of population),EG.ELC.ACCS.ZS,2003,99.14849182
Europe & Central Asia,ECS,Access to electricity (% of population),EG.ELC.ACCS.ZS,2003,99.2130326
Ecuador,ECU,Access to electricity (% of population),EG.ELC.ACCS.ZS,2003,95.0
"Egypt, Arab Rep.",EGY,Access to electricity (% of population),EG.ELC.ACCS.ZS,2003,98.8
Euro area,EMU,Access to electricity (% of population),EG.ELC.ACCS.ZS,2003,99.75338784
Eritrea,ERI,Access to electricity (% of population),EG.ELC.ACCS.ZS,2003,32.4
Spain,ESP,Access to electricity (% of population),EG.ELC.ACCS.ZS,2003,100.0
Estonia,EST,Access to electricity (% of population),EG.ELC.ACCS.ZS,2003,100.0
Ethiopia,ETH,Access to electricity (% of population),EG.ELC.ACCS.ZS,2003,13.5
European Union,EUU,Access to electricity (% of population),EG.ELC.ACCS.ZS,2003,99.55399072
Finland,FIN,Access to electricity (% of population),EG.ELC.ACCS.ZS,2003,100.0
Fiji,FJI,Access to electricity (% of population),EG.ELC.ACCS.ZS,2003,80.0
France,FRA,Access to electricity (% of population),EG.ELC.ACCS.ZS,2003,100.0
Faroe Islands,FRO,Access to electricity (% of population),EG.ELC.ACCS.ZS,2003,100.0
"Micronesia, Fed. Sts.",FSM,Access to electricity (% of population),EG.ELC.ACCS.ZS,2003,51.8
Gabon,GAB,Access to electricity (% of population),EG.ELC.ACCS.ZS,2003,78.5
United Kingdom,GBR,Access to electricity (% of population),EG.ELC.ACCS.ZS,2003,100.0
Georgia,GEO,Access to electricity (% of population),EG.ELC.ACCS.ZS,2003,100.0
Ghana,GHA,Access to electricity (% of population),EG.ELC.ACCS.ZS,2003,48.3
Gibraltar,GIB,Access to electricity (% of population),EG.ELC.ACCS.ZS,2003,99.8
Guinea,GIN,Access to electricity (% of population),EG.ELC.ACCS.ZS,2003,18.9
"Gambia, The",GMB,Access to electricity (% of population),EG.ELC.ACCS.ZS,2003,27.8
Guinea-Bissau,GNB,Access to electricity (% of population),EG.ELC.ACCS.ZS,2003,2.6
Equatorial Guinea,GNQ,Access to electricity (% of population),EG.ELC.ACCS.ZS,2003,64.9
Greece,GRC,Access to electricity (% of population),EG.ELC.ACCS.ZS,2003,100.0
Grenada,GRD,Access to electricity (% of population),EG.ELC.ACCS.ZS,2003,86.9
Greenland,GRL,Access to electricity (% of population),EG.ELC.ACCS.ZS,2003,100.0
Guatemala,GTM,Access to electricity (% of population),EG.ELC.ACCS.ZS,2003,78.5
Guam,GUM,Access to electricity (% of population),EG.ELC.ACCS.ZS,2003,100.0
Guyana,GUY,Access to electricity (% of population),EG.ELC.ACCS.ZS,2003,76.2
High income,HIC,Access to electricity (% of population),EG.ELC.ACCS.ZS,2003,99.52842539
"Hong Kong SAR, China",HKG,Access to electricity (% of population),EG.ELC.ACCS.ZS,2003,100.0
Honduras,HND,Access to electricity (% of population),EG.ELC.ACCS.ZS,2003,65.1
Heavily indebted poor countries (HIPC),HPC,Access to electricity (% of population),EG.ELC.ACCS.ZS,2003,20.8706724
Croatia,HRV,Access to electricity (% of population),EG.ELC.ACCS.ZS,2003,100.0
Haiti,HTI,Access to electricity (% of population),EG.ELC.ACCS.ZS,2003,31.6
Hungary,HUN,Access to electricity (% of population),EG.ELC.ACCS.ZS,2003,100.0
IBRD only,IBD,Access to electricity (% of population),EG.ELC.ACCS.ZS,2003,86.55819569
IDA & IBRD total,IBT,Access to electricity (% of population),EG.ELC.ACCS.ZS,2003,76.13861324
IDA total,IDA,Access to electricity (% of population),EG.ELC.ACCS.ZS,2003,40.54282342
IDA blend,IDB,Access to electricity (% of population),EG.ELC.ACCS.ZS,2003,60.09528165
Indonesia,IDN,Access to electricity (% of population),EG.ELC.ACCS.ZS,2003,87.9
IDA only,IDX,Access to electricity (% of population),EG.ELC.ACCS.ZS,2003,29.90197754
Isle of Man,IMN,Access to electricity (% of population),EG.ELC.ACCS.ZS,2003,100.0
India,IND,Access to electricity (% of population),EG.ELC.ACCS.ZS,2003,65.4
Ireland,IRL,Access to electricity (% of population),EG.ELC.ACCS.ZS,2003,100.0
"Iran, Islamic Rep.",IRN,Access to electricity (% of population),EG.ELC.ACCS.ZS,2003,98.2
Iraq,IRQ,Access to electricity (% of population),EG.ELC.ACCS.ZS,2003,97.2
Iceland,ISL,Access to electricity (% of population),EG.ELC.ACCS.ZS,2003,100.0
Israel,ISR,Access to electricity (% of population),EG.ELC.ACCS.ZS,2003,100.0
Italy,ITA,Access to electricity (% of population),EG.ELC.ACCS.ZS,2003,100.0
Jamaica,JAM,Access to electricity (% of population),EG.ELC.ACCS.ZS,2003,86.5
Jordan,JOR,Access to electricity (% of population),EG.ELC.ACCS.ZS,2003,99.0
Japan,JPN,Access to electricity (% of population),EG.ELC.ACCS.ZS,2003,100.0
Kazakhstan,KAZ,Access to electricity (% of population),EG.ELC.ACCS.ZS,2003,99.9
Kenya,KEN,Access to electricity (% of population),EG.ELC.ACCS.ZS,2003,16.0
Kyrgyz Republic,KGZ,Access to electricity (% of population),EG.ELC.ACCS.ZS,2003,99.4
Cambodia,KHM,Access to electricity (% of population),EG.ELC.ACCS.ZS,2003,19.3
Kiribati,KIR,Access to electricity (% of population),EG.ELC.ACCS.ZS,2003,60.7
St. Kitts and Nevis,KNA,Access to electricity (% of population),EG.ELC.ACCS.ZS,2003,96.0
"Korea, Rep.",KOR,Access to electricity (% of population),EG.ELC.ACCS.ZS,2003,100.0
Kuwait,KWT,Access to electricity (% of population),EG.ELC.ACCS.ZS,2003,100.0
Latin America & Caribbean (excluding high income),LAC,Access to electricity (% of population),EG.ELC.ACCS.ZS,2003,92.4397016
Lao PDR,LAO,Access to electricity (% of population),EG.ELC.ACCS.ZS,2003,48.0
Lebanon,LBN,Access to electricity (% of population),EG.ELC.ACCS.ZS,2003,99.2
Libya,LBY,Access to electricity (% of population),EG.ELC.ACCS.ZS,2003,93.5
St. Lucia,LCA,Access to electricity (% of population),EG.ELC.ACCS.ZS,2003,88.5
Latin America & Caribbean,LCN,Access to electricity (% of population),EG.ELC.ACCS.ZS,2003,92.73840883
Least developed countries: UN classification,LDC,Access to electricity (% of population),EG.ELC.ACCS.ZS,2003,24.52077037
Low income,LIC,Access to electricity (% of population),EG.ELC.ACCS.ZS,2003,19.01285105
Liechtenstein,LIE,Access to electricity (% of population),EG.ELC.ACCS.ZS,2003,100.0
Sri Lanka,LKA,Access to electricity (% of population),EG.ELC.ACCS.ZS,2003,75.0
Lower middle income,LMC,Access to electricity (% of population),EG.ELC.ACCS.ZS,2003,61.20624374
Low & middle income,LMY,Access to electricity (% of population),EG.ELC.ACCS.ZS,2003,75.1627497
Lesotho,LSO,Access to electricity (% of population),EG.ELC.ACCS.ZS,2003,5.4
Late-demographic dividend,LTE,Access to electricity (% of population),EG.ELC.ACCS.ZS,2003,96.45572275
Lithuania,LTU,Access to electricity (% of population),EG.ELC.ACCS.ZS,2003,99.4
Luxembourg,LUX,Access to electricity (% of population),EG.ELC.ACCS.ZS,2003,100.0
Latvia,LVA,Access to electricity (% of population),EG.ELC.ACCS.ZS,2003,99.8
"Macao SAR, China",MAC,Access to electricity (% of population),EG.ELC.ACCS.ZS,2003,100.0
St. Martin (French part),MAF,Access to electricity (% of population),EG.ELC.ACCS.ZS,2003,99.8
Morocco,MAR,Access to electricity (% of population),EG.ELC.ACCS.ZS,2003,75.1
Monaco,MCO,Access to electricity (% of population),EG.ELC.ACCS.ZS,2003,100.0
Moldova,MDA,Access to electricity (% of population),EG.ELC.ACCS.ZS,2003,98.8
Madagascar,MDG,Access to electricity (% of population),EG.ELC.ACCS.ZS,2003,20.3
Maldives,MDV,Access to electricity (% of population),EG.ELC.ACCS.ZS,2003,89.1
"Middle East, North Africa, Afghanistan & Pakistan",MEA,Access to electricity (% of population),EG.ELC.ACCS.ZS,2003,84.58461666
Mexico,MEX,Access to electricity (% of population),EG.ELC.ACCS.ZS,2003,97.4
Marshall Islands,MHL,Access to electricity (% of population),EG.ELC.ACCS.ZS,2003,72.9
Middle income,MIC,Access to electricity (% of population),EG.ELC.ACCS.ZS,2003,79.75467744
North Macedonia,MKD,Access to electricity (% of population),EG.ELC.ACCS.ZS,2003,99.0
Mali,MLI,Access to electricity (% of population),EG.ELC.ACCS.ZS,2003,14.7
Malta,MLT,Access to electricity (% of population),EG.ELC.ACCS.ZS,2003,100.0
Myanmar,MMR,Access to electricity (% of population),EG.ELC.ACCS.ZS,2003,45.1
"Middle East, North Africa, Afghanistan & Pakistan (excluding high income)",MNA,Access to electricity (% of population),EG.ELC.ACCS.ZS,2003,83.46031306
Montenegro,MNE,Access to electricity (% of population),EG.ELC.ACCS.ZS,2003,99.0
Mongolia,MNG,Access to electricity (% of population),EG.ELC.ACCS.ZS,2003,76.3
Northern Mariana Islands,MNP,Access to electricity (% of population),EG.ELC.ACCS.ZS,2003,99.9
Mozambique,MOZ,Access to electricity (% of population),EG.ELC.ACCS.ZS,2003,8.1
Mauritania,MRT,Access to electricity (% of population),EG.ELC.ACCS.ZS,2003,23.0
Mauritius,MUS,Access to electricity (% of population),EG.ELC.ACCS.ZS,2003,99.1
Malawi,MWI,Access to electricity (% of population),EG.ELC.ACCS.ZS,2003,6.2
Malaysia,MYS,Access to electricity (% of population),EG.ELC.ACCS.ZS,2003,98.7
North America,NAC,Access to electricity (% of population),EG.ELC.ACCS.ZS,2003,100.0
Namibia,NAM,Access to electricity (% of population),EG.ELC.ACCS.ZS,2003,37.8
New Caledonia,NCL,Access to electricity (% of population),EG.ELC.ACCS.ZS,2003,100.0
Niger,NER,Access to electricity (% of population),EG.ELC.ACCS.ZS,2003,9.3
Nigeria,NGA,Access to electricity (% of population),EG.ELC.ACCS.ZS,2003,52.2
Nicaragua,NIC,Access to electricity (% of population),EG.ELC.ACCS.ZS,2003,74.6
Netherlands,NLD,Access to electricity (% of population),EG.ELC.ACCS.ZS,2003,100.0
Norway,NOR,Access to electricity (% of population),EG.ELC.ACCS.ZS,2003,100.0
Nepal,NPL,Access to electricity (% of population),EG.ELC.ACCS.ZS,2003,39.6
Naoero,NRU,Access to electricity (% of population),EG.ELC.ACCS.ZS,2003,99.0
New Zealand,NZL,Access to electricity (% of population),EG.ELC.ACCS.ZS,2003,100.0
OECD members,OED,Access to electricity (% of population),EG.ELC.ACCS.ZS,2003,99.58272084
Oman,OMN,Access to electricity (% of population),EG.ELC.ACCS.ZS,2003,100.0
Other small states,OSS,Access to electricity (% of population),EG.ELC.ACCS.ZS,2003,73.16953701
Pakistan,PAK,Access to electricity (% of population),EG.ELC.ACCS.ZS,2003,76.0
Panama,PAN,Access to electricity (% of population),EG.ELC.ACCS.ZS,2003,87.8
Peru,PER,Access to electricity (% of population),EG.ELC.ACCS.ZS,2003,74.4
Philippines,PHL,Access to electricity (% of population),EG.ELC.ACCS.ZS,2003,76.6
Palau,PLW,Access to electricity (% of population),EG.ELC.ACCS.ZS,2003,98.1
Papua New Guinea,PNG,Access to electricity (% of population),EG.ELC.ACCS.ZS,2003,13.4
Poland,POL,Access to electricity (% of population),EG.ELC.ACCS.ZS,2003,99.9
Pre-demographic dividend,PRE,Access to electricity (% of population),EG.ELC.ACCS.ZS,2003,29.50740499
Puerto Rico (US),PRI,Access to electricity (% of population),EG.ELC.ACCS.ZS,2003,100.0
Portugal,PRT,Access to electricity (% of population),EG.ELC.ACCS.ZS,2003,100.0
Paraguay,PRY,Access to electricity (% of population),EG.ELC.ACCS.ZS,2003,92.6
West Bank and Gaza,PSE,Access to electricity (% of population),EG.ELC.ACCS.ZS,2003,99.1
Pacific island small states,PSS,Access to electricity (% of population),EG.ELC.ACCS.ZS,2003,59.4337402
Post-demographic dividend,PST,Access to electricity (% of population),EG.ELC.ACCS.ZS,2003,99.75554511
French Polynesia,PYF,Access to electricity (% of population),EG.ELC.ACCS.ZS,2003,100.0
Qatar,QAT,Access to electricity (% of population),EG.ELC.ACCS.ZS,2003,100.0
Romania,ROU,Access to electricity (% of population),EG.ELC.ACCS.ZS,2003,95.1
Russian Federation,RUS,Access to electricity (% of population),EG.ELC.ACCS.ZS,2003,97.9
Rwanda,RWA,Access to electricity (% of population),EG.ELC.ACCS.ZS,2003,7.4
South Asia,SAS,Access to electricity (% of population),EG.ELC.ACCS.ZS,2003,62.34110306
Saudi Arabia,SAU,Access to electricity (% of population),EG.ELC.ACCS.ZS,2003,100.0
Sudan,SDN,Access to electricity (% of population),EG.ELC.ACCS.ZS,2003,29.9
Senegal,SEN,Access to electricity (% of population),EG.ELC.ACCS.ZS,2003,41.9
Singapore,SGP,Access to electricity (% of population),EG.ELC.ACCS.ZS,2003,100.0
Solomon Islands,SLB,Access to electricity (% of population),EG.ELC.ACCS.ZS,2003,13.4
Sierra Leone,SLE,Access to electricity (% of population),EG.ELC.ACCS.ZS,2003,9.9
El Salvador,SLV,Access to electricity (% of population),EG.ELC.ACCS.ZS,2003,87.0
San Marino,SMR,Access to electricity (% of population),EG.ELC.ACCS.ZS,2003,100.0
"Somalia, Fed. Rep.",SOM,Access to electricity (% of population),EG.ELC.ACCS.ZS,2003,9.8
Serbia,SRB,Access to electricity (% of population),EG.ELC.ACCS.ZS,2003,99.7
Sub-Saharan Africa (excluding high income),SSA,Access to electricity (% of population),EG.ELC.ACCS.ZS,2003,29.589074
Sub-Saharan Africa,SSF,Access to electricity (% of population),EG.ELC.ACCS.ZS,2003,29.59650158
Small states,SST,Access to electricity (% of population),EG.ELC.ACCS.ZS,2003,75.79165396
Sao Tome and Principe,STP,Access to electricity (% of population),EG.ELC.ACCS.ZS,2003,53.6
Suriname,SUR,Access to electricity (% of population),EG.ELC.ACCS.ZS,2003,95.1
Slovak Republic,SVK,Access to electricity (% of population),EG.ELC.ACCS.ZS,2003,100.0
Slovenia,SVN,Access to electricity (% of population),EG.ELC.ACCS.ZS,2003,100.0
Sweden,SWE,Access to electricity (% of population),EG.ELC.ACCS.ZS,2003,100.0
Eswatini,SWZ,Access to electricity (% of population),EG.ELC.ACCS.ZS,2003,28.7
Sint Maarten (Dutch part),SXM,Access to electricity (% of population),EG.ELC.ACCS.ZS,2003,99.8
Seychelles,SYC,Access to electricity (% of population),EG.ELC.ACCS.ZS,2003,94.9
Syrian Arab Republic,SYR,Access to electricity (% of population),EG.ELC.ACCS.ZS,2003,92.6
Turks and Caicos Islands,TCA,Access to electricity (% of population),EG.ELC.ACCS.ZS,2003,95.4
Chad,TCD,Access to electricity (% of population),EG.ELC.ACCS.ZS,2003,4.1
East Asia & Pacific (IDA & IBRD countries),TEA,Access to electricity (% of population),EG.ELC.ACCS.ZS,2003,92.37814488
Europe & Central Asia (IDA & IBRD countries),TEC,Access to electricity (% of population),EG.ELC.ACCS.ZS,2003,98.43806329
Togo,TGO,Access to electricity (% of population),EG.ELC.ACCS.ZS,2003,23.0
Thailand,THA,Access to electricity (% of population),EG.ELC.ACCS.ZS,2003,91.6
Tajikistan,TJK,Access to electricity (% of population),EG.ELC.ACCS.ZS,2003,100.0
Turkmenistan,TKM,Access to electricity (% of population),EG.ELC.ACCS.ZS,2003,99.6
Latin America & the Caribbean (IDA & IBRD countries),TLA,Access to electricity (% of population),EG.ELC.ACCS.ZS,2003,92.59441262
Timor-Leste,TLS,Access to electricity (% of population),EG.ELC.ACCS.ZS,2003,27.7
"Middle East, North Africa, Afghanistan & Pakistan (IDA & IBRD)",TMN,Access to electricity (% of population),EG.ELC.ACCS.ZS,2003,83.35984605
Tonga,TON,Access to electricity (% of population),EG.ELC.ACCS.ZS,2003,87.6
South Asia (IDA & IBRD),TSA,Access to electricity (% of population),EG.ELC.ACCS.ZS,2003,62.34110306
Sub-Saharan Africa (IDA & IBRD countries),TSS,Access to electricity (% of population),EG.ELC.ACCS.ZS,2003,29.59650158
Trinidad and Tobago,TTO,Access to electricity (% of population),EG.ELC.ACCS.ZS,2003,96.7
Tunisia,TUN,Access to electricity (% of population),EG.ELC.ACCS.ZS,2003,98.4
Turkiye,TUR,Access to electricity (% of population),EG.ELC.ACCS.ZS,2003,99.8
Tuvalu,TUV,Access to electricity (% of population),EG.ELC.ACCS.ZS,2003,95.1
Tanzania,TZA,Access to electricity (% of population),EG.ELC.ACCS.ZS,2003,11.1
Uganda,UGA,Access to electricity (% of population),EG.ELC.ACCS.ZS,2003,10.5
Ukraine,UKR,Access to electricity (% of population),EG.ELC.ACCS.ZS,2003,99.3
Upper middle income,UMC,Access to electricity (% of population),EG.ELC.ACCS.ZS,2003,94.58798974
Uruguay,URY,Access to electricity (% of population),EG.ELC.ACCS.ZS,2003,97.9
United States,USA,Access to electricity (% of population),EG.ELC.ACCS.ZS,2003,100.0
Uzbekistan,UZB,Access to electricity (% of population),EG.ELC.ACCS.ZS,2003,99.5
St. Vincent and the Grenadines,VCT,Access to electricity (% of population),EG.ELC.ACCS.ZS,2003,83.7
"Venezuela, RB",VEN,Access to electricity (% of population),EG.ELC.ACCS.ZS,2003,95.7
British Virgin Islands,VGB,Access to electricity (% of population),EG.ELC.ACCS.ZS,2003,97.4
Virgin Islands (U.S.),VIR,Access to electricity (% of population),EG.ELC.ACCS.ZS,2003,100.0
Viet Nam,VNM,Access to electricity (% of population),EG.ELC.ACCS.ZS,2003,90.3
Vanuatu,VUT,Access to electricity (% of population),EG.ELC.ACCS.ZS,2003,27.5
World,WLD,Access to electricity (% of population),EG.ELC.ACCS.ZS,2003,79.96847147
Samoa,WSM,Access to electricity (% of population),EG.ELC.ACCS.ZS,2003,89.9
"Yemen, Rep.",YEM,Access to electricity (% of population),EG.ELC.ACCS.ZS,2003,52.6
South Africa,ZAF,Access to electricity (% of population),EG.ELC.ACCS.ZS,2003,78.8
Zambia,ZMB,Access to electricity (% of population),EG.ELC.ACCS.ZS,2003,18.5
Zimbabwe,ZWE,Access to electricity (% of population),EG.ELC.ACCS.ZS,2003,35.1
Aruba,ABW,Access to electricity (% of population),EG.ELC.ACCS.ZS,2004,100.0
Africa Eastern and Southern,AFE,Access to electricity (% of population),EG.ELC.ACCS.ZS,2004,23.72445493
Afghanistan,AFG,Access to electricity (% of population),EG.ELC.ACCS.ZS,2004,23.8
Africa Western and Central,AFW,Access to electricity (% of population),EG.ELC.ACCS.ZS,2004,37.61196754
Angola,AGO,Access to electricity (% of population),EG.ELC.ACCS.ZS,2004,28.4
Albania,ALB,Access to electricity (% of population),EG.ELC.ACCS.ZS,2004,99.4
Andorra,AND,Access to electricity (% of population),EG.ELC.ACCS.ZS,2004,100.0
Arab World,ARB,Access to electricity (% of population),EG.ELC.ACCS.ZS,2004,82.27952495
United Arab Emirates,ARE,Access to electricity (% of population),EG.ELC.ACCS.ZS,2004,100.0
Argentina,ARG,Access to electricity (% of population),EG.ELC.ACCS.ZS,2004,96.5
Armenia,ARM,Access to electricity (% of population),EG.ELC.ACCS.ZS,2004,99.1
Antigua and Barbuda,ATG,Access to electricity (% of population),EG.ELC.ACCS.ZS,2004,97.9
Australia,AUS,Access to electricity (% of population),EG.ELC.ACCS.ZS,2004,100.0
Austria,AUT,Access to electricity (% of population),EG.ELC.ACCS.ZS,2004,100.0
Azerbaijan,AZE,Access to electricity (% of population),EG.ELC.ACCS.ZS,2004,99.0
Burundi,BDI,Access to electricity (% of population),EG.ELC.ACCS.ZS,2004,3.7
Belgium,BEL,Access to electricity (% of population),EG.ELC.ACCS.ZS,2004,100.0
Benin,BEN,Access to electricity (% of population),EG.ELC.ACCS.ZS,2004,25.2
Burkina Faso,BFA,Access to electricity (% of population),EG.ELC.ACCS.ZS,2004,10.7
Bangladesh,BGD,Access to electricity (% of population),EG.ELC.ACCS.ZS,2004,40.6
Bulgaria,BGR,Access to electricity (% of population),EG.ELC.ACCS.ZS,2004,90.1
Bahrain,BHR,Access to electricity (% of population),EG.ELC.ACCS.ZS,2004,100.0
"Bahamas, The",BHS,Access to electricity (% of population),EG.ELC.ACCS.ZS,2004,100.0
Bosnia and Herzegovina,BIH,Access to electricity (% of population),EG.ELC.ACCS.ZS,2004,99.1
Belarus,BLR,Access to electricity (% of population),EG.ELC.ACCS.ZS,2004,91.0
Belize,BLZ,Access to electricity (% of population),EG.ELC.ACCS.ZS,2004,82.6
Bermuda,BMU,Access to electricity (% of population),EG.ELC.ACCS.ZS,2004,100.0
Bolivia,BOL,Access to electricity (% of population),EG.ELC.ACCS.ZS,2004,75.9
Brazil,BRA,Access to electricity (% of population),EG.ELC.ACCS.ZS,2004,96.8
Barbados,BRB,Access to electricity (% of population),EG.ELC.ACCS.ZS,2004,99.9
Brunei Darussalam,BRN,Access to electricity (% of population),EG.ELC.ACCS.ZS,2004,100.0
Bhutan,BTN,Access to electricity (% of population),EG.ELC.ACCS.ZS,2004,51.9
Botswana,BWA,Access to electricity (% of population),EG.ELC.ACCS.ZS,2004,35.3
Central African Republic,CAF,Access to electricity (% of population),EG.ELC.ACCS.ZS,2004,7.0
Canada,CAN,Access to electricity (% of population),EG.ELC.ACCS.ZS,2004,100.0
Central Europe and the Baltics,CEB,Access to electricity (% of population),EG.ELC.ACCS.ZS,2004,98.26792983
Switzerland,CHE,Access to electricity (% of population),EG.ELC.ACCS.ZS,2004,100.0
Channel Islands,CHI,Access to electricity (% of population),EG.ELC.ACCS.ZS,2004,100.0
Chile,CHL,Access to electricity (% of population),EG.ELC.ACCS.ZS,2004,97.5
China,CHN,Access to electricity (% of population),EG.ELC.ACCS.ZS,2004,97.7
Cote d'Ivoire,CIV,Access to electricity (% of population),EG.ELC.ACCS.ZS,2004,52.4
Cameroon,CMR,Access to electricity (% of population),EG.ELC.ACCS.ZS,2004,47.1
"Congo, Dem. Rep.",COD,Access to electricity (% of population),EG.ELC.ACCS.ZS,2004,9.0
"Congo, Rep.",COG,Access to electricity (% of population),EG.ELC.ACCS.ZS,2004,33.0
Colombia,COL,Access to electricity (% of population),EG.ELC.ACCS.ZS,2004,95.3
Comoros,COM,Access to electricity (% of population),EG.ELC.ACCS.ZS,2004,48.7
Cabo Verde,CPV,Access to electricity (% of population),EG.ELC.ACCS.ZS,2004,65.4
Costa Rica,CRI,Access to electricity (% of population),EG.ELC.ACCS.ZS,2004,99.0
Caribbean small states,CSS,Access to electricity (% of population),EG.ELC.ACCS.ZS,2004,91.28946473
Cuba,CUB,Access to electricity (% of population),EG.ELC.ACCS.ZS,2004,96.6
Curacao,CUW,Access to electricity (% of population),EG.ELC.ACCS.ZS,2004,99.8
Cayman Islands,CYM,Access to electricity (% of population),EG.ELC.ACCS.ZS,2004,100.0
Cyprus,CYP,Access to electricity (% of population),EG.ELC.ACCS.ZS,2004,100.0
Czechia,CZE,Access to electricity (% of population),EG.ELC.ACCS.ZS,2004,100.0
Germany,DEU,Access to electricity (% of population),EG.ELC.ACCS.ZS,2004,100.0
Djibouti,DJI,Access to electricity (% of population),EG.ELC.ACCS.ZS,2004,56.6
Dominica,DMA,Access to electricity (% of population),EG.ELC.ACCS.ZS,2004,85.0
Denmark,DNK,Access to electricity (% of population),EG.ELC.ACCS.ZS,2004,100.0
Dominican Republic,DOM,Access to electricity (% of population),EG.ELC.ACCS.ZS,2004,90.3
Algeria,DZA,Access to electricity (% of population),EG.ELC.ACCS.ZS,2004,98.6
East Asia & Pacific (excluding high income),EAP,Access to electricity (% of population),EG.ELC.ACCS.ZS,2004,93.26606804
Early-demographic dividend,EAR,Access to electricity (% of population),EG.ELC.ACCS.ZS,2004,71.11141996
East Asia & Pacific,EAS,Access to electricity (% of population),EG.ELC.ACCS.ZS,2004,93.95632073
Europe & Central Asia (excluding high income),ECA,Access to electricity (% of population),EG.ELC.ACCS.ZS,2004,99.13552454
Europe & Central Asia,ECS,Access to electricity (% of population),EG.ELC.ACCS.ZS,2004,99.23900735
Ecuador,ECU,Access to electricity (% of population),EG.ELC.ACCS.ZS,2004,94.8
"Egypt, Arab Rep.",EGY,Access to electricity (% of population),EG.ELC.ACCS.ZS,2004,97.8
Euro area,EMU,Access to electricity (% of population),EG.ELC.ACCS.ZS,2004,99.76598228
Eritrea,ERI,Access to electricity (% of population),EG.ELC.ACCS.ZS,2004,33.4
Spain,ESP,Access to electricity (% of population),EG.ELC.ACCS.ZS,2004,100.0
Estonia,EST,Access to electricity (% of population),EG.ELC.ACCS.ZS,2004,100.0
Ethiopia,ETH,Access to electricity (% of population),EG.ELC.ACCS.ZS,2004,15.2
European Union,EUU,Access to electricity (% of population),EG.ELC.ACCS.ZS,2004,99.57582483
Finland,FIN,Access to electricity (% of population),EG.ELC.ACCS.ZS,2004,100.0
Fiji,FJI,Access to electricity (% of population),EG.ELC.ACCS.ZS,2004,80.6
France,FRA,Access to electricity (% of population),EG.ELC.ACCS.ZS,2004,100.0
Faroe Islands,FRO,Access to electricity (% of population),EG.ELC.ACCS.ZS,2004,100.0
"Micronesia, Fed. Sts.",FSM,Access to electricity (% of population),EG.ELC.ACCS.ZS,2004,53.5
Gabon,GAB,Access to electricity (% of population),EG.ELC.ACCS.ZS,2004,79.2
United Kingdom,GBR,Access to electricity (% of population),EG.ELC.ACCS.ZS,2004,100.0
Georgia,GEO,Access to electricity (% of population),EG.ELC.ACCS.ZS,2004,99.9
Ghana,GHA,Access to electricity (% of population),EG.ELC.ACCS.ZS,2004,50.8
Gibraltar,GIB,Access to electricity (% of population),EG.ELC.ACCS.ZS,2004,99.7
Guinea,GIN,Access to electricity (% of population),EG.ELC.ACCS.ZS,2004,20.2
"Gambia, The",GMB,Access to electricity (% of population),EG.ELC.ACCS.ZS,2004,34.8
Guinea-Bissau,GNB,Access to electricity (% of population),EG.ELC.ACCS.ZS,2004,3.9
Equatorial Guinea,GNQ,Access to electricity (% of population),EG.ELC.ACCS.ZS,2004,64.9
Greece,GRC,Access to electricity (% of population),EG.ELC.ACCS.ZS,2004,100.0
Grenada,GRD,Access to electricity (% of population),EG.ELC.ACCS.ZS,2004,87.2
Greenland,GRL,Access to electricity (% of population),EG.ELC.ACCS.ZS,2004,100.0
Guatemala,GTM,Access to electricity (% of population),EG.ELC.ACCS.ZS,2004,77.2
Guam,GUM,Access to electricity (% of population),EG.ELC.ACCS.ZS,2004,100.0
Guyana,GUY,Access to electricity (% of population),EG.ELC.ACCS.ZS,2004,76.8
High income,HIC,Access to electricity (% of population),EG.ELC.ACCS.ZS,2004,99.52318916
"Hong Kong SAR, China",HKG,Access to electricity (% of population),EG.ELC.ACCS.ZS,2004,100.0
Honduras,HND,Access to electricity (% of population),EG.ELC.ACCS.ZS,2004,67.1
Heavily indebted poor countries (HIPC),HPC,Access to electricity (% of population),EG.ELC.ACCS.ZS,2004,21.91716766
Croatia,HRV,Access to electricity (% of population),EG.ELC.ACCS.ZS,2004,99.9
Haiti,HTI,Access to electricity (% of population),EG.ELC.ACCS.ZS,2004,34.1
Hungary,HUN,Access to electricity (% of population),EG.ELC.ACCS.ZS,2004,100.0
IBRD only,IBD,Access to electricity (% of population),EG.ELC.ACCS.ZS,2004,86.71849054
IDA & IBRD total,IBT,Access to electricity (% of population),EG.ELC.ACCS.ZS,2004,76.14839802
IDA total,IDA,Access to electricity (% of population),EG.ELC.ACCS.ZS,2004,40.49338996
IDA blend,IDB,Access to electricity (% of population),EG.ELC.ACCS.ZS,2004,59.14327425
Indonesia,IDN,Access to electricity (% of population),EG.ELC.ACCS.ZS,2004,89.0
IDA only,IDX,Access to electricity (% of population),EG.ELC.ACCS.ZS,2004,30.32164736
Isle of Man,IMN,Access to electricity (% of population),EG.ELC.ACCS.ZS,2004,100.0
India,IND,Access to electricity (% of population),EG.ELC.ACCS.ZS,2004,64.4
Ireland,IRL,Access to electricity (% of population),EG.ELC.ACCS.ZS,2004,100.0
"Iran, Islamic Rep.",IRN,Access to electricity (% of population),EG.ELC.ACCS.ZS,2004,98.3
Iraq,IRQ,Access to electricity (% of population),EG.ELC.ACCS.ZS,2004,97.3
Iceland,ISL,Access to electricity (% of population),EG.ELC.ACCS.ZS,2004,100.0
Israel,ISR,Access to electricity (% of population),EG.ELC.ACCS.ZS,2004,100.0
Italy,ITA,Access to electricity (% of population),EG.ELC.ACCS.ZS,2004,100.0
Jamaica,JAM,Access to electricity (% of population),EG.ELC.ACCS.ZS,2004,87.2
Jordan,JOR,Access to electricity (% of population),EG.ELC.ACCS.ZS,2004,99.2
Japan,JPN,Access to electricity (% of population),EG.ELC.ACCS.ZS,2004,100.0
Kazakhstan,KAZ,Access to electricity (% of population),EG.ELC.ACCS.ZS,2004,100.0
Kenya,KEN,Access to electricity (% of population),EG.ELC.ACCS.ZS,2004,22.6
Kyrgyz Republic,KGZ,Access to electricity (% of population),EG.ELC.ACCS.ZS,2004,99.3
Cambodia,KHM,Access to electricity (% of population),EG.ELC.ACCS.ZS,2004,14.2
Kiribati,KIR,Access to electricity (% of population),EG.ELC.ACCS.ZS,2004,62.4
St. Kitts and Nevis,KNA,Access to electricity (% of population),EG.ELC.ACCS.ZS,2004,96.3
"Korea, Rep.",KOR,Access to electricity (% of population),EG.ELC.ACCS.ZS,2004,100.0
Kuwait,KWT,Access to electricity (% of population),EG.ELC.ACCS.ZS,2004,100.0
Latin America & Caribbean (excluding high income),LAC,Access to electricity (% of population),EG.ELC.ACCS.ZS,2004,93.01821498
Lao PDR,LAO,Access to electricity (% of population),EG.ELC.ACCS.ZS,2004,53.5
Lebanon,LBN,Access to electricity (% of population),EG.ELC.ACCS.ZS,2004,99.9
Libya,LBY,Access to electricity (% of population),EG.ELC.ACCS.ZS,2004,91.8
St. Lucia,LCA,Access to electricity (% of population),EG.ELC.ACCS.ZS,2004,89.3
Latin America & Caribbean,LCN,Access to electricity (% of population),EG.ELC.ACCS.ZS,2004,93.21914101
Least developed countries: UN classification,LDC,Access to electricity (% of population),EG.ELC.ACCS.ZS,2004,24.90978166
Low income,LIC,Access to electricity (% of population),EG.ELC.ACCS.ZS,2004,19.79971708
Liechtenstein,LIE,Access to electricity (% of population),EG.ELC.ACCS.ZS,2004,100.0
Sri Lanka,LKA,Access to electricity (% of population),EG.ELC.ACCS.ZS,2004,76.5
Lower middle income,LMC,Access to electricity (% of population),EG.ELC.ACCS.ZS,2004,60.58002878
Low & middle income,LMY,Access to electricity (% of population),EG.ELC.ACCS.ZS,2004,75.19227103
Lesotho,LSO,Access to electricity (% of population),EG.ELC.ACCS.ZS,2004,6.8
Late-demographic dividend,LTE,Access to electricity (% of population),EG.ELC.ACCS.ZS,2004,96.7359835
Lithuania,LTU,Access to electricity (% of population),EG.ELC.ACCS.ZS,2004,99.4
Luxembourg,LUX,Access to electricity (% of population),EG.ELC.ACCS.ZS,2004,100.0
Latvia,LVA,Access to electricity (% of population),EG.ELC.ACCS.ZS,2004,99.7
"Macao SAR, China",MAC,Access to electricity (% of population),EG.ELC.ACCS.ZS,2004,100.0
St. Martin (French part),MAF,Access to electricity (% of population),EG.ELC.ACCS.ZS,2004,99.8
Morocco,MAR,Access to electricity (% of population),EG.ELC.ACCS.ZS,2004,78.2
Monaco,MCO,Access to electricity (% of population),EG.ELC.ACCS.ZS,2004,100.0
Moldova,MDA,Access to electricity (% of population),EG.ELC.ACCS.ZS,2004,99.1
Madagascar,MDG,Access to electricity (% of population),EG.ELC.ACCS.ZS,2004,15.3
Maldives,MDV,Access to electricity (% of population),EG.ELC.ACCS.ZS,2004,90.0
"Middle East, North Africa, Afghanistan & Pakistan",MEA,Access to electricity (% of population),EG.ELC.ACCS.ZS,2004,84.98041012
Mexico,MEX,Access to electricity (% of population),EG.ELC.ACCS.ZS,2004,98.6
Marshall Islands,MHL,Access to electricity (% of population),EG.ELC.ACCS.ZS,2004,74.3
Middle income,MIC,Access to electricity (% of population),EG.ELC.ACCS.ZS,2004,79.79654706
North Macedonia,MKD,Access to electricity (% of population),EG.ELC.ACCS.ZS,2004,99.4
Mali,MLI,Access to electricity (% of population),EG.ELC.ACCS.ZS,2004,16.4
Malta,MLT,Access to electricity (% of population),EG.ELC.ACCS.ZS,2004,100.0
Myanmar,MMR,Access to electricity (% of population),EG.ELC.ACCS.ZS,2004,46.2
"Middle East, North Africa, Afghanistan & Pakistan (excluding high income)",MNA,Access to electricity (% of population),EG.ELC.ACCS.ZS,2004,83.86741122
Montenegro,MNE,Access to electricity (% of population),EG.ELC.ACCS.ZS,2004,99.0
Mongolia,MNG,Access to electricity (% of population),EG.ELC.ACCS.ZS,2004,74.8
Northern Mariana Islands,MNP,Access to electricity (% of population),EG.ELC.ACCS.ZS,2004,99.8
Mozambique,MOZ,Access to electricity (% of population),EG.ELC.ACCS.ZS,2004,10.7
Mauritania,MRT,Access to electricity (% of population),EG.ELC.ACCS.ZS,2004,24.3
Mauritius,MUS,Access to electricity (% of population),EG.ELC.ACCS.ZS,2004,99.0
Malawi,MWI,Access to electricity (% of population),EG.ELC.ACCS.ZS,2004,6.9
Malaysia,MYS,Access to electricity (% of population),EG.ELC.ACCS.ZS,2004,98.7
North America,NAC,Access to electricity (% of population),EG.ELC.ACCS.ZS,2004,100.0
Namibia,NAM,Access to electricity (% of population),EG.ELC.ACCS.ZS,2004,38.7
New Caledonia,NCL,Access to electricity (% of population),EG.ELC.ACCS.ZS,2004,100.0
Niger,NER,Access to electricity (% of population),EG.ELC.ACCS.ZS,2004,9.7
Nigeria,NGA,Access to electricity (% of population),EG.ELC.ACCS.ZS,2004,46.1
Nicaragua,NIC,Access to electricity (% of population),EG.ELC.ACCS.ZS,2004,75.2
Netherlands,NLD,Access to electricity (% of population),EG.ELC.ACCS.ZS,2004,100.0
Norway,NOR,Access to electricity (% of population),EG.ELC.ACCS.ZS,2004,100.0
Nepal,NPL,Access to electricity (% of population),EG.ELC.ACCS.ZS,2004,37.2
Naoero,NRU,Access to electricity (% of population),EG.ELC.ACCS.ZS,2004,99.0
New Zealand,NZL,Access to electricity (% of population),EG.ELC.ACCS.ZS,2004,100.0
OECD members,OED,Access to electricity (% of population),EG.ELC.ACCS.ZS,2004,99.66622877
Oman,OMN,Access to electricity (% of population),EG.ELC.ACCS.ZS,2004,100.0
Other small states,OSS,Access to electricity (% of population),EG.ELC.ACCS.ZS,2004,74.5260416
Pakistan,PAK,Access to electricity (% of population),EG.ELC.ACCS.ZS,2004,77.0
Panama,PAN,Access to electricity (% of population),EG.ELC.ACCS.ZS,2004,83.4
Peru,PER,Access to electricity (% of population),EG.ELC.ACCS.ZS,2004,75.7
Philippines,PHL,Access to electricity (% of population),EG.ELC.ACCS.ZS,2004,87.6
Palau,PLW,Access to electricity (% of population),EG.ELC.ACCS.ZS,2004,98.1
Papua New Guinea,PNG,Access to electricity (% of population),EG.ELC.ACCS.ZS,2004,13.8
Poland,POL,Access to electricity (% of population),EG.ELC.ACCS.ZS,2004,99.9
Pre-demographic dividend,PRE,Access to electricity (% of population),EG.ELC.ACCS.ZS,2004,29.01719148
Puerto Rico (US),PRI,Access to electricity (% of population),EG.ELC.ACCS.ZS,2004,100.0
Portugal,PRT,Access to electricity (% of population),EG.ELC.ACCS.ZS,2004,100.0
Paraguay,PRY,Access to electricity (% of population),EG.ELC.ACCS.ZS,2004,93.2
West Bank and Gaza,PSE,Access to electricity (% of population),EG.ELC.ACCS.ZS,2004,99.5
Pacific island small states,PSS,Access to electricity (% of population),EG.ELC.ACCS.ZS,2004,60.61865785
Post-demographic dividend,PST,Access to electricity (% of population),EG.ELC.ACCS.ZS,2004,99.7721994
French Polynesia,PYF,Access to electricity (% of population),EG.ELC.ACCS.ZS,2004,100.0
Qatar,QAT,Access to electricity (% of population),EG.ELC.ACCS.ZS,2004,100.0
Romania,ROU,Access to electricity (% of population),EG.ELC.ACCS.ZS,2004,95.3
Russian Federation,RUS,Access to electricity (% of population),EG.ELC.ACCS.ZS,2004,98.0
Rwanda,RWA,Access to electricity (% of population),EG.ELC.ACCS.ZS,2004,8.7
South Asia,SAS,Access to electricity (% of population),EG.ELC.ACCS.ZS,2004,61.48428303
Saudi Arabia,SAU,Access to electricity (% of population),EG.ELC.ACCS.ZS,2004,100.0
Sudan,SDN,Access to electricity (% of population),EG.ELC.ACCS.ZS,2004,30.2
Senegal,SEN,Access to electricity (% of population),EG.ELC.ACCS.ZS,2004,36.8
Singapore,SGP,Access to electricity (% of population),EG.ELC.ACCS.ZS,2004,100.0
Solomon Islands,SLB,Access to electricity (% of population),EG.ELC.ACCS.ZS,2004,16.3
Sierra Leone,SLE,Access to electricity (% of population),EG.ELC.ACCS.ZS,2004,16.8
El Salvador,SLV,Access to electricity (% of population),EG.ELC.ACCS.ZS,2004,87.4
San Marino,SMR,Access to electricity (% of population),EG.ELC.ACCS.ZS,2004,100.0
"Somalia, Fed. Rep.",SOM,Access to electricity (% of population),EG.ELC.ACCS.ZS,2004,12.4
Serbia,SRB,Access to electricity (% of population),EG.ELC.ACCS.ZS,2004,99.6
Sub-Saharan Africa (excluding high income),SSA,Access to electricity (% of population),EG.ELC.ACCS.ZS,2004,29.36530582
Sub-Saharan Africa,SSF,Access to electricity (% of population),EG.ELC.ACCS.ZS,2004,29.37256627
Small states,SST,Access to electricity (% of population),EG.ELC.ACCS.ZS,2004,76.84969252
Sao Tome and Principe,STP,Access to electricity (% of population),EG.ELC.ACCS.ZS,2004,54.7
Suriname,SUR,Access to electricity (% of population),EG.ELC.ACCS.ZS,2004,95.0
Slovak Republic,SVK,Access to electricity (% of population),EG.ELC.ACCS.ZS,2004,100.0
Slovenia,SVN,Access to electricity (% of population),EG.ELC.ACCS.ZS,2004,100.0
Sweden,SWE,Access to electricity (% of population),EG.ELC.ACCS.ZS,2004,100.0
Eswatini,SWZ,Access to electricity (% of population),EG.ELC.ACCS.ZS,2004,31.4
Sint Maarten (Dutch part),SXM,Access to electricity (% of population),EG.ELC.ACCS.ZS,2004,99.8
Seychelles,SYC,Access to electricity (% of population),EG.ELC.ACCS.ZS,2004,95.2
Syrian Arab Republic,SYR,Access to electricity (% of population),EG.ELC.ACCS.ZS,2004,92.3
Turks and Caicos Islands,TCA,Access to electricity (% of population),EG.ELC.ACCS.ZS,2004,95.7
Chad,TCD,Access to electricity (% of population),EG.ELC.ACCS.ZS,2004,3.5
East Asia & Pacific (IDA & IBRD countries),TEA,Access to electricity (% of population),EG.ELC.ACCS.ZS,2004,93.26615059
Europe & Central Asia (IDA & IBRD countries),TEC,Access to electricity (% of population),EG.ELC.ACCS.ZS,2004,98.48664116
Togo,TGO,Access to electricity (% of population),EG.ELC.ACCS.ZS,2004,24.8
Thailand,THA,Access to electricity (% of population),EG.ELC.ACCS.ZS,2004,92.2
Tajikistan,TJK,Access to electricity (% of population),EG.ELC.ACCS.ZS,2004,98.5
Turkmenistan,TKM,Access to electricity (% of population),EG.ELC.ACCS.ZS,2004,99.5
Latin America & the Caribbean (IDA & IBRD countries),TLA,Access to electricity (% of population),EG.ELC.ACCS.ZS,2004,93.08882071
Timor-Leste,TLS,Access to electricity (% of population),EG.ELC.ACCS.ZS,2004,30.4
"Middle East, North Africa, Afghanistan & Pakistan (IDA & IBRD)",TMN,Access to electricity (% of population),EG.ELC.ACCS.ZS,2004,83.76669732
Tonga,TON,Access to electricity (% of population),EG.ELC.ACCS.ZS,2004,88.3
South Asia (IDA & IBRD),TSA,Access to electricity (% of population),EG.ELC.ACCS.ZS,2004,61.48428303
Sub-Saharan Africa (IDA & IBRD countries),TSS,Access to electricity (% of population),EG.ELC.ACCS.ZS,2004,29.37256627
Trinidad and Tobago,TTO,Access to electricity (% of population),EG.ELC.ACCS.ZS,2004,96.8
Tunisia,TUN,Access to electricity (% of population),EG.ELC.ACCS.ZS,2004,99.0
Turkiye,TUR,Access to electricity (% of population),EG.ELC.ACCS.ZS,2004,99.7
Tuvalu,TUV,Access to electricity (% of population),EG.ELC.ACCS.ZS,2004,95.3
Tanzania,TZA,Access to electricity (% of population),EG.ELC.ACCS.ZS,2004,11.4
Uganda,UGA,Access to electricity (% of population),EG.ELC.ACCS.ZS,2004,11.6
Ukraine,UKR,Access to electricity (% of population),EG.ELC.ACCS.ZS,2004,99.4
Upper middle income,UMC,Access to electricity (% of population),EG.ELC.ACCS.ZS,2004,95.31525449
Uruguay,URY,Access to electricity (% of population),EG.ELC.ACCS.ZS,2004,98.0
United States,USA,Access to electricity (% of population),EG.ELC.ACCS.ZS,2004,100.0
Uzbekistan,UZB,Access to electricity (% of population),EG.ELC.ACCS.ZS,2004,99.5
St. Vincent and the Grenadines,VCT,Access to electricity (% of population),EG.ELC.ACCS.ZS,2004,84.9
"Venezuela, RB",VEN,Access to electricity (% of population),EG.ELC.ACCS.ZS,2004,99.1
British Virgin Islands,VGB,Access to electricity (% of population),EG.ELC.ACCS.ZS,2004,97.5
Virgin Islands (U.S.),VIR,Access to electricity (% of population),EG.ELC.ACCS.ZS,2004,100.0
Viet Nam,VNM,Access to electricity (% of population),EG.ELC.ACCS.ZS,2004,91.0
Vanuatu,VUT,Access to electricity (% of population),EG.ELC.ACCS.ZS,2004,29.2
World,WLD,Access to electricity (% of population),EG.ELC.ACCS.ZS,2004,79.9557071
Samoa,WSM,Access to electricity (% of population),EG.ELC.ACCS.ZS,2004,90.5
"Yemen, Rep.",YEM,Access to electricity (% of population),EG.ELC.ACCS.ZS,2004,49.6
South Africa,ZAF,Access to electricity (% of population),EG.ELC.ACCS.ZS,2004,80.6
Zambia,ZMB,Access to electricity (% of population),EG.ELC.ACCS.ZS,2004,20.3
Zimbabwe,ZWE,Access to electricity (% of population),EG.ELC.ACCS.ZS,2004,35.6
Aruba,ABW,Access to electricity (% of population),EG.ELC.ACCS.ZS,2005,100.0
Africa Eastern and Southern,AFE,Access to electricity (% of population),EG.ELC.ACCS.ZS,2005,23.44953936
Afghanistan,AFG,Access to electricity (% of population),EG.ELC.ACCS.ZS,2005,28.7
Africa Western and Central,AFW,Access to electricity (% of population),EG.ELC.ACCS.ZS,2005,37.94450639
Angola,AGO,Access to electricity (% of population),EG.ELC.ACCS.ZS,2005,29.4
Albania,ALB,Access to electricity (% of population),EG.ELC.ACCS.ZS,2005,99.4
Andorra,AND,Access to electricity (% of population),EG.ELC.ACCS.ZS,2005,100.0
Arab World,ARB,Access to electricity (% of population),EG.ELC.ACCS.ZS,2005,83.07676745
United Arab Emirates,ARE,Access to electricity (% of population),EG.ELC.ACCS.ZS,2005,100.0
Argentina,ARG,Access to electricity (% of population),EG.ELC.ACCS.ZS,2005,96.7
Armenia,ARM,Access to electricity (% of population),EG.ELC.ACCS.ZS,2005,99.8
Antigua and Barbuda,ATG,Access to electricity (% of population),EG.ELC.ACCS.ZS,2005,92.2
Australia,AUS,Access to electricity (% of population),EG.ELC.ACCS.ZS,2005,100.0
Austria,AUT,Access to electricity (% of population),EG.ELC.ACCS.ZS,2005,100.0
Azerbaijan,AZE,Access to electricity (% of population),EG.ELC.ACCS.ZS,2005,99.1
Burundi,BDI,Access to electricity (% of population),EG.ELC.ACCS.ZS,2005,3.2
Belgium,BEL,Access to electricity (% of population),EG.ELC.ACCS.ZS,2005,100.0
Benin,BEN,Access to electricity (% of population),EG.ELC.ACCS.ZS,2005,26.1
Burkina Faso,BFA,Access to electricity (% of population),EG.ELC.ACCS.ZS,2005,11.1
Bangladesh,BGD,Access to electricity (% of population),EG.ELC.ACCS.ZS,2005,44.2
Bulgaria,BGR,Access to electricity (% of population),EG.ELC.ACCS.ZS,2005,90.6
Bahrain,BHR,Access to electricity (% of population),EG.ELC.ACCS.ZS,2005,100.0
"Bahamas, The",BHS,Access to electricity (% of population),EG.ELC.ACCS.ZS,2005,100.0
Bosnia and Herzegovina,BIH,Access to electricity (% of population),EG.ELC.ACCS.ZS,2005,99.1
Belarus,BLR,Access to electricity (% of population),EG.ELC.ACCS.ZS,2005,91.5
Belize,BLZ,Access to electricity (% of population),EG.ELC.ACCS.ZS,2005,83.5
Bermuda,BMU,Access to electricity (% of population),EG.ELC.ACCS.ZS,2005,100.0
Bolivia,BOL,Access to electricity (% of population),EG.ELC.ACCS.ZS,2005,68.3
Brazil,BRA,Access to electricity (% of population),EG.ELC.ACCS.ZS,2005,97.1
Barbados,BRB,Access to electricity (% of population),EG.ELC.ACCS.ZS,2005,99.9
Brunei Darussalam,BRN,Access to electricity (% of population),EG.ELC.ACCS.ZS,2005,100.0
Bhutan,BTN,Access to electricity (% of population),EG.ELC.ACCS.ZS,2005,59.8
Botswana,BWA,Access to electricity (% of population),EG.ELC.ACCS.ZS,2005,37.5
Central African Republic,CAF,Access to electricity (% of population),EG.ELC.ACCS.ZS,2005,7.4
Canada,CAN,Access to electricity (% of population),EG.ELC.ACCS.ZS,2005,100.0
Central Europe and the Baltics,CEB,Access to electricity (% of population),EG.ELC.ACCS.ZS,2005,98.32069984
Switzerland,CHE,Access to electricity (% of population),EG.ELC.ACCS.ZS,2005,100.0
Channel Islands,CHI,Access to electricity (% of population),EG.ELC.ACCS.ZS,2005,100.0
Chile,CHL,Access to electricity (% of population),EG.ELC.ACCS.ZS,2005,97.7
China,CHN,Access to electricity (% of population),EG.ELC.ACCS.ZS,2005,97.9
Cote d'Ivoire,CIV,Access to electricity (% of population),EG.ELC.ACCS.ZS,2005,58.9
Cameroon,CMR,Access to electricity (% of population),EG.ELC.ACCS.ZS,2005,47.2
"Congo, Dem. Rep.",COD,Access to electricity (% of population),EG.ELC.ACCS.ZS,2005,6.0
"Congo, Rep.",COG,Access to electricity (% of population),EG.ELC.ACCS.ZS,2005,33.8
Colombia,COL,Access to electricity (% of population),EG.ELC.ACCS.ZS,2005,96.8
Comoros,COM,Access to electricity (% of population),EG.ELC.ACCS.ZS,2005,51.0
Cabo Verde,CPV,Access to electricity (% of population),EG.ELC.ACCS.ZS,2005,67.0
Costa Rica,CRI,Access to electricity (% of population),EG.ELC.ACCS.ZS,2005,99.1
Caribbean small states,CSS,Access to electricity (% of population),EG.ELC.ACCS.ZS,2005,90.81578748
Cuba,CUB,Access to electricity (% of population),EG.ELC.ACCS.ZS,2005,96.8
Curacao,CUW,Access to electricity (% of population),EG.ELC.ACCS.ZS,2005,99.7
Cayman Islands,CYM,Access to electricity (% of population),EG.ELC.ACCS.ZS,2005,100.0
Cyprus,CYP,Access to electricity (% of population),EG.ELC.ACCS.ZS,2005,100.0
Czechia,CZE,Access to electricity (% of population),EG.ELC.ACCS.ZS,2005,100.0
Germany,DEU,Access to electricity (% of population),EG.ELC.ACCS.ZS,2005,100.0
Djibouti,DJI,Access to electricity (% of population),EG.ELC.ACCS.ZS,2005,56.8
Dominica,DMA,Access to electricity (% of population),EG.ELC.ACCS.ZS,2005,86.0
Denmark,DNK,Access to electricity (% of population),EG.ELC.ACCS.ZS,2005,100.0
Dominican Republic,DOM,Access to electricity (% of population),EG.ELC.ACCS.ZS,2005,90.1
Algeria,DZA,Access to electricity (% of population),EG.ELC.ACCS.ZS,2005,98.6
East Asia & Pacific (excluding high income),EAP,Access to electricity (% of population),EG.ELC.ACCS.ZS,2005,92.84530036
Early-demographic dividend,EAR,Access to electricity (% of population),EG.ELC.ACCS.ZS,2005,72.749961
East Asia & Pacific,EAS,Access to electricity (% of population),EG.ELC.ACCS.ZS,2005,93.5751463
Europe & Central Asia (excluding high income),ECA,Access to electricity (% of population),EG.ELC.ACCS.ZS,2005,99.25945695
Europe & Central Asia,ECS,Access to electricity (% of population),EG.ELC.ACCS.ZS,2005,99.27990043
Ecuador,ECU,Access to electricity (% of population),EG.ELC.ACCS.ZS,2005,95.8
"Egypt, Arab Rep.",EGY,Access to electricity (% of population),EG.ELC.ACCS.ZS,2005,99.4
Euro area,EMU,Access to electricity (% of population),EG.ELC.ACCS.ZS,2005,99.77857913
Eritrea,ERI,Access to electricity (% of population),EG.ELC.ACCS.ZS,2005,34.5
Spain,ESP,Access to electricity (% of population),EG.ELC.ACCS.ZS,2005,100.0
Estonia,EST,Access to electricity (% of population),EG.ELC.ACCS.ZS,2005,100.0
Ethiopia,ETH,Access to electricity (% of population),EG.ELC.ACCS.ZS,2005,14.0
European Union,EUU,Access to electricity (% of population),EG.ELC.ACCS.ZS,2005,99.59137073
Finland,FIN,Access to electricity (% of population),EG.ELC.ACCS.ZS,2005,100.0
Fiji,FJI,Access to electricity (% of population),EG.ELC.ACCS.ZS,2005,81.6
France,FRA,Access to electricity (% of population),EG.ELC.ACCS.ZS,2005,100.0
Faroe Islands,FRO,Access to electricity (% of population),EG.ELC.ACCS.ZS,2005,100.0
"Micronesia, Fed. Sts.",FSM,Access to electricity (% of population),EG.ELC.ACCS.ZS,2005,55.2
Gabon,GAB,Access to electricity (% of population),EG.ELC.ACCS.ZS,2005,81.6
United Kingdom,GBR,Access to electricity (% of population),EG.ELC.ACCS.ZS,2005,100.0
Georgia,GEO,Access to electricity (% of population),EG.ELC.ACCS.ZS,2005,97.9
Ghana,GHA,Access to electricity (% of population),EG.ELC.ACCS.ZS,2005,41.2
Gibraltar,GIB,Access to electricity (% of population),EG.ELC.ACCS.ZS,2005,99.7
Guinea,GIN,Access to electricity (% of population),EG.ELC.ACCS.ZS,2005,20.2
"Gambia, The",GMB,Access to electricity (% of population),EG.ELC.ACCS.ZS,2005,30.5
Guinea-Bissau,GNB,Access to electricity (% of population),EG.ELC.ACCS.ZS,2005,5.2
Equatorial Guinea,GNQ,Access to electricity (% of population),EG.ELC.ACCS.ZS,2005,65.0
Greece,GRC,Access to electricity (% of population),EG.ELC.ACCS.ZS,2005,100.0
Grenada,GRD,Access to electricity (% of population),EG.ELC.ACCS.ZS,2005,87.5
Greenland,GRL,Access to electricity (% of population),EG.ELC.ACCS.ZS,2005,100.0
Guatemala,GTM,Access to electricity (% of population),EG.ELC.ACCS.ZS,2005,78.3
Guam,GUM,Access to electricity (% of population),EG.ELC.ACCS.ZS,2005,100.0
Guyana,GUY,Access to electricity (% of population),EG.ELC.ACCS.ZS,2005,77.5
High income,HIC,Access to electricity (% of population),EG.ELC.ACCS.ZS,2005,99.53323292
"Hong Kong SAR, China",HKG,Access to electricity (% of population),EG.ELC.ACCS.ZS,2005,100.0
Honduras,HND,Access to electricity (% of population),EG.ELC.ACCS.ZS,2005,68.9
Heavily indebted poor countries (HIPC),HPC,Access to electricity (% of population),EG.ELC.ACCS.ZS,2005,21.65775593
Croatia,HRV,Access to electricity (% of population),EG.ELC.ACCS.ZS,2005,99.9
Haiti,HTI,Access to electricity (% of population),EG.ELC.ACCS.ZS,2005,34.5
Hungary,HUN,Access to electricity (% of population),EG.ELC.ACCS.ZS,2005,99.9
IBRD only,IBD,Access to electricity (% of population),EG.ELC.ACCS.ZS,2005,87.73332276
IDA & IBRD total,IBT,Access to electricity (% of population),EG.ELC.ACCS.ZS,2005,77.06334068
IDA total,IDA,Access to electricity (% of population),EG.ELC.ACCS.ZS,2005,41.52577865
IDA blend,IDB,Access to electricity (% of population),EG.ELC.ACCS.ZS,2005,60.22421128
Indonesia,IDN,Access to electricity (% of population),EG.ELC.ACCS.ZS,2005,84.8
IDA only,IDX,Access to electricity (% of population),EG.ELC.ACCS.ZS,2005,31.30645305
Isle of Man,IMN,Access to electricity (% of population),EG.ELC.ACCS.ZS,2005,100.0
India,IND,Access to electricity (% of population),EG.ELC.ACCS.ZS,2005,68.8
Ireland,IRL,Access to electricity (% of population),EG.ELC.ACCS.ZS,2005,100.0
"Iran, Islamic Rep.",IRN,Access to electricity (% of population),EG.ELC.ACCS.ZS,2005,98.4
Iraq,IRQ,Access to electricity (% of population),EG.ELC.ACCS.ZS,2005,97.4
Iceland,ISL,Access to electricity (% of population),EG.ELC.ACCS.ZS,2005,100.0
Israel,ISR,Access to electricity (% of population),EG.ELC.ACCS.ZS,2005,100.0
Italy,ITA,Access to electricity (% of population),EG.ELC.ACCS.ZS,2005,100.0
Jamaica,JAM,Access to electricity (% of population),EG.ELC.ACCS.ZS,2005,88.0
Jordan,JOR,Access to electricity (% of population),EG.ELC.ACCS.ZS,2005,99.0
Japan,JPN,Access to electricity (% of population),EG.ELC.ACCS.ZS,2005,100.0
Kazakhstan,KAZ,Access to electricity (% of population),EG.ELC.ACCS.ZS,2005,100.0
Kenya,KEN,Access to electricity (% of population),EG.ELC.ACCS.ZS,2005,24.5
Kyrgyz Republic,KGZ,Access to electricity (% of population),EG.ELC.ACCS.ZS,2005,99.4
Cambodia,KHM,Access to electricity (% of population),EG.ELC.ACCS.ZS,2005,20.5
Kiribati,KIR,Access to electricity (% of population),EG.ELC.ACCS.ZS,2005,69.7
St. Kitts and Nevis,KNA,Access to electricity (% of population),EG.ELC.ACCS.ZS,2005,96.5
"Korea, Rep.",KOR,Access to electricity (% of population),EG.ELC.ACCS.ZS,2005,100.0
Kuwait,KWT,Access to electricity (% of population),EG.ELC.ACCS.ZS,2005,100.0
Latin America & Caribbean (excluding high income),LAC,Access to electricity (% of population),EG.ELC.ACCS.ZS,2005,93.33639232
Lao PDR,LAO,Access to electricity (% of population),EG.ELC.ACCS.ZS,2005,57.2
Lebanon,LBN,Access to electricity (% of population),EG.ELC.ACCS.ZS,2005,99.2
Libya,LBY,Access to electricity (% of population),EG.ELC.ACCS.ZS,2005,90.1
St. Lucia,LCA,Access to electricity (% of population),EG.ELC.ACCS.ZS,2005,90.1
Latin America & Caribbean,LCN,Access to electricity (% of population),EG.ELC.ACCS.ZS,2005,93.52274424
Least developed countries: UN classification,LDC,Access to electricity (% of population),EG.ELC.ACCS.ZS,2005,26.271049
Low income,LIC,Access to electricity (% of population),EG.ELC.ACCS.ZS,2005,19.51653372
Liechtenstein,LIE,Access to electricity (% of population),EG.ELC.ACCS.ZS,2005,100.0
Sri Lanka,LKA,Access to electricity (% of population),EG.ELC.ACCS.ZS,2005,78.1
Lower middle income,LMC,Access to electricity (% of population),EG.ELC.ACCS.ZS,2005,63.61157287
Low & middle income,LMY,Access to electricity (% of population),EG.ELC.ACCS.ZS,2005,76.1622254
Lesotho,LSO,Access to electricity (% of population),EG.ELC.ACCS.ZS,2005,9.6
Late-demographic dividend,LTE,Access to electricity (% of population),EG.ELC.ACCS.ZS,2005,97.16645972
Lithuania,LTU,Access to electricity (% of population),EG.ELC.ACCS.ZS,2005,99.4
Luxembourg,LUX,Access to electricity (% of population),EG.ELC.ACCS.ZS,2005,100.0
Latvia,LVA,Access to electricity (% of population),EG.ELC.ACCS.ZS,2005,99.7
"Macao SAR, China",MAC,Access to electricity (% of population),EG.ELC.ACCS.ZS,2005,100.0
St. Martin (French part),MAF,Access to electricity (% of population),EG.ELC.ACCS.ZS,2005,99.7
Morocco,MAR,Access to electricity (% of population),EG.ELC.ACCS.ZS,2005,78.6
Monaco,MCO,Access to electricity (% of population),EG.ELC.ACCS.ZS,2005,100.0
Moldova,MDA,Access to electricity (% of population),EG.ELC.ACCS.ZS,2005,98.6
Madagascar,MDG,Access to electricity (% of population),EG.ELC.ACCS.ZS,2005,16.0
Maldives,MDV,Access to electricity (% of population),EG.ELC.ACCS.ZS,2005,90.9
"Middle East, North Africa, Afghanistan & Pakistan",MEA,Access to electricity (% of population),EG.ELC.ACCS.ZS,2005,85.95790367
Mexico,MEX,Access to electricity (% of population),EG.ELC.ACCS.ZS,2005,98.9
Marshall Islands,MHL,Access to electricity (% of population),EG.ELC.ACCS.ZS,2005,75.7
Middle income,MIC,Access to electricity (% of population),EG.ELC.ACCS.ZS,2005,80.94914173
North Macedonia,MKD,Access to electricity (% of population),EG.ELC.ACCS.ZS,2005,99.1
Mali,MLI,Access to electricity (% of population),EG.ELC.ACCS.ZS,2005,18.2
Malta,MLT,Access to electricity (% of population),EG.ELC.ACCS.ZS,2005,100.0
Myanmar,MMR,Access to electricity (% of population),EG.ELC.ACCS.ZS,2005,47.3
"Middle East, North Africa, Afghanistan & Pakistan (excluding high income)",MNA,Access to electricity (% of population),EG.ELC.ACCS.ZS,2005,84.90043374
Montenegro,MNE,Access to electricity (% of population),EG.ELC.ACCS.ZS,2005,99.8
Mongolia,MNG,Access to electricity (% of population),EG.ELC.ACCS.ZS,2005,86.2
Northern Mariana Islands,MNP,Access to electricity (% of population),EG.ELC.ACCS.ZS,2005,99.8
Mozambique,MOZ,Access to electricity (% of population),EG.ELC.ACCS.ZS,2005,11.8
Mauritania,MRT,Access to electricity (% of population),EG.ELC.ACCS.ZS,2005,18.2
Mauritius,MUS,Access to electricity (% of population),EG.ELC.ACCS.ZS,2005,99.0
Malawi,MWI,Access to electricity (% of population),EG.ELC.ACCS.ZS,2005,6.6
Malaysia,MYS,Access to electricity (% of population),EG.ELC.ACCS.ZS,2005,98.7
North America,NAC,Access to electricity (% of population),EG.ELC.ACCS.ZS,2005,100.0
Namibia,NAM,Access to electricity (% of population),EG.ELC.ACCS.ZS,2005,39.6
New Caledonia,NCL,Access to electricity (% of population),EG.ELC.ACCS.ZS,2005,100.0
Niger,NER,Access to electricity (% of population),EG.ELC.ACCS.ZS,2005,7.1
Nigeria,NGA,Access to electricity (% of population),EG.ELC.ACCS.ZS,2005,46.8
Nicaragua,NIC,Access to electricity (% of population),EG.ELC.ACCS.ZS,2005,73.8
Netherlands,NLD,Access to electricity (% of population),EG.ELC.ACCS.ZS,2005,100.0
Norway,NOR,Access to electricity (% of population),EG.ELC.ACCS.ZS,2005,100.0
Nepal,NPL,Access to electricity (% of population),EG.ELC.ACCS.ZS,2005,46.1
Naoero,NRU,Access to electricity (% of population),EG.ELC.ACCS.ZS,2005,99.0
New Zealand,NZL,Access to electricity (% of population),EG.ELC.ACCS.ZS,2005,100.0
OECD members,OED,Access to electricity (% of population),EG.ELC.ACCS.ZS,2005,99.73907344
Oman,OMN,Access to electricity (% of population),EG.ELC.ACCS.ZS,2005,99.9
Other small states,OSS,Access to electricity (% of population),EG.ELC.ACCS.ZS,2005,75.79847568
Pakistan,PAK,Access to electricity (% of population),EG.ELC.ACCS.ZS,2005,78.1
Panama,PAN,Access to electricity (% of population),EG.ELC.ACCS.ZS,2005,84.1
Peru,PER,Access to electricity (% of population),EG.ELC.ACCS.ZS,2005,77.2
Philippines,PHL,Access to electricity (% of population),EG.ELC.ACCS.ZS,2005,79.8
Palau,PLW,Access to electricity (% of population),EG.ELC.ACCS.ZS,2005,98.9
Papua New Guinea,PNG,Access to electricity (% of population),EG.ELC.ACCS.ZS,2005,14.1
Poland,POL,Access to electricity (% of population),EG.ELC.ACCS.ZS,2005,99.8
Pre-demographic dividend,PRE,Access to electricity (% of population),EG.ELC.ACCS.ZS,2005,29.75514368
Puerto Rico (US),PRI,Access to electricity (% of population),EG.ELC.ACCS.ZS,2005,100.0
Portugal,PRT,Access to electricity (% of population),EG.ELC.ACCS.ZS,2005,100.0
Paraguay,PRY,Access to electricity (% of population),EG.ELC.ACCS.ZS,2005,94.7
West Bank and Gaza,PSE,Access to electricity (% of population),EG.ELC.ACCS.ZS,2005,99.6
Pacific island small states,PSS,Access to electricity (% of population),EG.ELC.ACCS.ZS,2005,62.24143705
Post-demographic dividend,PST,Access to electricity (% of population),EG.ELC.ACCS.ZS,2005,99.80642107
French Polynesia,PYF,Access to electricity (% of population),EG.ELC.ACCS.ZS,2005,100.0
Qatar,QAT,Access to electricity (% of population),EG.ELC.ACCS.ZS,2005,100.0
Romania,ROU,Access to electricity (% of population),EG.ELC.ACCS.ZS,2005,95.6
Russian Federation,RUS,Access to electricity (% of population),EG.ELC.ACCS.ZS,2005,98.0
Rwanda,RWA,Access to electricity (% of population),EG.ELC.ACCS.ZS,2005,4.8
South Asia,SAS,Access to electricity (% of population),EG.ELC.ACCS.ZS,2005,65.85364602
Saudi Arabia,SAU,Access to electricity (% of population),EG.ELC.ACCS.ZS,2005,100.0
Sudan,SDN,Access to electricity (% of population),EG.ELC.ACCS.ZS,2005,30.5
Senegal,SEN,Access to electricity (% of population),EG.ELC.ACCS.ZS,2005,47.1
Singapore,SGP,Access to electricity (% of population),EG.ELC.ACCS.ZS,2005,100.0
Solomon Islands,SLB,Access to electricity (% of population),EG.ELC.ACCS.ZS,2005,19.2
Sierra Leone,SLE,Access to electricity (% of population),EG.ELC.ACCS.ZS,2005,11.3
El Salvador,SLV,Access to electricity (% of population),EG.ELC.ACCS.ZS,2005,87.5
San Marino,SMR,Access to electricity (% of population),EG.ELC.ACCS.ZS,2005,100.0
"Somalia, Fed. Rep.",SOM,Access to electricity (% of population),EG.ELC.ACCS.ZS,2005,15.0
Serbia,SRB,Access to electricity (% of population),EG.ELC.ACCS.ZS,2005,99.7
Sub-Saharan Africa (excluding high income),SSA,Access to electricity (% of population),EG.ELC.ACCS.ZS,2005,29.3445091
Sub-Saharan Africa,SSF,Access to electricity (% of population),EG.ELC.ACCS.ZS,2005,29.3516433
Small states,SST,Access to electricity (% of population),EG.ELC.ACCS.ZS,2005,77.67836763
Sao Tome and Principe,STP,Access to electricity (% of population),EG.ELC.ACCS.ZS,2005,55.8
Suriname,SUR,Access to electricity (% of population),EG.ELC.ACCS.ZS,2005,94.9
Slovak Republic,SVK,Access to electricity (% of population),EG.ELC.ACCS.ZS,2005,99.9
Slovenia,SVN,Access to electricity (% of population),EG.ELC.ACCS.ZS,2005,100.0
Sweden,SWE,Access to electricity (% of population),EG.ELC.ACCS.ZS,2005,100.0
Eswatini,SWZ,Access to electricity (% of population),EG.ELC.ACCS.ZS,2005,34.2
Sint Maarten (Dutch part),SXM,Access to electricity (% of population),EG.ELC.ACCS.ZS,2005,99.7
Seychelles,SYC,Access to electricity (% of population),EG.ELC.ACCS.ZS,2005,95.5
Syrian Arab Republic,SYR,Access to electricity (% of population),EG.ELC.ACCS.ZS,2005,92.0
Turks and Caicos Islands,TCA,Access to electricity (% of population),EG.ELC.ACCS.ZS,2005,96.0
Chad,TCD,Access to electricity (% of population),EG.ELC.ACCS.ZS,2005,4.8
East Asia & Pacific (IDA & IBRD countries),TEA,Access to electricity (% of population),EG.ELC.ACCS.ZS,2005,92.84539737
Europe & Central Asia (IDA & IBRD countries),TEC,Access to electricity (% of population),EG.ELC.ACCS.ZS,2005,98.56828715
Togo,TGO,Access to electricity (% of population),EG.ELC.ACCS.ZS,2005,26.5
Thailand,THA,Access to electricity (% of population),EG.ELC.ACCS.ZS,2005,92.8
Tajikistan,TJK,Access to electricity (% of population),EG.ELC.ACCS.ZS,2005,99.3
Turkmenistan,TKM,Access to electricity (% of population),EG.ELC.ACCS.ZS,2005,99.5
Latin America & the Caribbean (IDA & IBRD countries),TLA,Access to electricity (% of population),EG.ELC.ACCS.ZS,2005,93.39859198
Timor-Leste,TLS,Access to electricity (% of population),EG.ELC.ACCS.ZS,2005,33.5
"Middle East, North Africa, Afghanistan & Pakistan (IDA & IBRD)",TMN,Access to electricity (% of population),EG.ELC.ACCS.ZS,2005,84.80546109
Tonga,TON,Access to electricity (% of population),EG.ELC.ACCS.ZS,2005,89.0
South Asia (IDA & IBRD),TSA,Access to electricity (% of population),EG.ELC.ACCS.ZS,2005,65.85364602
Sub-Saharan Africa (IDA & IBRD countries),TSS,Access to electricity (% of population),EG.ELC.ACCS.ZS,2005,29.3516433
Trinidad and Tobago,TTO,Access to electricity (% of population),EG.ELC.ACCS.ZS,2005,95.0
Tunisia,TUN,Access to electricity (% of population),EG.ELC.ACCS.ZS,2005,99.2
Turkiye,TUR,Access to electricity (% of population),EG.ELC.ACCS.ZS,2005,99.7
Tuvalu,TUV,Access to electricity (% of population),EG.ELC.ACCS.ZS,2005,95.5
Tanzania,TZA,Access to electricity (% of population),EG.ELC.ACCS.ZS,2005,13.8
Uganda,UGA,Access to electricity (% of population),EG.ELC.ACCS.ZS,2005,8.9
Ukraine,UKR,Access to electricity (% of population),EG.ELC.ACCS.ZS,2005,99.9
Upper middle income,UMC,Access to electricity (% of population),EG.ELC.ACCS.ZS,2005,95.0821596
Uruguay,URY,Access to electricity (% of population),EG.ELC.ACCS.ZS,2005,98.0
United States,USA,Access to electricity (% of population),EG.ELC.ACCS.ZS,2005,100.0
Uzbekistan,UZB,Access to electricity (% of population),EG.ELC.ACCS.ZS,2005,99.4
St. Vincent and the Grenadines,VCT,Access to electricity (% of population),EG.ELC.ACCS.ZS,2005,86.2
"Venezuela, RB",VEN,Access to electricity (% of population),EG.ELC.ACCS.ZS,2005,98.8
British Virgin Islands,VGB,Access to electricity (% of population),EG.ELC.ACCS.ZS,2005,97.6
Virgin Islands (U.S.),VIR,Access to electricity (% of population),EG.ELC.ACCS.ZS,2005,100.0
Viet Nam,VNM,Access to electricity (% of population),EG.ELC.ACCS.ZS,2005,96.1
Vanuatu,VUT,Access to electricity (% of population),EG.ELC.ACCS.ZS,2005,31.0
World,WLD,Access to electricity (% of population),EG.ELC.ACCS.ZS,2005,80.7045759
Samoa,WSM,Access to electricity (% of population),EG.ELC.ACCS.ZS,2005,91.1
"Yemen, Rep.",YEM,Access to electricity (% of population),EG.ELC.ACCS.ZS,2005,54.8
South Africa,ZAF,Access to electricity (% of population),EG.ELC.ACCS.ZS,2005,80.8
Zambia,ZMB,Access to electricity (% of population),EG.ELC.ACCS.ZS,2005,23.3
Zimbabwe,ZWE,Access to electricity (% of population),EG.ELC.ACCS.ZS,2005,36.1
Aruba,ABW,Access to electricity (% of population),EG.ELC.ACCS.ZS,2006,100.0
Africa Eastern and Southern,AFE,Access to electricity (% of population),EG.ELC.ACCS.ZS,2006,25.17248231
Afghanistan,AFG,Access to electricity (% of population),EG.ELC.ACCS.ZS,2006,33.5
Africa Western and Central,AFW,Access to electricity (% of population),EG.ELC.ACCS.ZS,2006,39.96942565
Angola,AGO,Access to electricity (% of population),EG.ELC.ACCS.ZS,2006,30.5
Albania,ALB,Access to electricity (% of population),EG.ELC.ACCS.ZS,2006,99.4
Andorra,AND,Access to electricity (% of population),EG.ELC.ACCS.ZS,2006,100.0
Arab World,ARB,Access to electricity (% of population),EG.ELC.ACCS.ZS,2006,85.28439372
United Arab Emirates,ARE,Access to electricity (% of population),EG.ELC.ACCS.ZS,2006,100.0
Argentina,ARG,Access to electricity (% of population),EG.ELC.ACCS.ZS,2006,97.0
Armenia,ARM,Access to electricity (% of population),EG.ELC.ACCS.ZS,2006,99.1
Antigua and Barbuda,ATG,Access to electricity (% of population),EG.ELC.ACCS.ZS,2006,100.0
Australia,AUS,Access to electricity (% of population),EG.ELC.ACCS.ZS,2006,100.0
Austria,AUT,Access to electricity (% of population),EG.ELC.ACCS.ZS,2006,100.0
Azerbaijan,AZE,Access to electricity (% of population),EG.ELC.ACCS.ZS,2006,99.5
Burundi,BDI,Access to electricity (% of population),EG.ELC.ACCS.ZS,2006,2.7
Belgium,BEL,Access to electricity (% of population),EG.ELC.ACCS.ZS,2006,100.0
Benin,BEN,Access to electricity (% of population),EG.ELC.ACCS.ZS,2006,27.9
Burkina Faso,BFA,Access to electricity (% of population),EG.ELC.ACCS.ZS,2006,11.6
Bangladesh,BGD,Access to electricity (% of population),EG.ELC.ACCS.ZS,2006,50.5
Bulgaria,BGR,Access to electricity (% of population),EG.ELC.ACCS.ZS,2006,91.2
Bahrain,BHR,Access to electricity (% of population),EG.ELC.ACCS.ZS,2006,100.0
"Bahamas, The",BHS,Access to electricity (% of population),EG.ELC.ACCS.ZS,2006,100.0
Bosnia and Herzegovina,BIH,Access to electricity (% of population),EG.ELC.ACCS.ZS,2006,99.4
Belarus,BLR,Access to electricity (% of population),EG.ELC.ACCS.ZS,2006,92.1
Belize,BLZ,Access to electricity (% of population),EG.ELC.ACCS.ZS,2006,91.0
Bermuda,BMU,Access to electricity (% of population),EG.ELC.ACCS.ZS,2006,100.0
Bolivia,BOL,Access to electricity (% of population),EG.ELC.ACCS.ZS,2006,76.2
Brazil,BRA,Access to electricity (% of population),EG.ELC.ACCS.ZS,2006,97.6
Barbados,BRB,Access to electricity (% of population),EG.ELC.ACCS.ZS,2006,100.0
Brunei Darussalam,BRN,Access to electricity (% of population),EG.ELC.ACCS.ZS,2006,100.0
Bhutan,BTN,Access to electricity (% of population),EG.ELC.ACCS.ZS,2006,59.7
Botswana,BWA,Access to electricity (% of population),EG.ELC.ACCS.ZS,2006,39.7
Central African Republic,CAF,Access to electricity (% of population),EG.ELC.ACCS.ZS,2006,7.8
Canada,CAN,Access to electricity (% of population),EG.ELC.ACCS.ZS,2006,100.0
Central Europe and the Baltics,CEB,Access to electricity (% of population),EG.ELC.ACCS.ZS,2006,98.42428178
Switzerland,CHE,Access to electricity (% of population),EG.ELC.ACCS.ZS,2006,100.0
Channel Islands,CHI,Access to electricity (% of population),EG.ELC.ACCS.ZS,2006,100.0
Chile,CHL,Access to electricity (% of population),EG.ELC.ACCS.ZS,2006,99.4
China,CHN,Access to electricity (% of population),EG.ELC.ACCS.ZS,2006,98.2
Cote d'Ivoire,CIV,Access to electricity (% of population),EG.ELC.ACCS.ZS,2006,60.2
Cameroon,CMR,Access to electricity (% of population),EG.ELC.ACCS.ZS,2006,49.0
"Congo, Dem. Rep.",COD,Access to electricity (% of population),EG.ELC.ACCS.ZS,2006,10.2
"Congo, Rep.",COG,Access to electricity (% of population),EG.ELC.ACCS.ZS,2006,34.9
Colombia,COL,Access to electricity (% of population),EG.ELC.ACCS.ZS,2006,95.7
Comoros,COM,Access to electricity (% of population),EG.ELC.ACCS.ZS,2006,53.2
Cabo Verde,CPV,Access to electricity (% of population),EG.ELC.ACCS.ZS,2006,68.8
Costa Rica,CRI,Access to electricity (% of population),EG.ELC.ACCS.ZS,2006,99.1
Caribbean small states,CSS,Access to electricity (% of population),EG.ELC.ACCS.ZS,2006,91.94639786
Cuba,CUB,Access to electricity (% of population),EG.ELC.ACCS.ZS,2006,96.9
Curacao,CUW,Access to electricity (% of population),EG.ELC.ACCS.ZS,2006,99.7
Cayman Islands,CYM,Access to electricity (% of population),EG.ELC.ACCS.ZS,2006,100.0
Cyprus,CYP,Access to electricity (% of population),EG.ELC.ACCS.ZS,2006,100.0
Czechia,CZE,Access to electricity (% of population),EG.ELC.ACCS.ZS,2006,100.0
Germany,DEU,Access to electricity (% of population),EG.ELC.ACCS.ZS,2006,100.0
Djibouti,DJI,Access to electricity (% of population),EG.ELC.ACCS.ZS,2006,55.5
Dominica,DMA,Access to electricity (% of population),EG.ELC.ACCS.ZS,2006,87.0
Denmark,DNK,Access to electricity (% of population),EG.ELC.ACCS.ZS,2006,100.0
Dominican Republic,DOM,Access to electricity (% of population),EG.ELC.ACCS.ZS,2006,90.1
Algeria,DZA,Access to electricity (% of population),EG.ELC.ACCS.ZS,2006,98.7
East Asia & Pacific (excluding high income),EAP,Access to electricity (% of population),EG.ELC.ACCS.ZS,2006,94.04145551
Early-demographic dividend,EAR,Access to electricity (% of population),EG.ELC.ACCS.ZS,2006,73.79998288
East Asia & Pacific,EAS,Access to electricity (% of population),EG.ELC.ACCS.ZS,2006,94.6471577
Europe & Central Asia (excluding high income),ECA,Access to electricity (% of population),EG.ELC.ACCS.ZS,2006,99.21930801
Europe & Central Asia,ECS,Access to electricity (% of population),EG.ELC.ACCS.ZS,2006,99.30135948
Ecuador,ECU,Access to electricity (% of population),EG.ELC.ACCS.ZS,2006,96.3
"Egypt, Arab Rep.",EGY,Access to electricity (% of population),EG.ELC.ACCS.ZS,2006,99.0
Euro area,EMU,Access to electricity (% of population),EG.ELC.ACCS.ZS,2006,99.792662
Eritrea,ERI,Access to electricity (% of population),EG.ELC.ACCS.ZS,2006,35.6
Spain,ESP,Access to electricity (% of population),EG.ELC.ACCS.ZS,2006,100.0
Estonia,EST,Access to electricity (% of population),EG.ELC.ACCS.ZS,2006,100.0
Ethiopia,ETH,Access to electricity (% of population),EG.ELC.ACCS.ZS,2006,18.6
European Union,EUU,Access to electricity (% of population),EG.ELC.ACCS.ZS,2006,99.61883965
Finland,FIN,Access to electricity (% of population),EG.ELC.ACCS.ZS,2006,100.0
Fiji,FJI,Access to electricity (% of population),EG.ELC.ACCS.ZS,2006,82.6
France,FRA,Access to electricity (% of population),EG.ELC.ACCS.ZS,2006,100.0
Faroe Islands,FRO,Access to electricity (% of population),EG.ELC.ACCS.ZS,2006,100.0
"Micronesia, Fed. Sts.",FSM,Access to electricity (% of population),EG.ELC.ACCS.ZS,2006,57.0
Gabon,GAB,Access to electricity (% of population),EG.ELC.ACCS.ZS,2006,80.5
United Kingdom,GBR,Access to electricity (% of population),EG.ELC.ACCS.ZS,2006,100.0
Georgia,GEO,Access to electricity (% of population),EG.ELC.ACCS.ZS,2006,100.0
Ghana,GHA,Access to electricity (% of population),EG.ELC.ACCS.ZS,2006,55.1
Gibraltar,GIB,Access to electricity (% of population),EG.ELC.ACCS.ZS,2006,99.7
Guinea,GIN,Access to electricity (% of population),EG.ELC.ACCS.ZS,2006,22.8
"Gambia, The",GMB,Access to electricity (% of population),EG.ELC.ACCS.ZS,2006,38.1
Guinea-Bissau,GNB,Access to electricity (% of population),EG.ELC.ACCS.ZS,2006,14.5
Equatorial Guinea,GNQ,Access to electricity (% of population),EG.ELC.ACCS.ZS,2006,65.1
Greece,GRC,Access to electricity (% of population),EG.ELC.ACCS.ZS,2006,100.0
Grenada,GRD,Access to electricity (% of population),EG.ELC.ACCS.ZS,2006,87.9
Greenland,GRL,Access to electricity (% of population),EG.ELC.ACCS.ZS,2006,100.0
Guatemala,GTM,Access to electricity (% of population),EG.ELC.ACCS.ZS,2006,83.7
Guam,GUM,Access to electricity (% of population),EG.ELC.ACCS.ZS,2006,100.0
Guyana,GUY,Access to electricity (% of population),EG.ELC.ACCS.ZS,2006,73.4
High income,HIC,Access to electricity (% of population),EG.ELC.ACCS.ZS,2006,99.58442441
"Hong Kong SAR, China",HKG,Access to electricity (% of population),EG.ELC.ACCS.ZS,2006,100.0
Honduras,HND,Access to electricity (% of population),EG.ELC.ACCS.ZS,2006,71.3
Heavily indebted poor countries (HIPC),HPC,Access to electricity (% of population),EG.ELC.ACCS.ZS,2006,24.29425551
Croatia,HRV,Access to electricity (% of population),EG.ELC.ACCS.ZS,2006,99.8
Haiti,HTI,Access to electricity (% of population),EG.ELC.ACCS.ZS,2006,33.9
Hungary,HUN,Access to electricity (% of population),EG.ELC.ACCS.ZS,2006,99.9
IBRD only,IBD,Access to electricity (% of population),EG.ELC.ACCS.ZS,2006,88.16808915
IDA & IBRD total,IBT,Access to electricity (% of population),EG.ELC.ACCS.ZS,2006,77.85882647
IDA total,IDA,Access to electricity (% of population),EG.ELC.ACCS.ZS,2006,43.97306861
IDA blend,IDB,Access to electricity (% of population),EG.ELC.ACCS.ZS,2006,61.12698262
Indonesia,IDN,Access to electricity (% of population),EG.ELC.ACCS.ZS,2006,90.6
IDA only,IDX,Access to electricity (% of population),EG.ELC.ACCS.ZS,2006,34.58178655
Isle of Man,IMN,Access to electricity (% of population),EG.ELC.ACCS.ZS,2006,100.0
India,IND,Access to electricity (% of population),EG.ELC.ACCS.ZS,2006,67.9
Ireland,IRL,Access to electricity (% of population),EG.ELC.ACCS.ZS,2006,100.0
"Iran, Islamic Rep.",IRN,Access to electricity (% of population),EG.ELC.ACCS.ZS,2006,98.4
Iraq,IRQ,Access to electricity (% of population),EG.ELC.ACCS.ZS,2006,97.6
Iceland,ISL,Access to electricity (% of population),EG.ELC.ACCS.ZS,2006,100.0
Israel,ISR,Access to electricity (% of population),EG.ELC.ACCS.ZS,2006,100.0
Italy,ITA,Access to electricity (% of population),EG.ELC.ACCS.ZS,2006,100.0
Jamaica,JAM,Access to electricity (% of population),EG.ELC.ACCS.ZS,2006,88.7
Jordan,JOR,Access to electricity (% of population),EG.ELC.ACCS.ZS,2006,100.0
Japan,JPN,Access to electricity (% of population),EG.ELC.ACCS.ZS,2006,100.0
Kazakhstan,KAZ,Access to electricity (% of population),EG.ELC.ACCS.ZS,2006,99.8
Kenya,KEN,Access to electricity (% of population),EG.ELC.ACCS.ZS,2006,26.4
Kyrgyz Republic,KGZ,Access to electricity (% of population),EG.ELC.ACCS.ZS,2006,98.9
Cambodia,KHM,Access to electricity (% of population),EG.ELC.ACCS.ZS,2006,27.5
Kiribati,KIR,Access to electricity (% of population),EG.ELC.ACCS.ZS,2006,68.8
St. Kitts and Nevis,KNA,Access to electricity (% of population),EG.ELC.ACCS.ZS,2006,96.7
"Korea, Rep.",KOR,Access to electricity (% of population),EG.ELC.ACCS.ZS,2006,100.0
Kuwait,KWT,Access to electricity (% of population),EG.ELC.ACCS.ZS,2006,100.0
Latin America & Caribbean (excluding high income),LAC,Access to electricity (% of population),EG.ELC.ACCS.ZS,2006,94.05418912
Lao PDR,LAO,Access to electricity (% of population),EG.ELC.ACCS.ZS,2006,57.0
Lebanon,LBN,Access to electricity (% of population),EG.ELC.ACCS.ZS,2006,99.4
Libya,LBY,Access to electricity (% of population),EG.ELC.ACCS.ZS,2006,88.4
St. Lucia,LCA,Access to electricity (% of population),EG.ELC.ACCS.ZS,2006,90.9
Latin America & Caribbean,LCN,Access to electricity (% of population),EG.ELC.ACCS.ZS,2006,94.25933462
Least developed countries: UN classification,LDC,Access to electricity (% of population),EG.ELC.ACCS.ZS,2006,29.14010474
Low income,LIC,Access to electricity (% of population),EG.ELC.ACCS.ZS,2006,22.04891054
Liechtenstein,LIE,Access to electricity (% of population),EG.ELC.ACCS.ZS,2006,100.0
Sri Lanka,LKA,Access to electricity (% of population),EG.ELC.ACCS.ZS,2006,82.0
Lower middle income,LMC,Access to electricity (% of population),EG.ELC.ACCS.ZS,2006,64.35469292
Low & middle income,LMY,Access to electricity (% of population),EG.ELC.ACCS.ZS,2006,76.99557056
Lesotho,LSO,Access to electricity (% of population),EG.ELC.ACCS.ZS,2006,9.7
Late-demographic dividend,LTE,Access to electricity (% of population),EG.ELC.ACCS.ZS,2006,97.88850164
Lithuania,LTU,Access to electricity (% of population),EG.ELC.ACCS.ZS,2006,99.4
Luxembourg,LUX,Access to electricity (% of population),EG.ELC.ACCS.ZS,2006,100.0
Latvia,LVA,Access to electricity (% of population),EG.ELC.ACCS.ZS,2006,99.6
"Macao SAR, China",MAC,Access to electricity (% of population),EG.ELC.ACCS.ZS,2006,100.0
St. Martin (French part),MAF,Access to electricity (% of population),EG.ELC.ACCS.ZS,2006,99.7
Morocco,MAR,Access to electricity (% of population),EG.ELC.ACCS.ZS,2006,96.5
Monaco,MCO,Access to electricity (% of population),EG.ELC.ACCS.ZS,2006,100.0
Moldova,MDA,Access to electricity (% of population),EG.ELC.ACCS.ZS,2006,98.9
Madagascar,MDG,Access to electricity (% of population),EG.ELC.ACCS.ZS,2006,16.8
Maldives,MDV,Access to electricity (% of population),EG.ELC.ACCS.ZS,2006,91.7
"Middle East, North Africa, Afghanistan & Pakistan",MEA,Access to electricity (% of population),EG.ELC.ACCS.ZS,2006,87.6565823
Mexico,MEX,Access to electricity (% of population),EG.ELC.ACCS.ZS,2006,99.1
Marshall Islands,MHL,Access to electricity (% of population),EG.ELC.ACCS.ZS,2006,77.2
Middle income,MIC,Access to electricity (% of population),EG.ELC.ACCS.ZS,2006,81.72183062
North Macedonia,MKD,Access to electricity (% of population),EG.ELC.ACCS.ZS,2006,99.0
Mali,MLI,Access to electricity (% of population),EG.ELC.ACCS.ZS,2006,16.6
Malta,MLT,Access to electricity (% of population),EG.ELC.ACCS.ZS,2006,100.0
Myanmar,MMR,Access to electricity (% of population),EG.ELC.ACCS.ZS,2006,48.4
"Middle East, North Africa, Afghanistan & Pakistan (excluding high income)",MNA,Access to electricity (% of population),EG.ELC.ACCS.ZS,2006,86.7067349
Montenegro,MNE,Access to electricity (% of population),EG.ELC.ACCS.ZS,2006,99.0
Mongolia,MNG,Access to electricity (% of population),EG.ELC.ACCS.ZS,2006,77.0
Northern Mariana Islands,MNP,Access to electricity (% of population),EG.ELC.ACCS.ZS,2006,99.7
Mozambique,MOZ,Access to electricity (% of population),EG.ELC.ACCS.ZS,2006,13.0
Mauritania,MRT,Access to electricity (% of population),EG.ELC.ACCS.ZS,2006,27.0
Mauritius,MUS,Access to electricity (% of population),EG.ELC.ACCS.ZS,2006,99.0
Malawi,MWI,Access to electricity (% of population),EG.ELC.ACCS.ZS,2006,3.7
Malaysia,MYS,Access to electricity (% of population),EG.ELC.ACCS.ZS,2006,98.8
North America,NAC,Access to electricity (% of population),EG.ELC.ACCS.ZS,2006,100.0
Namibia,NAM,Access to electricity (% of population),EG.ELC.ACCS.ZS,2006,40.5
New Caledonia,NCL,Access to electricity (% of population),EG.ELC.ACCS.ZS,2006,100.0
Niger,NER,Access to electricity (% of population),EG.ELC.ACCS.ZS,2006,9.3
Nigeria,NGA,Access to electricity (% of population),EG.ELC.ACCS.ZS,2006,47.6
Nicaragua,NIC,Access to electricity (% of population),EG.ELC.ACCS.ZS,2006,76.3
Netherlands,NLD,Access to electricity (% of population),EG.ELC.ACCS.ZS,2006,100.0
Norway,NOR,Access to electricity (% of population),EG.ELC.ACCS.ZS,2006,100.0
Nepal,NPL,Access to electricity (% of population),EG.ELC.ACCS.ZS,2006,51.2
Naoero,NRU,Access to electricity (% of population),EG.ELC.ACCS.ZS,2006,99.0
New Zealand,NZL,Access to electricity (% of population),EG.ELC.ACCS.ZS,2006,100.0
OECD members,OED,Access to electricity (% of population),EG.ELC.ACCS.ZS,2006,99.73965268
Oman,OMN,Access to electricity (% of population),EG.ELC.ACCS.ZS,2006,99.9
Other small states,OSS,Access to electricity (% of population),EG.ELC.ACCS.ZS,2006,76.18270984
Pakistan,PAK,Access to electricity (% of population),EG.ELC.ACCS.ZS,2006,79.1
Panama,PAN,Access to electricity (% of population),EG.ELC.ACCS.ZS,2006,84.8
Peru,PER,Access to electricity (% of population),EG.ELC.ACCS.ZS,2006,80.2
Philippines,PHL,Access to electricity (% of population),EG.ELC.ACCS.ZS,2006,80.2
Palau,PLW,Access to electricity (% of population),EG.ELC.ACCS.ZS,2006,98.3
Papua New Guinea,PNG,Access to electricity (% of population),EG.ELC.ACCS.ZS,2006,12.4
Poland,POL,Access to electricity (% of population),EG.ELC.ACCS.ZS,2006,99.8
Pre-demographic dividend,PRE,Access to electricity (% of population),EG.ELC.ACCS.ZS,2006,31.02208125
Puerto Rico (US),PRI,Access to electricity (% of population),EG.ELC.ACCS.ZS,2006,100.0
Portugal,PRT,Access to electricity (% of population),EG.ELC.ACCS.ZS,2006,100.0
Paraguay,PRY,Access to electricity (% of population),EG.ELC.ACCS.ZS,2006,96.7
West Bank and Gaza,PSE,Access to electricity (% of population),EG.ELC.ACCS.ZS,2006,99.7
Pacific island small states,PSS,Access to electricity (% of population),EG.ELC.ACCS.ZS,2006,61.66711468
Post-demographic dividend,PST,Access to electricity (% of population),EG.ELC.ACCS.ZS,2006,99.80278596
French Polynesia,PYF,Access to electricity (% of population),EG.ELC.ACCS.ZS,2006,100.0
Qatar,QAT,Access to electricity (% of population),EG.ELC.ACCS.ZS,2006,100.0
Romania,ROU,Access to electricity (% of population),EG.ELC.ACCS.ZS,2006,95.9
Russian Federation,RUS,Access to electricity (% of population),EG.ELC.ACCS.ZS,2006,98.1
Rwanda,RWA,Access to electricity (% of population),EG.ELC.ACCS.ZS,2006,11.4
South Asia,SAS,Access to electricity (% of population),EG.ELC.ACCS.ZS,2006,65.92355659
Saudi Arabia,SAU,Access to electricity (% of population),EG.ELC.ACCS.ZS,2006,100.0
Sudan,SDN,Access to electricity (% of population),EG.ELC.ACCS.ZS,2006,30.8
Senegal,SEN,Access to electricity (% of population),EG.ELC.ACCS.ZS,2006,49.9
Singapore,SGP,Access to electricity (% of population),EG.ELC.ACCS.ZS,2006,100.0
Solomon Islands,SLB,Access to electricity (% of population),EG.ELC.ACCS.ZS,2006,14.4
Sierra Leone,SLE,Access to electricity (% of population),EG.ELC.ACCS.ZS,2006,12.2
El Salvador,SLV,Access to electricity (% of population),EG.ELC.ACCS.ZS,2006,89.2
San Marino,SMR,Access to electricity (% of population),EG.ELC.ACCS.ZS,2006,100.0
"Somalia, Fed. Rep.",SOM,Access to electricity (% of population),EG.ELC.ACCS.ZS,2006,15.2
Serbia,SRB,Access to electricity (% of population),EG.ELC.ACCS.ZS,2006,99.6
Sub-Saharan Africa (excluding high income),SSA,Access to electricity (% of population),EG.ELC.ACCS.ZS,2006,31.19622088
Sub-Saharan Africa,SSF,Access to electricity (% of population),EG.ELC.ACCS.ZS,2006,31.20348777
Small states,SST,Access to electricity (% of population),EG.ELC.ACCS.ZS,2006,78.10067714
Sao Tome and Principe,STP,Access to electricity (% of population),EG.ELC.ACCS.ZS,2006,56.9
Suriname,SUR,Access to electricity (% of population),EG.ELC.ACCS.ZS,2006,91.0
Slovak Republic,SVK,Access to electricity (% of population),EG.ELC.ACCS.ZS,2006,99.9
Slovenia,SVN,Access to electricity (% of population),EG.ELC.ACCS.ZS,2006,100.0
Sweden,SWE,Access to electricity (% of population),EG.ELC.ACCS.ZS,2006,100.0
Eswatini,SWZ,Access to electricity (% of population),EG.ELC.ACCS.ZS,2006,35.2
Sint Maarten (Dutch part),SXM,Access to electricity (% of population),EG.ELC.ACCS.ZS,2006,99.7
Seychelles,SYC,Access to electricity (% of population),EG.ELC.ACCS.ZS,2006,99.0
Syrian Arab Republic,SYR,Access to electricity (% of population),EG.ELC.ACCS.ZS,2006,99.5
Turks and Caicos Islands,TCA,Access to electricity (% of population),EG.ELC.ACCS.ZS,2006,96.2
Chad,TCD,Access to electricity (% of population),EG.ELC.ACCS.ZS,2006,5.1
East Asia & Pacific (IDA & IBRD countries),TEA,Access to electricity (% of population),EG.ELC.ACCS.ZS,2006,94.041526
Europe & Central Asia (IDA & IBRD countries),TEC,Access to electricity (% of population),EG.ELC.ACCS.ZS,2006,98.60871612
Togo,TGO,Access to electricity (% of population),EG.ELC.ACCS.ZS,2006,27.9
Thailand,THA,Access to electricity (% of population),EG.ELC.ACCS.ZS,2006,99.1
Tajikistan,TJK,Access to electricity (% of population),EG.ELC.ACCS.ZS,2006,98.6
Turkmenistan,TKM,Access to electricity (% of population),EG.ELC.ACCS.ZS,2006,99.8
Latin America & the Caribbean (IDA & IBRD countries),TLA,Access to electricity (% of population),EG.ELC.ACCS.ZS,2006,94.15606387
Timor-Leste,TLS,Access to electricity (% of population),EG.ELC.ACCS.ZS,2006,36.7
"Middle East, North Africa, Afghanistan & Pakistan (IDA & IBRD)",TMN,Access to electricity (% of population),EG.ELC.ACCS.ZS,2006,86.62255189
Tonga,TON,Access to electricity (% of population),EG.ELC.ACCS.ZS,2006,92.3
South Asia (IDA & IBRD),TSA,Access to electricity (% of population),EG.ELC.ACCS.ZS,2006,65.92355659
Sub-Saharan Africa (IDA & IBRD countries),TSS,Access to electricity (% of population),EG.ELC.ACCS.ZS,2006,31.20348777
Trinidad and Tobago,TTO,Access to electricity (% of population),EG.ELC.ACCS.ZS,2006,100.0
Tunisia,TUN,Access to electricity (% of population),EG.ELC.ACCS.ZS,2006,99.4
Turkiye,TUR,Access to electricity (% of population),EG.ELC.ACCS.ZS,2006,99.7
Tuvalu,TUV,Access to electricity (% of population),EG.ELC.ACCS.ZS,2006,95.7
Tanzania,TZA,Access to electricity (% of population),EG.ELC.ACCS.ZS,2006,14.9
Uganda,UGA,Access to electricity (% of population),EG.ELC.ACCS.ZS,2006,9.0
Ukraine,UKR,Access to electricity (% of population),EG.ELC.ACCS.ZS,2006,99.5
Upper middle income,UMC,Access to electricity (% of population),EG.ELC.ACCS.ZS,2006,96.00897043
Uruguay,URY,Access to electricity (% of population),EG.ELC.ACCS.ZS,2006,98.5
United States,USA,Access to electricity (% of population),EG.ELC.ACCS.ZS,2006,100.0
Uzbekistan,UZB,Access to electricity (% of population),EG.ELC.ACCS.ZS,2006,99.5
St. Vincent and the Grenadines,VCT,Access to electricity (% of population),EG.ELC.ACCS.ZS,2006,87.5
"Venezuela, RB",VEN,Access to electricity (% of population),EG.ELC.ACCS.ZS,2006,99.3
British Virgin Islands,VGB,Access to electricity (% of population),EG.ELC.ACCS.ZS,2006,97.8
Virgin Islands (U.S.),VIR,Access to electricity (% of population),EG.ELC.ACCS.ZS,2006,100.0
Viet Nam,VNM,Access to electricity (% of population),EG.ELC.ACCS.ZS,2006,96.0
Vanuatu,VUT,Access to electricity (% of population),EG.ELC.ACCS.ZS,2006,26.4
World,WLD,Access to electricity (% of population),EG.ELC.ACCS.ZS,2006,81.35672719
Samoa,WSM,Access to electricity (% of population),EG.ELC.ACCS.ZS,2006,96.4
"Yemen, Rep.",YEM,Access to electricity (% of population),EG.ELC.ACCS.ZS,2006,55.8
South Africa,ZAF,Access to electricity (% of population),EG.ELC.ACCS.ZS,2006,80.7
Zambia,ZMB,Access to electricity (% of population),EG.ELC.ACCS.ZS,2006,24.1
Zimbabwe,ZWE,Access to electricity (% of population),EG.ELC.ACCS.ZS,2006,37.2
Aruba,ABW,Access to electricity (% of population),EG.ELC.ACCS.ZS,2007,100.0
Africa Eastern and Southern,AFE,Access to electricity (% of population),EG.ELC.ACCS.ZS,2007,26.79514459
Afghanistan,AFG,Access to electricity (% of population),EG.ELC.ACCS.ZS,2007,38.4
Africa Western and Central,AFW,Access to electricity (% of population),EG.ELC.ACCS.ZS,2007,40.87914838
Angola,AGO,Access to electricity (% of population),EG.ELC.ACCS.ZS,2007,37.5
Albania,ALB,Access to electricity (% of population),EG.ELC.ACCS.ZS,2007,99.4
Andorra,AND,Access to electricity (% of population),EG.ELC.ACCS.ZS,2007,100.0
Arab World,ARB,Access to electricity (% of population),EG.ELC.ACCS.ZS,2007,83.6267638
United Arab Emirates,ARE,Access to electricity (% of population),EG.ELC.ACCS.ZS,2007,100.0
Argentina,ARG,Access to electricity (% of population),EG.ELC.ACCS.ZS,2007,97.2
Armenia,ARM,Access to electricity (% of population),EG.ELC.ACCS.ZS,2007,99.2
Antigua and Barbuda,ATG,Access to electricity (% of population),EG.ELC.ACCS.ZS,2007,100.0
Australia,AUS,Access to electricity (% of population),EG.ELC.ACCS.ZS,2007,100.0
Austria,AUT,Access to electricity (% of population),EG.ELC.ACCS.ZS,2007,100.0
Azerbaijan,AZE,Access to electricity (% of population),EG.ELC.ACCS.ZS,2007,99.5
Burundi,BDI,Access to electricity (% of population),EG.ELC.ACCS.ZS,2007,4.7
Belgium,BEL,Access to electricity (% of population),EG.ELC.ACCS.ZS,2007,100.0
Benin,BEN,Access to electricity (% of population),EG.ELC.ACCS.ZS,2007,28.0
Burkina Faso,BFA,Access to electricity (% of population),EG.ELC.ACCS.ZS,2007,12.0
Bangladesh,BGD,Access to electricity (% of population),EG.ELC.ACCS.ZS,2007,46.5
Bulgaria,BGR,Access to electricity (% of population),EG.ELC.ACCS.ZS,2007,91.7
Bahrain,BHR,Access to electricity (% of population),EG.ELC.ACCS.ZS,2007,100.0
"Bahamas, The",BHS,Access to electricity (% of population),EG.ELC.ACCS.ZS,2007,100.0
Bosnia and Herzegovina,BIH,Access to electricity (% of population),EG.ELC.ACCS.ZS,2007,99.7
Belarus,BLR,Access to electricity (% of population),EG.ELC.ACCS.ZS,2007,92.6
Belize,BLZ,Access to electricity (% of population),EG.ELC.ACCS.ZS,2007,85.2
Bermuda,BMU,Access to electricity (% of population),EG.ELC.ACCS.ZS,2007,100.0
Bolivia,BOL,Access to electricity (% of population),EG.ELC.ACCS.ZS,2007,80.2
Brazil,BRA,Access to electricity (% of population),EG.ELC.ACCS.ZS,2007,98.1
Barbados,BRB,Access to electricity (% of population),EG.ELC.ACCS.ZS,2007,100.0
Brunei Darussalam,BRN,Access to electricity (% of population),EG.ELC.ACCS.ZS,2007,100.0
Bhutan,BTN,Access to electricity (% of population),EG.ELC.ACCS.ZS,2007,71.8
Botswana,BWA,Access to electricity (% of population),EG.ELC.ACCS.ZS,2007,41.9
Central African Republic,CAF,Access to electricity (% of population),EG.ELC.ACCS.ZS,2007,8.4
Canada,CAN,Access to electricity (% of population),EG.ELC.ACCS.ZS,2007,100.0
Central Europe and the Baltics,CEB,Access to electricity (% of population),EG.ELC.ACCS.ZS,2007,98.52764464
Switzerland,CHE,Access to electricity (% of population),EG.ELC.ACCS.ZS,2007,100.0
Channel Islands,CHI,Access to electricity (% of population),EG.ELC.ACCS.ZS,2007,100.0
Chile,CHL,Access to electricity (% of population),EG.ELC.ACCS.ZS,2007,98.0
China,CHN,Access to electricity (% of population),EG.ELC.ACCS.ZS,2007,98.5
Cote d'Ivoire,CIV,Access to electricity (% of population),EG.ELC.ACCS.ZS,2007,55.3
Cameroon,CMR,Access to electricity (% of population),EG.ELC.ACCS.ZS,2007,48.2
"Congo, Dem. Rep.",COD,Access to electricity (% of population),EG.ELC.ACCS.ZS,2007,15.2
"Congo, Rep.",COG,Access to electricity (% of population),EG.ELC.ACCS.ZS,2007,35.8
Colombia,COL,Access to electricity (% of population),EG.ELC.ACCS.ZS,2007,96.0
Comoros,COM,Access to electricity (% of population),EG.ELC.ACCS.ZS,2007,55.5
Cabo Verde,CPV,Access to electricity (% of population),EG.ELC.ACCS.ZS,2007,70.5
Costa Rica,CRI,Access to electricity (% of population),EG.ELC.ACCS.ZS,2007,99.2
Caribbean small states,CSS,Access to electricity (% of population),EG.ELC.ACCS.ZS,2007,93.08160547
Cuba,CUB,Access to electricity (% of population),EG.ELC.ACCS.ZS,2007,97.1
Curacao,CUW,Access to electricity (% of population),EG.ELC.ACCS.ZS,2007,99.7
Cayman Islands,CYM,Access to electricity (% of population),EG.ELC.ACCS.ZS,2007,100.0
Cyprus,CYP,Access to electricity (% of population),EG.ELC.ACCS.ZS,2007,100.0
Czechia,CZE,Access to electricity (% of population),EG.ELC.ACCS.ZS,2007,100.0
Germany,DEU,Access to electricity (% of population),EG.ELC.ACCS.ZS,2007,100.0
Djibouti,DJI,Access to electricity (% of population),EG.ELC.ACCS.ZS,2007,57.2
Dominica,DMA,Access to electricity (% of population),EG.ELC.ACCS.ZS,2007,88.1
Denmark,DNK,Access to electricity (% of population),EG.ELC.ACCS.ZS,2007,100.0
Dominican Republic,DOM,Access to electricity (% of population),EG.ELC.ACCS.ZS,2007,96.9
Algeria,DZA,Access to electricity (% of population),EG.ELC.ACCS.ZS,2007,98.7
East Asia & Pacific (excluding high income),EAP,Access to electricity (% of population),EG.ELC.ACCS.ZS,2007,94.05138924
Early-demographic dividend,EAR,Access to electricity (% of population),EG.ELC.ACCS.ZS,2007,75.65503834
East Asia & Pacific,EAS,Access to electricity (% of population),EG.ELC.ACCS.ZS,2007,94.65454037
Europe & Central Asia (excluding high income),ECA,Access to electricity (% of population),EG.ELC.ACCS.ZS,2007,99.33899083
Europe & Central Asia,ECS,Access to electricity (% of population),EG.ELC.ACCS.ZS,2007,99.36308036
Ecuador,ECU,Access to electricity (% of population),EG.ELC.ACCS.ZS,2007,96.8
"Egypt, Arab Rep.",EGY,Access to electricity (% of population),EG.ELC.ACCS.ZS,2007,98.4
Euro area,EMU,Access to electricity (% of population),EG.ELC.ACCS.ZS,2007,99.80834746
Eritrea,ERI,Access to electricity (% of population),EG.ELC.ACCS.ZS,2007,36.7
Spain,ESP,Access to electricity (% of population),EG.ELC.ACCS.ZS,2007,100.0
Estonia,EST,Access to electricity (% of population),EG.ELC.ACCS.ZS,2007,100.0
Ethiopia,ETH,Access to electricity (% of population),EG.ELC.ACCS.ZS,2007,20.3
European Union,EUU,Access to electricity (% of population),EG.ELC.ACCS.ZS,2007,99.64640753
Finland,FIN,Access to electricity (% of population),EG.ELC.ACCS.ZS,2007,100.0
Fiji,FJI,Access to electricity (% of population),EG.ELC.ACCS.ZS,2007,88.9
France,FRA,Access to electricity (% of population),EG.ELC.ACCS.ZS,2007,100.0
Faroe Islands,FRO,Access to electricity (% of population),EG.ELC.ACCS.ZS,2007,100.0
"Micronesia, Fed. Sts.",FSM,Access to electricity (% of population),EG.ELC.ACCS.ZS,2007,58.7
Gabon,GAB,Access to electricity (% of population),EG.ELC.ACCS.ZS,2007,81.3
United Kingdom,GBR,Access to electricity (% of population),EG.ELC.ACCS.ZS,2007,100.0
Georgia,GEO,Access to electricity (% of population),EG.ELC.ACCS.ZS,2007,100.0
Ghana,GHA,Access to electricity (% of population),EG.ELC.ACCS.ZS,2007,56.9
Gibraltar,GIB,Access to electricity (% of population),EG.ELC.ACCS.ZS,2007,99.7
Guinea,GIN,Access to electricity (% of population),EG.ELC.ACCS.ZS,2007,24.1
"Gambia, The",GMB,Access to electricity (% of population),EG.ELC.ACCS.ZS,2007,39.8
Guinea-Bissau,GNB,Access to electricity (% of population),EG.ELC.ACCS.ZS,2007,7.9
Equatorial Guinea,GNQ,Access to electricity (% of population),EG.ELC.ACCS.ZS,2007,65.1
Greece,GRC,Access to electricity (% of population),EG.ELC.ACCS.ZS,2007,100.0
Grenada,GRD,Access to electricity (% of population),EG.ELC.ACCS.ZS,2007,88.2
Greenland,GRL,Access to electricity (% of population),EG.ELC.ACCS.ZS,2007,100.0
Guatemala,GTM,Access to electricity (% of population),EG.ELC.ACCS.ZS,2007,80.7
Guam,GUM,Access to electricity (% of population),EG.ELC.ACCS.ZS,2007,100.0
Guyana,GUY,Access to electricity (% of population),EG.ELC.ACCS.ZS,2007,78.5
High income,HIC,Access to electricity (% of population),EG.ELC.ACCS.ZS,2007,99.59444638
"Hong Kong SAR, China",HKG,Access to electricity (% of population),EG.ELC.ACCS.ZS,2007,100.0
Honduras,HND,Access to electricity (% of population),EG.ELC.ACCS.ZS,2007,73.5
Heavily indebted poor countries (HIPC),HPC,Access to electricity (% of population),EG.ELC.ACCS.ZS,2007,25.84464327
Croatia,HRV,Access to electricity (% of population),EG.ELC.ACCS.ZS,2007,99.8
Haiti,HTI,Access to electricity (% of population),EG.ELC.ACCS.ZS,2007,35.5
Hungary,HUN,Access to electricity (% of population),EG.ELC.ACCS.ZS,2007,100.0
IBRD only,IBD,Access to electricity (% of population),EG.ELC.ACCS.ZS,2007,89.32421216
IDA & IBRD total,IBT,Access to electricity (% of population),EG.ELC.ACCS.ZS,2007,78.61577142
IDA total,IDA,Access to electricity (% of population),EG.ELC.ACCS.ZS,2007,44.2155832
IDA blend,IDB,Access to electricity (% of population),EG.ELC.ACCS.ZS,2007,62.30431484
Indonesia,IDN,Access to electricity (% of population),EG.ELC.ACCS.ZS,2007,91.1
IDA only,IDX,Access to electricity (% of population),EG.ELC.ACCS.ZS,2007,34.41913089
Isle of Man,IMN,Access to electricity (% of population),EG.ELC.ACCS.ZS,2007,100.0
India,IND,Access to electricity (% of population),EG.ELC.ACCS.ZS,2007,72.3
Ireland,IRL,Access to electricity (% of population),EG.ELC.ACCS.ZS,2007,100.0
"Iran, Islamic Rep.",IRN,Access to electricity (% of population),EG.ELC.ACCS.ZS,2007,98.7
Iraq,IRQ,Access to electricity (% of population),EG.ELC.ACCS.ZS,2007,98.1
Iceland,ISL,Access to electricity (% of population),EG.ELC.ACCS.ZS,2007,100.0
Israel,ISR,Access to electricity (% of population),EG.ELC.ACCS.ZS,2007,100.0
Italy,ITA,Access to electricity (% of population),EG.ELC.ACCS.ZS,2007,100.0
Jamaica,JAM,Access to electricity (% of population),EG.ELC.ACCS.ZS,2007,89.4
Jordan,JOR,Access to electricity (% of population),EG.ELC.ACCS.ZS,2007,98.8
Japan,JPN,Access to electricity (% of population),EG.ELC.ACCS.ZS,2007,100.0
Kazakhstan,KAZ,Access to electricity (% of population),EG.ELC.ACCS.ZS,2007,100.0
Kenya,KEN,Access to electricity (% of population),EG.ELC.ACCS.ZS,2007,28.3
Kyrgyz Republic,KGZ,Access to electricity (% of population),EG.ELC.ACCS.ZS,2007,99.5
Cambodia,KHM,Access to electricity (% of population),EG.ELC.ACCS.ZS,2007,20.2
Kiribati,KIR,Access to electricity (% of population),EG.ELC.ACCS.ZS,2007,67.7
St. Kitts and Nevis,KNA,Access to electricity (% of population),EG.ELC.ACCS.ZS,2007,97.0
"Korea, Rep.",KOR,Access to electricity (% of population),EG.ELC.ACCS.ZS,2007,100.0
Kuwait,KWT,Access to electricity (% of population),EG.ELC.ACCS.ZS,2007,100.0
Latin America & Caribbean (excluding high income),LAC,Access to electricity (% of population),EG.ELC.ACCS.ZS,2007,94.31684523
Lao PDR,LAO,Access to electricity (% of population),EG.ELC.ACCS.ZS,2007,55.0
Lebanon,LBN,Access to electricity (% of population),EG.ELC.ACCS.ZS,2007,97.8
Liberia,LBR,Access to electricity (% of population),EG.ELC.ACCS.ZS,2007,3.0
Libya,LBY,Access to electricity (% of population),EG.ELC.ACCS.ZS,2007,86.8
St. Lucia,LCA,Access to electricity (% of population),EG.ELC.ACCS.ZS,2007,91.8
Latin America & Caribbean,LCN,Access to electricity (% of population),EG.ELC.ACCS.ZS,2007,94.4765422
Least developed countries: UN classification,LDC,Access to electricity (% of population),EG.ELC.ACCS.ZS,2007,29.35211384
Low income,LIC,Access to electricity (% of population),EG.ELC.ACCS.ZS,2007,23.57486314
Liechtenstein,LIE,Access to electricity (% of population),EG.ELC.ACCS.ZS,2007,100.0
Sri Lanka,LKA,Access to electricity (% of population),EG.ELC.ACCS.ZS,2007,80.0
Lower middle income,LMC,Access to electricity (% of population),EG.ELC.ACCS.ZS,2007,66.52199736
Low & middle income,LMY,Access to electricity (% of population),EG.ELC.ACCS.ZS,2007,77.79875422
Lesotho,LSO,Access to electricity (% of population),EG.ELC.ACCS.ZS,2007,13.9
Late-demographic dividend,LTE,Access to electricity (% of population),EG.ELC.ACCS.ZS,2007,97.62867501
Lithuania,LTU,Access to electricity (% of population),EG.ELC.ACCS.ZS,2007,99.4
Luxembourg,LUX,Access to electricity (% of population),EG.ELC.ACCS.ZS,2007,100.0
Latvia,LVA,Access to electricity (% of population),EG.ELC.ACCS.ZS,2007,99.7
"Macao SAR, China",MAC,Access to electricity (% of population),EG.ELC.ACCS.ZS,2007,100.0
St. Martin (French part),MAF,Access to electricity (% of population),EG.ELC.ACCS.ZS,2007,99.7
Morocco,MAR,Access to electricity (% of population),EG.ELC.ACCS.ZS,2007,82.2
Monaco,MCO,Access to electricity (% of population),EG.ELC.ACCS.ZS,2007,100.0
Moldova,MDA,Access to electricity (% of population),EG.ELC.ACCS.ZS,2007,99.0
Madagascar,MDG,Access to electricity (% of population),EG.ELC.ACCS.ZS,2007,17.5
Maldives,MDV,Access to electricity (% of population),EG.ELC.ACCS.ZS,2007,92.6
"Middle East, North Africa, Afghanistan & Pakistan",MEA,Access to electricity (% of population),EG.ELC.ACCS.ZS,2007,87.15191141
Mexico,MEX,Access to electricity (% of population),EG.ELC.ACCS.ZS,2007,97.9
Marshall Islands,MHL,Access to electricity (% of population),EG.ELC.ACCS.ZS,2007,72.3
Middle income,MIC,Access to electricity (% of population),EG.ELC.ACCS.ZS,2007,82.67715429
North Macedonia,MKD,Access to electricity (% of population),EG.ELC.ACCS.ZS,2007,99.1
Mali,MLI,Access to electricity (% of population),EG.ELC.ACCS.ZS,2007,21.7
Malta,MLT,Access to electricity (% of population),EG.ELC.ACCS.ZS,2007,100.0
Myanmar,MMR,Access to electricity (% of population),EG.ELC.ACCS.ZS,2007,49.5
"Middle East, North Africa, Afghanistan & Pakistan (excluding high income)",MNA,Access to electricity (% of population),EG.ELC.ACCS.ZS,2007,86.13264792
Montenegro,MNE,Access to electricity (% of population),EG.ELC.ACCS.ZS,2007,99.0
Mongolia,MNG,Access to electricity (% of population),EG.ELC.ACCS.ZS,2007,78.1
Northern Mariana Islands,MNP,Access to electricity (% of population),EG.ELC.ACCS.ZS,2007,100.0
Mozambique,MOZ,Access to electricity (% of population),EG.ELC.ACCS.ZS,2007,12.4
Mauritania,MRT,Access to electricity (% of population),EG.ELC.ACCS.ZS,2007,33.0
Mauritius,MUS,Access to electricity (% of population),EG.ELC.ACCS.ZS,2007,99.0
Malawi,MWI,Access to electricity (% of population),EG.ELC.ACCS.ZS,2007,7.4
Malaysia,MYS,Access to electricity (% of population),EG.ELC.ACCS.ZS,2007,98.9
North America,NAC,Access to electricity (% of population),EG.ELC.ACCS.ZS,2007,100.0
Namibia,NAM,Access to electricity (% of population),EG.ELC.ACCS.ZS,2007,43.7
New Caledonia,NCL,Access to electricity (% of population),EG.ELC.ACCS.ZS,2007,100.0
Niger,NER,Access to electricity (% of population),EG.ELC.ACCS.ZS,2007,11.2
Nigeria,NGA,Access to electricity (% of population),EG.ELC.ACCS.ZS,2007,50.1
Nicaragua,NIC,Access to electricity (% of population),EG.ELC.ACCS.ZS,2007,76.9
Netherlands,NLD,Access to electricity (% of population),EG.ELC.ACCS.ZS,2007,100.0
Norway,NOR,Access to electricity (% of population),EG.ELC.ACCS.ZS,2007,100.0
Nepal,NPL,Access to electricity (% of population),EG.ELC.ACCS.ZS,2007,52.6
Naoero,NRU,Access to electricity (% of population),EG.ELC.ACCS.ZS,2007,99.8
New Zealand,NZL,Access to electricity (% of population),EG.ELC.ACCS.ZS,2007,100.0
OECD members,OED,Access to electricity (% of population),EG.ELC.ACCS.ZS,2007,99.62878553
Oman,OMN,Access to electricity (% of population),EG.ELC.ACCS.ZS,2007,100.0
Other small states,OSS,Access to electricity (% of population),EG.ELC.ACCS.ZS,2007,77.65738509
Pakistan,PAK,Access to electricity (% of population),EG.ELC.ACCS.ZS,2007,80.2
Panama,PAN,Access to electricity (% of population),EG.ELC.ACCS.ZS,2007,85.5
Peru,PER,Access to electricity (% of population),EG.ELC.ACCS.ZS,2007,82.0
Philippines,PHL,Access to electricity (% of population),EG.ELC.ACCS.ZS,2007,82.0
Palau,PLW,Access to electricity (% of population),EG.ELC.ACCS.ZS,2007,98.4
Papua New Guinea,PNG,Access to electricity (% of population),EG.ELC.ACCS.ZS,2007,14.9
Poland,POL,Access to electricity (% of population),EG.ELC.ACCS.ZS,2007,99.8
Pre-demographic dividend,PRE,Access to electricity (% of population),EG.ELC.ACCS.ZS,2007,32.35470121
Puerto Rico (US),PRI,Access to electricity (% of population),EG.ELC.ACCS.ZS,2007,100.0
Portugal,PRT,Access to electricity (% of population),EG.ELC.ACCS.ZS,2007,100.0
Paraguay,PRY,Access to electricity (% of population),EG.ELC.ACCS.ZS,2007,96.5
West Bank and Gaza,PSE,Access to electricity (% of population),EG.ELC.ACCS.ZS,2007,98.8
Pacific island small states,PSS,Access to electricity (% of population),EG.ELC.ACCS.ZS,2007,63.93769294
Post-demographic dividend,PST,Access to electricity (% of population),EG.ELC.ACCS.ZS,2007,99.83049775
French Polynesia,PYF,Access to electricity (% of population),EG.ELC.ACCS.ZS,2007,100.0
Qatar,QAT,Access to electricity (% of population),EG.ELC.ACCS.ZS,2007,100.0
Romania,ROU,Access to electricity (% of population),EG.ELC.ACCS.ZS,2007,96.1
Russian Federation,RUS,Access to electricity (% of population),EG.ELC.ACCS.ZS,2007,98.2
Rwanda,RWA,Access to electricity (% of population),EG.ELC.ACCS.ZS,2007,12.8
South Asia,SAS,Access to electricity (% of population),EG.ELC.ACCS.ZS,2007,69.28488186
Saudi Arabia,SAU,Access to electricity (% of population),EG.ELC.ACCS.ZS,2007,100.0
Sudan,SDN,Access to electricity (% of population),EG.ELC.ACCS.ZS,2007,31.1
Senegal,SEN,Access to electricity (% of population),EG.ELC.ACCS.ZS,2007,48.1
Singapore,SGP,Access to electricity (% of population),EG.ELC.ACCS.ZS,2007,100.0
Solomon Islands,SLB,Access to electricity (% of population),EG.ELC.ACCS.ZS,2007,12.9
Sierra Leone,SLE,Access to electricity (% of population),EG.ELC.ACCS.ZS,2007,13.0
El Salvador,SLV,Access to electricity (% of population),EG.ELC.ACCS.ZS,2007,91.1
San Marino,SMR,Access to electricity (% of population),EG.ELC.ACCS.ZS,2007,100.0
"Somalia, Fed. Rep.",SOM,Access to electricity (% of population),EG.ELC.ACCS.ZS,2007,20.2
Serbia,SRB,Access to electricity (% of population),EG.ELC.ACCS.ZS,2007,99.6
Sub-Saharan Africa (excluding high income),SSA,Access to electricity (% of population),EG.ELC.ACCS.ZS,2007,32.51276454
South Sudan,SSD,Access to electricity (% of population),EG.ELC.ACCS.ZS,2007,0.8
Sub-Saharan Africa,SSF,Access to electricity (% of population),EG.ELC.ACCS.ZS,2007,32.51933343
Small states,SST,Access to electricity (% of population),EG.ELC.ACCS.ZS,2007,79.58073493
Sao Tome and Principe,STP,Access to electricity (% of population),EG.ELC.ACCS.ZS,2007,58.0
Suriname,SUR,Access to electricity (% of population),EG.ELC.ACCS.ZS,2007,94.7
Slovak Republic,SVK,Access to electricity (% of population),EG.ELC.ACCS.ZS,2007,100.0
Slovenia,SVN,Access to electricity (% of population),EG.ELC.ACCS.ZS,2007,100.0
Sweden,SWE,Access to electricity (% of population),EG.ELC.ACCS.ZS,2007,100.0
Eswatini,SWZ,Access to electricity (% of population),EG.ELC.ACCS.ZS,2007,39.8
Sint Maarten (Dutch part),SXM,Access to electricity (% of population),EG.ELC.ACCS.ZS,2007,99.7
Seychelles,SYC,Access to electricity (% of population),EG.ELC.ACCS.ZS,2007,96.1
Syrian Arab Republic,SYR,Access to electricity (% of population),EG.ELC.ACCS.ZS,2007,91.5
Turks and Caicos Islands,TCA,Access to electricity (% of population),EG.ELC.ACCS.ZS,2007,96.6
Chad,TCD,Access to electricity (% of population),EG.ELC.ACCS.ZS,2007,5.5
East Asia & Pacific (IDA & IBRD countries),TEA,Access to electricity (% of population),EG.ELC.ACCS.ZS,2007,94.05146355
Europe & Central Asia (IDA & IBRD countries),TEC,Access to electricity (% of population),EG.ELC.ACCS.ZS,2007,98.72469062
Togo,TGO,Access to electricity (% of population),EG.ELC.ACCS.ZS,2007,30.0
Thailand,THA,Access to electricity (% of population),EG.ELC.ACCS.ZS,2007,94.1
Tajikistan,TJK,Access to electricity (% of population),EG.ELC.ACCS.ZS,2007,98.6
Turkmenistan,TKM,Access to electricity (% of population),EG.ELC.ACCS.ZS,2007,99.6
Latin America & the Caribbean (IDA & IBRD countries),TLA,Access to electricity (% of population),EG.ELC.ACCS.ZS,2007,94.37673132
Timor-Leste,TLS,Access to electricity (% of population),EG.ELC.ACCS.ZS,2007,36.6
"Middle East, North Africa, Afghanistan & Pakistan (IDA & IBRD)",TMN,Access to electricity (% of population),EG.ELC.ACCS.ZS,2007,86.05026858
Tonga,TON,Access to electricity (% of population),EG.ELC.ACCS.ZS,2007,90.5
South Asia (IDA & IBRD),TSA,Access to electricity (% of population),EG.ELC.ACCS.ZS,2007,69.28488186
Sub-Saharan Africa (IDA & IBRD countries),TSS,Access to electricity (% of population),EG.ELC.ACCS.ZS,2007,32.51933343
Trinidad and Tobago,TTO,Access to electricity (% of population),EG.ELC.ACCS.ZS,2007,100.0
Tunisia,TUN,Access to electricity (% of population),EG.ELC.ACCS.ZS,2007,99.4
Turkiye,TUR,Access to electricity (% of population),EG.ELC.ACCS.ZS,2007,99.7
Tuvalu,TUV,Access to electricity (% of population),EG.ELC.ACCS.ZS,2007,96.7
Tanzania,TZA,Access to electricity (% of population),EG.ELC.ACCS.ZS,2007,15.9
Uganda,UGA,Access to electricity (% of population),EG.ELC.ACCS.ZS,2007,14.8
Ukraine,UKR,Access to electricity (% of population),EG.ELC.ACCS.ZS,2007,99.8
Upper middle income,UMC,Access to electricity (% of population),EG.ELC.ACCS.ZS,2007,96.09446858
Uruguay,URY,Access to electricity (% of population),EG.ELC.ACCS.ZS,2007,98.7
United States,USA,Access to electricity (% of population),EG.ELC.ACCS.ZS,2007,100.0
Uzbekistan,UZB,Access to electricity (% of population),EG.ELC.ACCS.ZS,2007,99.5
St. Vincent and the Grenadines,VCT,Access to electricity (% of population),EG.ELC.ACCS.ZS,2007,88.8
"Venezuela, RB",VEN,Access to electricity (% of population),EG.ELC.ACCS.ZS,2007,98.9
British Virgin Islands,VGB,Access to electricity (% of population),EG.ELC.ACCS.ZS,2007,97.9
Virgin Islands (U.S.),VIR,Access to electricity (% of population),EG.ELC.ACCS.ZS,2007,100.0
Viet Nam,VNM,Access to electricity (% of population),EG.ELC.ACCS.ZS,2007,93.1
Vanuatu,VUT,Access to electricity (% of population),EG.ELC.ACCS.ZS,2007,33.6
World,WLD,Access to electricity (% of population),EG.ELC.ACCS.ZS,2007,81.97457266
Samoa,WSM,Access to electricity (% of population),EG.ELC.ACCS.ZS,2007,92.5
"Yemen, Rep.",YEM,Access to electricity (% of population),EG.ELC.ACCS.ZS,2007,57.2
South Africa,ZAF,Access to electricity (% of population),EG.ELC.ACCS.ZS,2007,82.0
Zambia,ZMB,Access to electricity (% of population),EG.ELC.ACCS.ZS,2007,18.5
Zimbabwe,ZWE,Access to electricity (% of population),EG.ELC.ACCS.ZS,2007,37.2
Aruba,ABW,Access to electricity (% of population),EG.ELC.ACCS.ZS,2008,100.0
Africa Eastern and Southern,AFE,Access to electricity (% of population),EG.ELC.ACCS.ZS,2008,25.90884513
Afghanistan,AFG,Access to electricity (% of population),EG.ELC.ACCS.ZS,2008,42.4
Africa Western and Central,AFW,Access to electricity (% of population),EG.ELC.ACCS.ZS,2008,41.87866978
Angola,AGO,Access to electricity (% of population),EG.ELC.ACCS.ZS,2008,38.5
Albania,ALB,Access to electricity (% of population),EG.ELC.ACCS.ZS,2008,100.0
Andorra,AND,Access to electricity (% of population),EG.ELC.ACCS.ZS,2008,100.0
Arab World,ARB,Access to electricity (% of population),EG.ELC.ACCS.ZS,2008,83.27556416
United Arab Emirates,ARE,Access to electricity (% of population),EG.ELC.ACCS.ZS,2008,100.0
Argentina,ARG,Access to electricity (% of population),EG.ELC.ACCS.ZS,2008,97.5
Armenia,ARM,Access to electricity (% of population),EG.ELC.ACCS.ZS,2008,99.2
Antigua and Barbuda,ATG,Access to electricity (% of population),EG.ELC.ACCS.ZS,2008,100.0
Australia,AUS,Access to electricity (% of population),EG.ELC.ACCS.ZS,2008,100.0
Austria,AUT,Access to electricity (% of population),EG.ELC.ACCS.ZS,2008,100.0
Azerbaijan,AZE,Access to electricity (% of population),EG.ELC.ACCS.ZS,2008,99.7
Burundi,BDI,Access to electricity (% of population),EG.ELC.ACCS.ZS,2008,4.8
Belgium,BEL,Access to electricity (% of population),EG.ELC.ACCS.ZS,2008,100.0
Benin,BEN,Access to electricity (% of population),EG.ELC.ACCS.ZS,2008,29.0
Burkina Faso,BFA,Access to electricity (% of population),EG.ELC.ACCS.ZS,2008,12.5
Bangladesh,BGD,Access to electricity (% of population),EG.ELC.ACCS.ZS,2008,54.3
Bulgaria,BGR,Access to electricity (% of population),EG.ELC.ACCS.ZS,2008,92.3
Bahrain,BHR,Access to electricity (% of population),EG.ELC.ACCS.ZS,2008,100.0
"Bahamas, The",BHS,Access to electricity (% of population),EG.ELC.ACCS.ZS,2008,100.0
Bosnia and Herzegovina,BIH,Access to electricity (% of population),EG.ELC.ACCS.ZS,2008,99.3
Belarus,BLR,Access to electricity (% of population),EG.ELC.ACCS.ZS,2008,93.2
Belize,BLZ,Access to electricity (% of population),EG.ELC.ACCS.ZS,2008,86.1
Bermuda,BMU,Access to electricity (% of population),EG.ELC.ACCS.ZS,2008,100.0
Bolivia,BOL,Access to electricity (% of population),EG.ELC.ACCS.ZS,2008,84.7
Brazil,BRA,Access to electricity (% of population),EG.ELC.ACCS.ZS,2008,98.5
Barbados,BRB,Access to electricity (% of population),EG.ELC.ACCS.ZS,2008,100.0
Brunei Darussalam,BRN,Access to electricity (% of population),EG.ELC.ACCS.ZS,2008,100.0
Bhutan,BTN,Access to electricity (% of population),EG.ELC.ACCS.ZS,2008,67.6
Botswana,BWA,Access to electricity (% of population),EG.ELC.ACCS.ZS,2008,44.5
Central African Republic,CAF,Access to electricity (% of population),EG.ELC.ACCS.ZS,2008,7.5
Canada,CAN,Access to electricity (% of population),EG.ELC.ACCS.ZS,2008,100.0
Central Europe and the Baltics,CEB,Access to electricity (% of population),EG.ELC.ACCS.ZS,2008,98.66885655
Switzerland,CHE,Access to electricity (% of population),EG.ELC.ACCS.ZS,2008,100.0
Channel Islands,CHI,Access to electricity (% of population),EG.ELC.ACCS.ZS,2008,100.0
Chile,CHL,Access to electricity (% of population),EG.ELC.ACCS.ZS,2008,98.2
China,CHN,Access to electricity (% of population),EG.ELC.ACCS.ZS,2008,98.8
Cote d'Ivoire,CIV,Access to electricity (% of population),EG.ELC.ACCS.ZS,2008,60.3
Cameroon,CMR,Access to electricity (% of population),EG.ELC.ACCS.ZS,2008,50.6
"Congo, Dem. Rep.",COD,Access to electricity (% of population),EG.ELC.ACCS.ZS,2008,11.6
"Congo, Rep.",COG,Access to electricity (% of population),EG.ELC.ACCS.ZS,2008,36.8
Colombia,COL,Access to electricity (% of population),EG.ELC.ACCS.ZS,2008,96.8
Comoros,COM,Access to electricity (% of population),EG.ELC.ACCS.ZS,2008,57.8
Cabo Verde,CPV,Access to electricity (% of population),EG.ELC.ACCS.ZS,2008,72.3
Costa Rica,CRI,Access to electricity (% of population),EG.ELC.ACCS.ZS,2008,99.3
Caribbean small states,CSS,Access to electricity (% of population),EG.ELC.ACCS.ZS,2008,93.44412941
Cuba,CUB,Access to electricity (% of population),EG.ELC.ACCS.ZS,2008,97.3
Curacao,CUW,Access to electricity (% of population),EG.ELC.ACCS.ZS,2008,99.7
Cayman Islands,CYM,Access to electricity (% of population),EG.ELC.ACCS.ZS,2008,100.0
Cyprus,CYP,Access to electricity (% of population),EG.ELC.ACCS.ZS,2008,100.0
Czechia,CZE,Access to electricity (% of population),EG.ELC.ACCS.ZS,2008,100.0
Germany,DEU,Access to electricity (% of population),EG.ELC.ACCS.ZS,2008,100.0
Djibouti,DJI,Access to electricity (% of population),EG.ELC.ACCS.ZS,2008,57.4
Dominica,DMA,Access to electricity (% of population),EG.ELC.ACCS.ZS,2008,90.9
Denmark,DNK,Access to electricity (% of population),EG.ELC.ACCS.ZS,2008,100.0
Dominican Republic,DOM,Access to electricity (% of population),EG.ELC.ACCS.ZS,2008,97.6
Algeria,DZA,Access to electricity (% of population),EG.ELC.ACCS.ZS,2008,99.3
East Asia & Pacific (excluding high income),EAP,Access to electricity (% of population),EG.ELC.ACCS.ZS,2008,94.67193105
Early-demographic dividend,EAR,Access to electricity (% of population),EG.ELC.ACCS.ZS,2008,77.40077952
East Asia & Pacific,EAS,Access to electricity (% of population),EG.ELC.ACCS.ZS,2008,95.21108387
Europe & Central Asia (excluding high income),ECA,Access to electricity (% of population),EG.ELC.ACCS.ZS,2008,99.37760728
Europe & Central Asia,ECS,Access to electricity (% of population),EG.ELC.ACCS.ZS,2008,99.40809614
Ecuador,ECU,Access to electricity (% of population),EG.ELC.ACCS.ZS,2008,97.2
"Egypt, Arab Rep.",EGY,Access to electricity (% of population),EG.ELC.ACCS.ZS,2008,99.8
Euro area,EMU,Access to electricity (% of population),EG.ELC.ACCS.ZS,2008,99.82606092
Eritrea,ERI,Access to electricity (% of population),EG.ELC.ACCS.ZS,2008,37.8
Spain,ESP,Access to electricity (% of population),EG.ELC.ACCS.ZS,2008,100.0
Estonia,EST,Access to electricity (% of population),EG.ELC.ACCS.ZS,2008,100.0
Ethiopia,ETH,Access to electricity (% of population),EG.ELC.ACCS.ZS,2008,22.0
European Union,EUU,Access to electricity (% of population),EG.ELC.ACCS.ZS,2008,99.6825304
Finland,FIN,Access to electricity (% of population),EG.ELC.ACCS.ZS,2008,100.0
Fiji,FJI,Access to electricity (% of population),EG.ELC.ACCS.ZS,2008,86.2
France,FRA,Access to electricity (% of population),EG.ELC.ACCS.ZS,2008,100.0
Faroe Islands,FRO,Access to electricity (% of population),EG.ELC.ACCS.ZS,2008,100.0
"Micronesia, Fed. Sts.",FSM,Access to electricity (% of population),EG.ELC.ACCS.ZS,2008,60.5
Gabon,GAB,Access to electricity (% of population),EG.ELC.ACCS.ZS,2008,82.0
United Kingdom,GBR,Access to electricity (% of population),EG.ELC.ACCS.ZS,2008,100.0
Georgia,GEO,Access to electricity (% of population),EG.ELC.ACCS.ZS,2008,100.0
Ghana,GHA,Access to electricity (% of population),EG.ELC.ACCS.ZS,2008,60.5
Gibraltar,GIB,Access to electricity (% of population),EG.ELC.ACCS.ZS,2008,99.7
Guinea,GIN,Access to electricity (% of population),EG.ELC.ACCS.ZS,2008,25.4
"Gambia, The",GMB,Access to electricity (% of population),EG.ELC.ACCS.ZS,2008,41.5
Guinea-Bissau,GNB,Access to electricity (% of population),EG.ELC.ACCS.ZS,2008,9.3
Equatorial Guinea,GNQ,Access to electricity (% of population),EG.ELC.ACCS.ZS,2008,65.2
Greece,GRC,Access to electricity (% of population),EG.ELC.ACCS.ZS,2008,100.0
Grenada,GRD,Access to electricity (% of population),EG.ELC.ACCS.ZS,2008,90.0
Greenland,GRL,Access to electricity (% of population),EG.ELC.ACCS.ZS,2008,100.0
Guatemala,GTM,Access to electricity (% of population),EG.ELC.ACCS.ZS,2008,81.9
Guam,GUM,Access to electricity (% of population),EG.ELC.ACCS.ZS,2008,100.0
Guyana,GUY,Access to electricity (% of population),EG.ELC.ACCS.ZS,2008,79.1
High income,HIC,Access to electricity (% of population),EG.ELC.ACCS.ZS,2008,99.62510481
"Hong Kong SAR, China",HKG,Access to electricity (% of population),EG.ELC.ACCS.ZS,2008,100.0
Honduras,HND,Access to electricity (% of population),EG.ELC.ACCS.ZS,2008,76.4
Heavily indebted poor countries (HIPC),HPC,Access to electricity (% of population),EG.ELC.ACCS.ZS,2008,25.79944871
Croatia,HRV,Access to electricity (% of population),EG.ELC.ACCS.ZS,2008,100.0
Haiti,HTI,Access to electricity (% of population),EG.ELC.ACCS.ZS,2008,36.1
Hungary,HUN,Access to electricity (% of population),EG.ELC.ACCS.ZS,2008,100.0
IBRD only,IBD,Access to electricity (% of population),EG.ELC.ACCS.ZS,2008,90.1665294
IDA & IBRD total,IBT,Access to electricity (% of population),EG.ELC.ACCS.ZS,2008,79.45692495
IDA total,IDA,Access to electricity (% of population),EG.ELC.ACCS.ZS,2008,45.52100869
IDA blend,IDB,Access to electricity (% of population),EG.ELC.ACCS.ZS,2008,63.33093915
Indonesia,IDN,Access to electricity (% of population),EG.ELC.ACCS.ZS,2008,92.7
IDA only,IDX,Access to electricity (% of population),EG.ELC.ACCS.ZS,2008,35.84111981
Isle of Man,IMN,Access to electricity (% of population),EG.ELC.ACCS.ZS,2008,100.0
India,IND,Access to electricity (% of population),EG.ELC.ACCS.ZS,2008,74.1
Ireland,IRL,Access to electricity (% of population),EG.ELC.ACCS.ZS,2008,100.0
"Iran, Islamic Rep.",IRN,Access to electricity (% of population),EG.ELC.ACCS.ZS,2008,98.8
Iraq,IRQ,Access to electricity (% of population),EG.ELC.ACCS.ZS,2008,97.9
Iceland,ISL,Access to electricity (% of population),EG.ELC.ACCS.ZS,2008,100.0
Israel,ISR,Access to electricity (% of population),EG.ELC.ACCS.ZS,2008,100.0
Italy,ITA,Access to electricity (% of population),EG.ELC.ACCS.ZS,2008,100.0
Jamaica,JAM,Access to electricity (% of population),EG.ELC.ACCS.ZS,2008,92.0
Jordan,JOR,Access to electricity (% of population),EG.ELC.ACCS.ZS,2008,100.0
Japan,JPN,Access to electricity (% of population),EG.ELC.ACCS.ZS,2008,100.0
Kazakhstan,KAZ,Access to electricity (% of population),EG.ELC.ACCS.ZS,2008,100.0
Kenya,KEN,Access to electricity (% of population),EG.ELC.ACCS.ZS,2008,30.3
Kyrgyz Republic,KGZ,Access to electricity (% of population),EG.ELC.ACCS.ZS,2008,99.5
Cambodia,KHM,Access to electricity (% of population),EG.ELC.ACCS.ZS,2008,26.4
Kiribati,KIR,Access to electricity (% of population),EG.ELC.ACCS.ZS,2008,69.4
St. Kitts and Nevis,KNA,Access to electricity (% of population),EG.ELC.ACCS.ZS,2008,97.3
"Korea, Rep.",KOR,Access to electricity (% of population),EG.ELC.ACCS.ZS,2008,100.0
Kuwait,KWT,Access to electricity (% of population),EG.ELC.ACCS.ZS,2008,100.0
Latin America & Caribbean (excluding high income),LAC,Access to electricity (% of population),EG.ELC.ACCS.ZS,2008,95.09951519
Lao PDR,LAO,Access to electricity (% of population),EG.ELC.ACCS.ZS,2008,66.0
Lebanon,LBN,Access to electricity (% of population),EG.ELC.ACCS.ZS,2008,99.9
Liberia,LBR,Access to electricity (% of population),EG.ELC.ACCS.ZS,2008,1.3
Libya,LBY,Access to electricity (% of population),EG.ELC.ACCS.ZS,2008,85.1
St. Lucia,LCA,Access to electricity (% of population),EG.ELC.ACCS.ZS,2008,92.7
Latin America & Caribbean,LCN,Access to electricity (% of population),EG.ELC.ACCS.ZS,2008,95.22308083
Least developed countries: UN classification,LDC,Access to electricity (% of population),EG.ELC.ACCS.ZS,2008,30.74073233
Low income,LIC,Access to electricity (% of population),EG.ELC.ACCS.ZS,2008,23.06061025
Liechtenstein,LIE,Access to electricity (% of population),EG.ELC.ACCS.ZS,2008,100.0
Sri Lanka,LKA,Access to electricity (% of population),EG.ELC.ACCS.ZS,2008,82.9
Lower middle income,LMC,Access to electricity (% of population),EG.ELC.ACCS.ZS,2008,68.44625148
Low & middle income,LMY,Access to electricity (% of population),EG.ELC.ACCS.ZS,2008,78.68191982
Lesotho,LSO,Access to electricity (% of population),EG.ELC.ACCS.ZS,2008,16.0
Late-demographic dividend,LTE,Access to electricity (% of population),EG.ELC.ACCS.ZS,2008,97.99492635
Lithuania,LTU,Access to electricity (% of population),EG.ELC.ACCS.ZS,2008,99.4
Luxembourg,LUX,Access to electricity (% of population),EG.ELC.ACCS.ZS,2008,100.0
Latvia,LVA,Access to electricity (% of population),EG.ELC.ACCS.ZS,2008,99.7
"Macao SAR, China",MAC,Access to electricity (% of population),EG.ELC.ACCS.ZS,2008,100.0
St. Martin (French part),MAF,Access to electricity (% of population),EG.ELC.ACCS.ZS,2008,99.7
Morocco,MAR,Access to electricity (% of population),EG.ELC.ACCS.ZS,2008,84.1
Monaco,MCO,Access to electricity (% of population),EG.ELC.ACCS.ZS,2008,100.0
Moldova,MDA,Access to electricity (% of population),EG.ELC.ACCS.ZS,2008,99.1
Madagascar,MDG,Access to electricity (% of population),EG.ELC.ACCS.ZS,2008,18.3
Maldives,MDV,Access to electricity (% of population),EG.ELC.ACCS.ZS,2008,93.6
"Middle East, North Africa, Afghanistan & Pakistan",MEA,Access to electricity (% of population),EG.ELC.ACCS.ZS,2008,88.09466098
Mexico,MEX,Access to electricity (% of population),EG.ELC.ACCS.ZS,2008,98.9
Marshall Islands,MHL,Access to electricity (% of population),EG.ELC.ACCS.ZS,2008,80.2
Middle income,MIC,Access to electricity (% of population),EG.ELC.ACCS.ZS,2008,83.77302466
North Macedonia,MKD,Access to electricity (% of population),EG.ELC.ACCS.ZS,2008,99.2
Mali,MLI,Access to electricity (% of population),EG.ELC.ACCS.ZS,2008,23.4
Malta,MLT,Access to electricity (% of population),EG.ELC.ACCS.ZS,2008,100.0
Myanmar,MMR,Access to electricity (% of population),EG.ELC.ACCS.ZS,2008,50.6
"Middle East, North Africa, Afghanistan & Pakistan (excluding high income)",MNA,Access to electricity (% of population),EG.ELC.ACCS.ZS,2008,87.12279212
Montenegro,MNE,Access to electricity (% of population),EG.ELC.ACCS.ZS,2008,99.0
Mongolia,MNG,Access to electricity (% of population),EG.ELC.ACCS.ZS,2008,79.2
Northern Mariana Islands,MNP,Access to electricity (% of population),EG.ELC.ACCS.ZS,2008,100.0
Mozambique,MOZ,Access to electricity (% of population),EG.ELC.ACCS.ZS,2008,13.6
Mauritania,MRT,Access to electricity (% of population),EG.ELC.ACCS.ZS,2008,30.0
Mauritius,MUS,Access to electricity (% of population),EG.ELC.ACCS.ZS,2008,99.0
Malawi,MWI,Access to electricity (% of population),EG.ELC.ACCS.ZS,2008,7.8
Malaysia,MYS,Access to electricity (% of population),EG.ELC.ACCS.ZS,2008,99.0
North America,NAC,Access to electricity (% of population),EG.ELC.ACCS.ZS,2008,100.0
Namibia,NAM,Access to electricity (% of population),EG.ELC.ACCS.ZS,2008,42.4
New Caledonia,NCL,Access to electricity (% of population),EG.ELC.ACCS.ZS,2008,100.0
Niger,NER,Access to electricity (% of population),EG.ELC.ACCS.ZS,2008,11.8
Nigeria,NGA,Access to electricity (% of population),EG.ELC.ACCS.ZS,2008,50.3
Nicaragua,NIC,Access to electricity (% of population),EG.ELC.ACCS.ZS,2008,77.5
Netherlands,NLD,Access to electricity (% of population),EG.ELC.ACCS.ZS,2008,100.0
Norway,NOR,Access to electricity (% of population),EG.ELC.ACCS.ZS,2008,100.0
Nepal,NPL,Access to electricity (% of population),EG.ELC.ACCS.ZS,2008,56.0
Naoero,NRU,Access to electricity (% of population),EG.ELC.ACCS.ZS,2008,99.1
New Zealand,NZL,Access to electricity (% of population),EG.ELC.ACCS.ZS,2008,100.0
OECD members,OED,Access to electricity (% of population),EG.ELC.ACCS.ZS,2008,99.74396479
Oman,OMN,Access to electricity (% of population),EG.ELC.ACCS.ZS,2008,100.0
Other small states,OSS,Access to electricity (% of population),EG.ELC.ACCS.ZS,2008,78.4662641
Pakistan,PAK,Access to electricity (% of population),EG.ELC.ACCS.ZS,2008,81.4
Panama,PAN,Access to electricity (% of population),EG.ELC.ACCS.ZS,2008,86.3
Peru,PER,Access to electricity (% of population),EG.ELC.ACCS.ZS,2008,84.7
Philippines,PHL,Access to electricity (% of population),EG.ELC.ACCS.ZS,2008,83.3
Palau,PLW,Access to electricity (% of population),EG.ELC.ACCS.ZS,2008,98.5
Papua New Guinea,PNG,Access to electricity (% of population),EG.ELC.ACCS.ZS,2008,15.3
Poland,POL,Access to electricity (% of population),EG.ELC.ACCS.ZS,2008,99.8
Pre-demographic dividend,PRE,Access to electricity (% of population),EG.ELC.ACCS.ZS,2008,32.15856181
Puerto Rico (US),PRI,Access to electricity (% of population),EG.ELC.ACCS.ZS,2008,100.0
Portugal,PRT,Access to electricity (% of population),EG.ELC.ACCS.ZS,2008,100.0
Paraguay,PRY,Access to electricity (% of population),EG.ELC.ACCS.ZS,2008,96.7
West Bank and Gaza,PSE,Access to electricity (% of population),EG.ELC.ACCS.ZS,2008,99.8
Pacific island small states,PSS,Access to electricity (% of population),EG.ELC.ACCS.ZS,2008,67.26129946
Post-demographic dividend,PST,Access to electricity (% of population),EG.ELC.ACCS.ZS,2008,99.84326553
French Polynesia,PYF,Access to electricity (% of population),EG.ELC.ACCS.ZS,2008,100.0
Qatar,QAT,Access to electricity (% of population),EG.ELC.ACCS.ZS,2008,100.0
Romania,ROU,Access to electricity (% of population),EG.ELC.ACCS.ZS,2008,96.5
Russian Federation,RUS,Access to electricity (% of population),EG.ELC.ACCS.ZS,2008,98.3
Rwanda,RWA,Access to electricity (% of population),EG.ELC.ACCS.ZS,2008,6.0
South Asia,SAS,Access to electricity (% of population),EG.ELC.ACCS.ZS,2008,71.77825887
Saudi Arabia,SAU,Access to electricity (% of population),EG.ELC.ACCS.ZS,2008,100.0
Sudan,SDN,Access to electricity (% of population),EG.ELC.ACCS.ZS,2008,20.0
Senegal,SEN,Access to electricity (% of population),EG.ELC.ACCS.ZS,2008,49.7
Singapore,SGP,Access to electricity (% of population),EG.ELC.ACCS.ZS,2008,100.0
Solomon Islands,SLB,Access to electricity (% of population),EG.ELC.ACCS.ZS,2008,28.1
Sierra Leone,SLE,Access to electricity (% of population),EG.ELC.ACCS.ZS,2008,12.1
El Salvador,SLV,Access to electricity (% of population),EG.ELC.ACCS.ZS,2008,91.0
San Marino,SMR,Access to electricity (% of population),EG.ELC.ACCS.ZS,2008,100.0
"Somalia, Fed. Rep.",SOM,Access to electricity (% of population),EG.ELC.ACCS.ZS,2008,22.9
Serbia,SRB,Access to electricity (% of population),EG.ELC.ACCS.ZS,2008,99.6
Sub-Saharan Africa (excluding high income),SSA,Access to electricity (% of population),EG.ELC.ACCS.ZS,2008,32.39707353
South Sudan,SSD,Access to electricity (% of population),EG.ELC.ACCS.ZS,2008,1.3
Sub-Saharan Africa,SSF,Access to electricity (% of population),EG.ELC.ACCS.ZS,2008,32.4036606
Small states,SST,Access to electricity (% of population),EG.ELC.ACCS.ZS,2008,80.59506892
Sao Tome and Principe,STP,Access to electricity (% of population),EG.ELC.ACCS.ZS,2008,59.1
Suriname,SUR,Access to electricity (% of population),EG.ELC.ACCS.ZS,2008,94.7
Slovak Republic,SVK,Access to electricity (% of population),EG.ELC.ACCS.ZS,2008,100.0
Slovenia,SVN,Access to electricity (% of population),EG.ELC.ACCS.ZS,2008,100.0
Sweden,SWE,Access to electricity (% of population),EG.ELC.ACCS.ZS,2008,100.0
Eswatini,SWZ,Access to electricity (% of population),EG.ELC.ACCS.ZS,2008,42.6
Sint Maarten (Dutch part),SXM,Access to electricity (% of population),EG.ELC.ACCS.ZS,2008,99.7
Seychelles,SYC,Access to electricity (% of population),EG.ELC.ACCS.ZS,2008,96.5
Syrian Arab Republic,SYR,Access to electricity (% of population),EG.ELC.ACCS.ZS,2008,91.3
Turks and Caicos Islands,TCA,Access to electricity (% of population),EG.ELC.ACCS.ZS,2008,96.9
Chad,TCD,Access to electricity (% of population),EG.ELC.ACCS.ZS,2008,5.9
East Asia & Pacific (IDA & IBRD countries),TEA,Access to electricity (% of population),EG.ELC.ACCS.ZS,2008,94.67199205
Europe & Central Asia (IDA & IBRD countries),TEC,Access to electricity (% of population),EG.ELC.ACCS.ZS,2008,98.81322001
Togo,TGO,Access to electricity (% of population),EG.ELC.ACCS.ZS,2008,31.8
Thailand,THA,Access to electricity (% of population),EG.ELC.ACCS.ZS,2008,94.8
Tajikistan,TJK,Access to electricity (% of population),EG.ELC.ACCS.ZS,2008,98.6
Turkmenistan,TKM,Access to electricity (% of population),EG.ELC.ACCS.ZS,2008,99.6
Latin America & the Caribbean (IDA & IBRD countries),TLA,Access to electricity (% of population),EG.ELC.ACCS.ZS,2008,95.14175886
Timor-Leste,TLS,Access to electricity (% of population),EG.ELC.ACCS.ZS,2008,43.1
"Middle East, North Africa, Afghanistan & Pakistan (IDA & IBRD)",TMN,Access to electricity (% of population),EG.ELC.ACCS.ZS,2008,87.03986175
Tonga,TON,Access to electricity (% of population),EG.ELC.ACCS.ZS,2008,91.2
South Asia (IDA & IBRD),TSA,Access to electricity (% of population),EG.ELC.ACCS.ZS,2008,71.77825887
Sub-Saharan Africa (IDA & IBRD countries),TSS,Access to electricity (% of population),EG.ELC.ACCS.ZS,2008,32.4036606
Trinidad and Tobago,TTO,Access to electricity (% of population),EG.ELC.ACCS.ZS,2008,100.0
Tunisia,TUN,Access to electricity (% of population),EG.ELC.ACCS.ZS,2008,99.4
Turkiye,TUR,Access to electricity (% of population),EG.ELC.ACCS.ZS,2008,99.7
Tuvalu,TUV,Access to electricity (% of population),EG.ELC.ACCS.ZS,2008,96.2
Tanzania,TZA,Access to electricity (% of population),EG.ELC.ACCS.ZS,2008,11.5
Uganda,UGA,Access to electricity (% of population),EG.ELC.ACCS.ZS,2008,15.9
Ukraine,UKR,Access to electricity (% of population),EG.ELC.ACCS.ZS,2008,99.8
Upper middle income,UMC,Access to electricity (% of population),EG.ELC.ACCS.ZS,2008,96.6142381
Uruguay,URY,Access to electricity (% of population),EG.ELC.ACCS.ZS,2008,98.8
United States,USA,Access to electricity (% of population),EG.ELC.ACCS.ZS,2008,100.0
Uzbekistan,UZB,Access to electricity (% of population),EG.ELC.ACCS.ZS,2008,99.5
St. Vincent and the Grenadines,VCT,Access to electricity (% of population),EG.ELC.ACCS.ZS,2008,90.1
"Venezuela, RB",VEN,Access to electricity (% of population),EG.ELC.ACCS.ZS,2008,98.9
British Virgin Islands,VGB,Access to electricity (% of population),EG.ELC.ACCS.ZS,2008,98.1
Virgin Islands (U.S.),VIR,Access to electricity (% of population),EG.ELC.ACCS.ZS,2008,100.0
Viet Nam,VNM,Access to electricity (% of population),EG.ELC.ACCS.ZS,2008,93.8
Vanuatu,VUT,Access to electricity (% of population),EG.ELC.ACCS.ZS,2008,36.5
World,WLD,Access to electricity (% of population),EG.ELC.ACCS.ZS,2008,82.67141837
Samoa,WSM,Access to electricity (% of population),EG.ELC.ACCS.ZS,2008,98.1
"Yemen, Rep.",YEM,Access to electricity (% of population),EG.ELC.ACCS.ZS,2008,58.4
South Africa,ZAF,Access to electricity (% of population),EG.ELC.ACCS.ZS,2008,81.9
Zambia,ZMB,Access to electricity (% of population),EG.ELC.ACCS.ZS,2008,25.7
Zimbabwe,ZWE,Access to electricity (% of population),EG.ELC.ACCS.ZS,2008,37.7
Aruba,ABW,Access to electricity (% of population),EG.ELC.ACCS.ZS,2009,100.0
Africa Eastern and Southern,AFE,Access to electricity (% of population),EG.ELC.ACCS.ZS,2009,26.18784648
Afghanistan,AFG,Access to electricity (% of population),EG.ELC.ACCS.ZS,2009,48.3
Africa Western and Central,AFW,Access to electricity (% of population),EG.ELC.ACCS.ZS,2009,42.01235955
Angola,AGO,Access to electricity (% of population),EG.ELC.ACCS.ZS,2009,33.8
Albania,ALB,Access to electricity (% of population),EG.ELC.ACCS.ZS,2009,99.6
Andorra,AND,Access to electricity (% of population),EG.ELC.ACCS.ZS,2009,100.0
Arab World,ARB,Access to electricity (% of population),EG.ELC.ACCS.ZS,2009,84.15972871
United Arab Emirates,ARE,Access to electricity (% of population),EG.ELC.ACCS.ZS,2009,100.0
Argentina,ARG,Access to electricity (% of population),EG.ELC.ACCS.ZS,2009,97.8
Armenia,ARM,Access to electricity (% of population),EG.ELC.ACCS.ZS,2009,99.3
Antigua and Barbuda,ATG,Access to electricity (% of population),EG.ELC.ACCS.ZS,2009,98.5
Australia,AUS,Access to electricity (% of population),EG.ELC.ACCS.ZS,2009,100.0
Austria,AUT,Access to electricity (% of population),EG.ELC.ACCS.ZS,2009,100.0
Azerbaijan,AZE,Access to electricity (% of population),EG.ELC.ACCS.ZS,2009,99.9
Burundi,BDI,Access to electricity (% of population),EG.ELC.ACCS.ZS,2009,5.4
Belgium,BEL,Access to electricity (% of population),EG.ELC.ACCS.ZS,2009,100.0
Benin,BEN,Access to electricity (% of population),EG.ELC.ACCS.ZS,2009,30.0
Burkina Faso,BFA,Access to electricity (% of population),EG.ELC.ACCS.ZS,2009,12.6
Bangladesh,BGD,Access to electricity (% of population),EG.ELC.ACCS.ZS,2009,57.1
Bulgaria,BGR,Access to electricity (% of population),EG.ELC.ACCS.ZS,2009,92.9
Bahrain,BHR,Access to electricity (% of population),EG.ELC.ACCS.ZS,2009,100.0
"Bahamas, The",BHS,Access to electricity (% of population),EG.ELC.ACCS.ZS,2009,100.0
Bosnia and Herzegovina,BIH,Access to electricity (% of population),EG.ELC.ACCS.ZS,2009,99.4
Belarus,BLR,Access to electricity (% of population),EG.ELC.ACCS.ZS,2009,93.8
Belize,BLZ,Access to electricity (% of population),EG.ELC.ACCS.ZS,2009,86.9
Bermuda,BMU,Access to electricity (% of population),EG.ELC.ACCS.ZS,2009,100.0
Bolivia,BOL,Access to electricity (% of population),EG.ELC.ACCS.ZS,2009,86.8
Brazil,BRA,Access to electricity (% of population),EG.ELC.ACCS.ZS,2009,98.9
Barbados,BRB,Access to electricity (% of population),EG.ELC.ACCS.ZS,2009,100.0
Brunei Darussalam,BRN,Access to electricity (% of population),EG.ELC.ACCS.ZS,2009,100.0
Bhutan,BTN,Access to electricity (% of population),EG.ELC.ACCS.ZS,2009,71.5
Botswana,BWA,Access to electricity (% of population),EG.ELC.ACCS.ZS,2009,43.4
Central African Republic,CAF,Access to electricity (% of population),EG.ELC.ACCS.ZS,2009,9.4
Canada,CAN,Access to electricity (% of population),EG.ELC.ACCS.ZS,2009,100.0
Central Europe and the Baltics,CEB,Access to electricity (% of population),EG.ELC.ACCS.ZS,2009,98.85866012
Switzerland,CHE,Access to electricity (% of population),EG.ELC.ACCS.ZS,2009,100.0
Channel Islands,CHI,Access to electricity (% of population),EG.ELC.ACCS.ZS,2009,100.0
Chile,CHL,Access to electricity (% of population),EG.ELC.ACCS.ZS,2009,99.6
China,CHN,Access to electricity (% of population),EG.ELC.ACCS.ZS,2009,99.1
Cote d'Ivoire,CIV,Access to electricity (% of population),EG.ELC.ACCS.ZS,2009,57.3
Cameroon,CMR,Access to electricity (% of population),EG.ELC.ACCS.ZS,2009,51.7
"Congo, Dem. Rep.",COD,Access to electricity (% of population),EG.ELC.ACCS.ZS,2009,12.3
"Congo, Rep.",COG,Access to electricity (% of population),EG.ELC.ACCS.ZS,2009,37.1
Colombia,COL,Access to electricity (% of population),EG.ELC.ACCS.ZS,2009,96.1
Comoros,COM,Access to electricity (% of population),EG.ELC.ACCS.ZS,2009,60.1
Cabo Verde,CPV,Access to electricity (% of population),EG.ELC.ACCS.ZS,2009,74.1
Costa Rica,CRI,Access to electricity (% of population),EG.ELC.ACCS.ZS,2009,99.4
Caribbean small states,CSS,Access to electricity (% of population),EG.ELC.ACCS.ZS,2009,92.91529439
Cuba,CUB,Access to electricity (% of population),EG.ELC.ACCS.ZS,2009,97.6
Curacao,CUW,Access to electricity (% of population),EG.ELC.ACCS.ZS,2009,99.7
Cayman Islands,CYM,Access to electricity (% of population),EG.ELC.ACCS.ZS,2009,100.0
Cyprus,CYP,Access to electricity (% of population),EG.ELC.ACCS.ZS,2009,100.0
Czechia,CZE,Access to electricity (% of population),EG.ELC.ACCS.ZS,2009,100.0
Germany,DEU,Access to electricity (% of population),EG.ELC.ACCS.ZS,2009,100.0
Djibouti,DJI,Access to electricity (% of population),EG.ELC.ACCS.ZS,2009,57.6
Dominica,DMA,Access to electricity (% of population),EG.ELC.ACCS.ZS,2009,90.2
Denmark,DNK,Access to electricity (% of population),EG.ELC.ACCS.ZS,2009,100.0
Dominican Republic,DOM,Access to electricity (% of population),EG.ELC.ACCS.ZS,2009,97.9
Algeria,DZA,Access to electricity (% of population),EG.ELC.ACCS.ZS,2009,98.8
East Asia & Pacific (excluding high income),EAP,Access to electricity (% of population),EG.ELC.ACCS.ZS,2009,94.42763391
Early-demographic dividend,EAR,Access to electricity (% of population),EG.ELC.ACCS.ZS,2009,78.28841996
East Asia & Pacific,EAS,Access to electricity (% of population),EG.ELC.ACCS.ZS,2009,94.98332806
Europe & Central Asia (excluding high income),ECA,Access to electricity (% of population),EG.ELC.ACCS.ZS,2009,99.44856216
Europe & Central Asia,ECS,Access to electricity (% of population),EG.ELC.ACCS.ZS,2009,99.46616858
Ecuador,ECU,Access to electricity (% of population),EG.ELC.ACCS.ZS,2009,96.5
"Egypt, Arab Rep.",EGY,Access to electricity (% of population),EG.ELC.ACCS.ZS,2009,98.9
Euro area,EMU,Access to electricity (% of population),EG.ELC.ACCS.ZS,2009,99.84338339
Eritrea,ERI,Access to electricity (% of population),EG.ELC.ACCS.ZS,2009,38.9
Spain,ESP,Access to electricity (% of population),EG.ELC.ACCS.ZS,2009,100.0
Estonia,EST,Access to electricity (% of population),EG.ELC.ACCS.ZS,2009,100.0
Ethiopia,ETH,Access to electricity (% of population),EG.ELC.ACCS.ZS,2009,23.7
European Union,EUU,Access to electricity (% of population),EG.ELC.ACCS.ZS,2009,99.72900757
Finland,FIN,Access to electricity (% of population),EG.ELC.ACCS.ZS,2009,100.0
Fiji,FJI,Access to electricity (% of population),EG.ELC.ACCS.ZS,2009,85.6
France,FRA,Access to electricity (% of population),EG.ELC.ACCS.ZS,2009,100.0
Faroe Islands,FRO,Access to electricity (% of population),EG.ELC.ACCS.ZS,2009,100.0
"Micronesia, Fed. Sts.",FSM,Access to electricity (% of population),EG.ELC.ACCS.ZS,2009,62.2
Gabon,GAB,Access to electricity (% of population),EG.ELC.ACCS.ZS,2009,82.7
United Kingdom,GBR,Access to electricity (% of population),EG.ELC.ACCS.ZS,2009,100.0
Georgia,GEO,Access to electricity (% of population),EG.ELC.ACCS.ZS,2009,100.0
Ghana,GHA,Access to electricity (% of population),EG.ELC.ACCS.ZS,2009,61.1
Gibraltar,GIB,Access to electricity (% of population),EG.ELC.ACCS.ZS,2009,100.0
Guinea,GIN,Access to electricity (% of population),EG.ELC.ACCS.ZS,2009,26.7
"Gambia, The",GMB,Access to electricity (% of population),EG.ELC.ACCS.ZS,2009,43.2
Guinea-Bissau,GNB,Access to electricity (% of population),EG.ELC.ACCS.ZS,2009,4.7
Equatorial Guinea,GNQ,Access to electricity (% of population),EG.ELC.ACCS.ZS,2009,65.4
Greece,GRC,Access to electricity (% of population),EG.ELC.ACCS.ZS,2009,100.0
Grenada,GRD,Access to electricity (% of population),EG.ELC.ACCS.ZS,2009,89.0
Greenland,GRL,Access to electricity (% of population),EG.ELC.ACCS.ZS,2009,100.0
Guatemala,GTM,Access to electricity (% of population),EG.ELC.ACCS.ZS,2009,83.1
Guam,GUM,Access to electricity (% of population),EG.ELC.ACCS.ZS,2009,100.0
Guyana,GUY,Access to electricity (% of population),EG.ELC.ACCS.ZS,2009,77.6
High income,HIC,Access to electricity (% of population),EG.ELC.ACCS.ZS,2009,99.67243651
"Hong Kong SAR, China",HKG,Access to electricity (% of population),EG.ELC.ACCS.ZS,2009,100.0
Honduras,HND,Access to electricity (% of population),EG.ELC.ACCS.ZS,2009,78.3
Heavily indebted poor countries (HIPC),HPC,Access to electricity (% of population),EG.ELC.ACCS.ZS,2009,27.02008675
Croatia,HRV,Access to electricity (% of population),EG.ELC.ACCS.ZS,2009,100.0
Haiti,HTI,Access to electricity (% of population),EG.ELC.ACCS.ZS,2009,36.6
Hungary,HUN,Access to electricity (% of population),EG.ELC.ACCS.ZS,2009,100.0
IBRD only,IBD,Access to electricity (% of population),EG.ELC.ACCS.ZS,2009,90.67317623
IDA & IBRD total,IBT,Access to electricity (% of population),EG.ELC.ACCS.ZS,2009,79.95351108
IDA total,IDA,Access to electricity (% of population),EG.ELC.ACCS.ZS,2009,46.43415427
IDA blend,IDB,Access to electricity (% of population),EG.ELC.ACCS.ZS,2009,63.11554166
Indonesia,IDN,Access to electricity (% of population),EG.ELC.ACCS.ZS,2009,93.6
IDA only,IDX,Access to electricity (% of population),EG.ELC.ACCS.ZS,2009,37.33681095
Isle of Man,IMN,Access to electricity (% of population),EG.ELC.ACCS.ZS,2009,100.0
India,IND,Access to electricity (% of population),EG.ELC.ACCS.ZS,2009,75.0
Ireland,IRL,Access to electricity (% of population),EG.ELC.ACCS.ZS,2009,100.0
"Iran, Islamic Rep.",IRN,Access to electricity (% of population),EG.ELC.ACCS.ZS,2009,99.7
Iraq,IRQ,Access to electricity (% of population),EG.ELC.ACCS.ZS,2009,98.1
Iceland,ISL,Access to electricity (% of population),EG.ELC.ACCS.ZS,2009,100.0
Israel,ISR,Access to electricity (% of population),EG.ELC.ACCS.ZS,2009,100.0
Italy,ITA,Access to electricity (% of population),EG.ELC.ACCS.ZS,2009,100.0
Jamaica,JAM,Access to electricity (% of population),EG.ELC.ACCS.ZS,2009,91.0
Jordan,JOR,Access to electricity (% of population),EG.ELC.ACCS.ZS,2009,99.4
Japan,JPN,Access to electricity (% of population),EG.ELC.ACCS.ZS,2009,100.0
Kazakhstan,KAZ,Access to electricity (% of population),EG.ELC.ACCS.ZS,2009,100.0
Kenya,KEN,Access to electricity (% of population),EG.ELC.ACCS.ZS,2009,23.0
Kyrgyz Republic,KGZ,Access to electricity (% of population),EG.ELC.ACCS.ZS,2009,99.5
Cambodia,KHM,Access to electricity (% of population),EG.ELC.ACCS.ZS,2009,25.6
Kiribati,KIR,Access to electricity (% of population),EG.ELC.ACCS.ZS,2009,64.2
St. Kitts and Nevis,KNA,Access to electricity (% of population),EG.ELC.ACCS.ZS,2009,97.6
"Korea, Rep.",KOR,Access to electricity (% of population),EG.ELC.ACCS.ZS,2009,100.0
Kuwait,KWT,Access to electricity (% of population),EG.ELC.ACCS.ZS,2009,100.0
Latin America & Caribbean (excluding high income),LAC,Access to electricity (% of population),EG.ELC.ACCS.ZS,2009,95.27099194
Lao PDR,LAO,Access to electricity (% of population),EG.ELC.ACCS.ZS,2009,67.4
Lebanon,LBN,Access to electricity (% of population),EG.ELC.ACCS.ZS,2009,99.3
Liberia,LBR,Access to electricity (% of population),EG.ELC.ACCS.ZS,2009,1.9
Libya,LBY,Access to electricity (% of population),EG.ELC.ACCS.ZS,2009,83.5
St. Lucia,LCA,Access to electricity (% of population),EG.ELC.ACCS.ZS,2009,93.5
Latin America & Caribbean,LCN,Access to electricity (% of population),EG.ELC.ACCS.ZS,2009,95.4266624
Least developed countries: UN classification,LDC,Access to electricity (% of population),EG.ELC.ACCS.ZS,2009,32.14364672
Low income,LIC,Access to electricity (% of population),EG.ELC.ACCS.ZS,2009,24.62174397
Liechtenstein,LIE,Access to electricity (% of population),EG.ELC.ACCS.ZS,2009,100.0
Sri Lanka,LKA,Access to electricity (% of population),EG.ELC.ACCS.ZS,2009,87.1
Lower middle income,LMC,Access to electricity (% of population),EG.ELC.ACCS.ZS,2009,69.09783215
Low & middle income,LMY,Access to electricity (% of population),EG.ELC.ACCS.ZS,2009,78.96325548
Lesotho,LSO,Access to electricity (% of population),EG.ELC.ACCS.ZS,2009,17.0
Late-demographic dividend,LTE,Access to electricity (% of population),EG.ELC.ACCS.ZS,2009,97.68878295
Lithuania,LTU,Access to electricity (% of population),EG.ELC.ACCS.ZS,2009,99.5
Luxembourg,LUX,Access to electricity (% of population),EG.ELC.ACCS.ZS,2009,100.0
Latvia,LVA,Access to electricity (% of population),EG.ELC.ACCS.ZS,2009,100.0
"Macao SAR, China",MAC,Access to electricity (% of population),EG.ELC.ACCS.ZS,2009,100.0
St. Martin (French part),MAF,Access to electricity (% of population),EG.ELC.ACCS.ZS,2009,99.7
Morocco,MAR,Access to electricity (% of population),EG.ELC.ACCS.ZS,2009,85.9
Monaco,MCO,Access to electricity (% of population),EG.ELC.ACCS.ZS,2009,100.0
Moldova,MDA,Access to electricity (% of population),EG.ELC.ACCS.ZS,2009,99.2
Madagascar,MDG,Access to electricity (% of population),EG.ELC.ACCS.ZS,2009,17.4
Maldives,MDV,Access to electricity (% of population),EG.ELC.ACCS.ZS,2009,99.9
"Middle East, North Africa, Afghanistan & Pakistan",MEA,Access to electricity (% of population),EG.ELC.ACCS.ZS,2009,88.74034286
Mexico,MEX,Access to electricity (% of population),EG.ELC.ACCS.ZS,2009,98.3
Marshall Islands,MHL,Access to electricity (% of population),EG.ELC.ACCS.ZS,2009,81.7
Middle income,MIC,Access to electricity (% of population),EG.ELC.ACCS.ZS,2009,84.28829357
North Macedonia,MKD,Access to electricity (% of population),EG.ELC.ACCS.ZS,2009,99.2
Mali,MLI,Access to electricity (% of population),EG.ELC.ACCS.ZS,2009,24.0
Malta,MLT,Access to electricity (% of population),EG.ELC.ACCS.ZS,2009,100.0
Myanmar,MMR,Access to electricity (% of population),EG.ELC.ACCS.ZS,2009,51.8
"Middle East, North Africa, Afghanistan & Pakistan (excluding high income)",MNA,Access to electricity (% of population),EG.ELC.ACCS.ZS,2009,87.80196378
Montenegro,MNE,Access to electricity (% of population),EG.ELC.ACCS.ZS,2009,99.1
Mongolia,MNG,Access to electricity (% of population),EG.ELC.ACCS.ZS,2009,80.3
Northern Mariana Islands,MNP,Access to electricity (% of population),EG.ELC.ACCS.ZS,2009,100.0
Mozambique,MOZ,Access to electricity (% of population),EG.ELC.ACCS.ZS,2009,15.0
Mauritania,MRT,Access to electricity (% of population),EG.ELC.ACCS.ZS,2009,31.1
Mauritius,MUS,Access to electricity (% of population),EG.ELC.ACCS.ZS,2009,99.0
Malawi,MWI,Access to electricity (% of population),EG.ELC.ACCS.ZS,2009,8.3
Malaysia,MYS,Access to electricity (% of population),EG.ELC.ACCS.ZS,2009,99.3
North America,NAC,Access to electricity (% of population),EG.ELC.ACCS.ZS,2009,100.0
Namibia,NAM,Access to electricity (% of population),EG.ELC.ACCS.ZS,2009,44.1
New Caledonia,NCL,Access to electricity (% of population),EG.ELC.ACCS.ZS,2009,100.0
Niger,NER,Access to electricity (% of population),EG.ELC.ACCS.ZS,2009,12.3
Nigeria,NGA,Access to electricity (% of population),EG.ELC.ACCS.ZS,2009,50.0
Nicaragua,NIC,Access to electricity (% of population),EG.ELC.ACCS.ZS,2009,77.9
Netherlands,NLD,Access to electricity (% of population),EG.ELC.ACCS.ZS,2009,100.0
Norway,NOR,Access to electricity (% of population),EG.ELC.ACCS.ZS,2009,100.0
Nepal,NPL,Access to electricity (% of population),EG.ELC.ACCS.ZS,2009,59.3
Naoero,NRU,Access to electricity (% of population),EG.ELC.ACCS.ZS,2009,99.1
New Zealand,NZL,Access to electricity (% of population),EG.ELC.ACCS.ZS,2009,100.0
OECD members,OED,Access to electricity (% of population),EG.ELC.ACCS.ZS,2009,99.69177276
Oman,OMN,Access to electricity (% of population),EG.ELC.ACCS.ZS,2009,100.0
Other small states,OSS,Access to electricity (% of population),EG.ELC.ACCS.ZS,2009,78.92121986
Pakistan,PAK,Access to electricity (% of population),EG.ELC.ACCS.ZS,2009,82.5
Panama,PAN,Access to electricity (% of population),EG.ELC.ACCS.ZS,2009,87.0
Peru,PER,Access to electricity (% of population),EG.ELC.ACCS.ZS,2009,86.4
Philippines,PHL,Access to electricity (% of population),EG.ELC.ACCS.ZS,2009,84.3
Palau,PLW,Access to electricity (% of population),EG.ELC.ACCS.ZS,2009,98.6
Papua New Guinea,PNG,Access to electricity (% of population),EG.ELC.ACCS.ZS,2009,17.2
Poland,POL,Access to electricity (% of population),EG.ELC.ACCS.ZS,2009,100.0
Pre-demographic dividend,PRE,Access to electricity (% of population),EG.ELC.ACCS.ZS,2009,32.23871887
Puerto Rico (US),PRI,Access to electricity (% of population),EG.ELC.ACCS.ZS,2009,100.0
"Korea, Dem. People's Rep.",PRK,Access to electricity (% of population),EG.ELC.ACCS.ZS,2009,26.0
Portugal,PRT,Access to electricity (% of population),EG.ELC.ACCS.ZS,2009,100.0
Paraguay,PRY,Access to electricity (% of population),EG.ELC.ACCS.ZS,2009,96.9
West Bank and Gaza,PSE,Access to electricity (% of population),EG.ELC.ACCS.ZS,2009,99.9
Pacific island small states,PSS,Access to electricity (% of population),EG.ELC.ACCS.ZS,2009,64.82018974
Post-demographic dividend,PST,Access to electricity (% of population),EG.ELC.ACCS.ZS,2009,99.86221011
French Polynesia,PYF,Access to electricity (% of population),EG.ELC.ACCS.ZS,2009,100.0
Qatar,QAT,Access to electricity (% of population),EG.ELC.ACCS.ZS,2009,100.0
Romania,ROU,Access to electricity (% of population),EG.ELC.ACCS.ZS,2009,96.8
Russian Federation,RUS,Access to electricity (% of population),EG.ELC.ACCS.ZS,2009,98.4
Rwanda,RWA,Access to electricity (% of population),EG.ELC.ACCS.ZS,2009,15.6
South Asia,SAS,Access to electricity (% of population),EG.ELC.ACCS.ZS,2009,72.9865861
Saudi Arabia,SAU,Access to electricity (% of population),EG.ELC.ACCS.ZS,2009,100.0
Sudan,SDN,Access to electricity (% of population),EG.ELC.ACCS.ZS,2009,29.0
Senegal,SEN,Access to electricity (% of population),EG.ELC.ACCS.ZS,2009,53.5
Singapore,SGP,Access to electricity (% of population),EG.ELC.ACCS.ZS,2009,100.0
Solomon Islands,SLB,Access to electricity (% of population),EG.ELC.ACCS.ZS,2009,21.2
Sierra Leone,SLE,Access to electricity (% of population),EG.ELC.ACCS.ZS,2009,14.6
El Salvador,SLV,Access to electricity (% of population),EG.ELC.ACCS.ZS,2009,91.1
San Marino,SMR,Access to electricity (% of population),EG.ELC.ACCS.ZS,2009,100.0
"Somalia, Fed. Rep.",SOM,Access to electricity (% of population),EG.ELC.ACCS.ZS,2009,25.5
Serbia,SRB,Access to electricity (% of population),EG.ELC.ACCS.ZS,2009,99.6
Sub-Saharan Africa (excluding high income),SSA,Access to electricity (% of population),EG.ELC.ACCS.ZS,2009,32.61948862
South Sudan,SSD,Access to electricity (% of population),EG.ELC.ACCS.ZS,2009,3.0
Sub-Saharan Africa,SSF,Access to electricity (% of population),EG.ELC.ACCS.ZS,2009,32.6259292
Small states,SST,Access to electricity (% of population),EG.ELC.ACCS.ZS,2009,80.42298264
Sao Tome and Principe,STP,Access to electricity (% of population),EG.ELC.ACCS.ZS,2009,56.9
Suriname,SUR,Access to electricity (% of population),EG.ELC.ACCS.ZS,2009,94.6
Slovak Republic,SVK,Access to electricity (% of population),EG.ELC.ACCS.ZS,2009,100.0
Slovenia,SVN,Access to electricity (% of population),EG.ELC.ACCS.ZS,2009,100.0
Sweden,SWE,Access to electricity (% of population),EG.ELC.ACCS.ZS,2009,100.0
Eswatini,SWZ,Access to electricity (% of population),EG.ELC.ACCS.ZS,2009,38.6
Sint Maarten (Dutch part),SXM,Access to electricity (% of population),EG.ELC.ACCS.ZS,2009,99.7
Seychelles,SYC,Access to electricity (% of population),EG.ELC.ACCS.ZS,2009,96.8
Syrian Arab Republic,SYR,Access to electricity (% of population),EG.ELC.ACCS.ZS,2009,91.1
Turks and Caicos Islands,TCA,Access to electricity (% of population),EG.ELC.ACCS.ZS,2009,100.0
Chad,TCD,Access to electricity (% of population),EG.ELC.ACCS.ZS,2009,6.3
East Asia & Pacific (IDA & IBRD countries),TEA,Access to electricity (% of population),EG.ELC.ACCS.ZS,2009,95.30785237
Europe & Central Asia (IDA & IBRD countries),TEC,Access to electricity (% of population),EG.ELC.ACCS.ZS,2009,98.92752319
Togo,TGO,Access to electricity (% of population),EG.ELC.ACCS.ZS,2009,33.7
Thailand,THA,Access to electricity (% of population),EG.ELC.ACCS.ZS,2009,99.0
Tajikistan,TJK,Access to electricity (% of population),EG.ELC.ACCS.ZS,2009,99.0
Turkmenistan,TKM,Access to electricity (% of population),EG.ELC.ACCS.ZS,2009,99.7
Latin America & the Caribbean (IDA & IBRD countries),TLA,Access to electricity (% of population),EG.ELC.ACCS.ZS,2009,95.34593228
Timor-Leste,TLS,Access to electricity (% of population),EG.ELC.ACCS.ZS,2009,46.3
"Middle East, North Africa, Afghanistan & Pakistan (IDA & IBRD)",TMN,Access to electricity (% of population),EG.ELC.ACCS.ZS,2009,87.72245738
Tonga,TON,Access to electricity (% of population),EG.ELC.ACCS.ZS,2009,92.0
South Asia (IDA & IBRD),TSA,Access to electricity (% of population),EG.ELC.ACCS.ZS,2009,72.9865861
Sub-Saharan Africa (IDA & IBRD countries),TSS,Access to electricity (% of population),EG.ELC.ACCS.ZS,2009,32.6259292
Trinidad and Tobago,TTO,Access to electricity (% of population),EG.ELC.ACCS.ZS,2009,99.0
Tunisia,TUN,Access to electricity (% of population),EG.ELC.ACCS.ZS,2009,99.5
Turkiye,TUR,Access to electricity (% of population),EG.ELC.ACCS.ZS,2009,99.7
Tuvalu,TUV,Access to electricity (% of population),EG.ELC.ACCS.ZS,2009,96.5
Tanzania,TZA,Access to electricity (% of population),EG.ELC.ACCS.ZS,2009,11.2
Uganda,UGA,Access to electricity (% of population),EG.ELC.ACCS.ZS,2009,10.0
Ukraine,UKR,Access to electricity (% of population),EG.ELC.ACCS.ZS,2009,99.9
Upper middle income,UMC,Access to electricity (% of population),EG.ELC.ACCS.ZS,2009,97.12562953
Uruguay,URY,Access to electricity (% of population),EG.ELC.ACCS.ZS,2009,99.1
United States,USA,Access to electricity (% of population),EG.ELC.ACCS.ZS,2009,100.0
Uzbekistan,UZB,Access to electricity (% of population),EG.ELC.ACCS.ZS,2009,99.5
St. Vincent and the Grenadines,VCT,Access to electricity (% of population),EG.ELC.ACCS.ZS,2009,91.4
"Venezuela, RB",VEN,Access to electricity (% of population),EG.ELC.ACCS.ZS,2009,99.0
British Virgin Islands,VGB,Access to electricity (% of population),EG.ELC.ACCS.ZS,2009,98.3
Virgin Islands (U.S.),VIR,Access to electricity (% of population),EG.ELC.ACCS.ZS,2009,100.0
Viet Nam,VNM,Access to electricity (% of population),EG.ELC.ACCS.ZS,2009,96.1
Vanuatu,VUT,Access to electricity (% of population),EG.ELC.ACCS.ZS,2009,33.3
World,WLD,Access to electricity (% of population),EG.ELC.ACCS.ZS,2009,82.86882576
Samoa,WSM,Access to electricity (% of population),EG.ELC.ACCS.ZS,2009,97.9
"Yemen, Rep.",YEM,Access to electricity (% of population),EG.ELC.ACCS.ZS,2009,59.6
South Africa,ZAF,Access to electricity (% of population),EG.ELC.ACCS.ZS,2009,82.6
Zambia,ZMB,Access to electricity (% of population),EG.ELC.ACCS.ZS,2009,26.6
Zimbabwe,ZWE,Access to electricity (% of population),EG.ELC.ACCS.ZS,2009,43.4
Aruba,ABW,Access to electricity (% of population),EG.ELC.ACCS.ZS,2010,93.4
Africa Eastern and Southern,AFE,Access to electricity (% of population),EG.ELC.ACCS.ZS,2010,27.41495376
Afghanistan,AFG,Access to electricity (% of population),EG.ELC.ACCS.ZS,2010,42.7
Africa Western and Central,AFW,Access to electricity (% of population),EG.ELC.ACCS.ZS,2010,41.9644553
Angola,AGO,Access to electricity (% of population),EG.ELC.ACCS.ZS,2010,35.0
Albania,ALB,Access to electricity (% of population),EG.ELC.ACCS.ZS,2010,99.6
Andorra,AND,Access to electricity (% of population),EG.ELC.ACCS.ZS,2010,100.0
Arab World,ARB,Access to electricity (% of population),EG.ELC.ACCS.ZS,2010,86.92150259
United Arab Emirates,ARE,Access to electricity (% of population),EG.ELC.ACCS.ZS,2010,100.0
Argentina,ARG,Access to electricity (% of population),EG.ELC.ACCS.ZS,2010,98.8
Armenia,ARM,Access to electricity (% of population),EG.ELC.ACCS.ZS,2010,99.8
Antigua and Barbuda,ATG,Access to electricity (% of population),EG.ELC.ACCS.ZS,2010,98.7
Australia,AUS,Access to electricity (% of population),EG.ELC.ACCS.ZS,2010,100.0
Austria,AUT,Access to electricity (% of population),EG.ELC.ACCS.ZS,2010,100.0
Azerbaijan,AZE,Access to electricity (% of population),EG.ELC.ACCS.ZS,2010,99.9
Burundi,BDI,Access to electricity (% of population),EG.ELC.ACCS.ZS,2010,5.3
Belgium,BEL,Access to electricity (% of population),EG.ELC.ACCS.ZS,2010,100.0
Benin,BEN,Access to electricity (% of population),EG.ELC.ACCS.ZS,2010,34.2
Burkina Faso,BFA,Access to electricity (% of population),EG.ELC.ACCS.ZS,2010,13.1
Bangladesh,BGD,Access to electricity (% of population),EG.ELC.ACCS.ZS,2010,55.3
Bulgaria,BGR,Access to electricity (% of population),EG.ELC.ACCS.ZS,2010,93.5
Bahrain,BHR,Access to electricity (% of population),EG.ELC.ACCS.ZS,2010,100.0
"Bahamas, The",BHS,Access to electricity (% of population),EG.ELC.ACCS.ZS,2010,100.0
Bosnia and Herzegovina,BIH,Access to electricity (% of population),EG.ELC.ACCS.ZS,2010,99.5
Belarus,BLR,Access to electricity (% of population),EG.ELC.ACCS.ZS,2010,94.4
Belize,BLZ,Access to electricity (% of population),EG.ELC.ACCS.ZS,2010,89.9
Bermuda,BMU,Access to electricity (% of population),EG.ELC.ACCS.ZS,2010,100.0
Bolivia,BOL,Access to electricity (% of population),EG.ELC.ACCS.ZS,2010,88.0
Brazil,BRA,Access to electricity (% of population),EG.ELC.ACCS.ZS,2010,98.6
Barbados,BRB,Access to electricity (% of population),EG.ELC.ACCS.ZS,2010,100.0
Brunei Darussalam,BRN,Access to electricity (% of population),EG.ELC.ACCS.ZS,2010,100.0
Bhutan,BTN,Access to electricity (% of population),EG.ELC.ACCS.ZS,2010,73.3
Botswana,BWA,Access to electricity (% of population),EG.ELC.ACCS.ZS,2010,52.0
Central African Republic,CAF,Access to electricity (% of population),EG.ELC.ACCS.ZS,2010,9.8
Canada,CAN,Access to electricity (% of population),EG.ELC.ACCS.ZS,2010,100.0
Central Europe and the Baltics,CEB,Access to electricity (% of population),EG.ELC.ACCS.ZS,2010,98.96442715
Switzerland,CHE,Access to electricity (% of population),EG.ELC.ACCS.ZS,2010,100.0
Channel Islands,CHI,Access to electricity (% of population),EG.ELC.ACCS.ZS,2010,100.0
Chile,CHL,Access to electricity (% of population),EG.ELC.ACCS.ZS,2010,99.5
China,CHN,Access to electricity (% of population),EG.ELC.ACCS.ZS,2010,99.7
Cote d'Ivoire,CIV,Access to electricity (% of population),EG.ELC.ACCS.ZS,2010,58.4
Cameroon,CMR,Access to electricity (% of population),EG.ELC.ACCS.ZS,2010,52.8
"Congo, Dem. Rep.",COD,Access to electricity (% of population),EG.ELC.ACCS.ZS,2010,13.0
"Congo, Rep.",COG,Access to electricity (% of population),EG.ELC.ACCS.ZS,2010,40.0
Colombia,COL,Access to electricity (% of population),EG.ELC.ACCS.ZS,2010,96.8
Comoros,COM,Access to electricity (% of population),EG.ELC.ACCS.ZS,2010,69.7
Cabo Verde,CPV,Access to electricity (% of population),EG.ELC.ACCS.ZS,2010,81.1
Costa Rica,CRI,Access to electricity (% of population),EG.ELC.ACCS.ZS,2010,99.0
Caribbean small states,CSS,Access to electricity (% of population),EG.ELC.ACCS.ZS,2010,94.18151246
Cuba,CUB,Access to electricity (% of population),EG.ELC.ACCS.ZS,2010,97.8
Curacao,CUW,Access to electricity (% of population),EG.ELC.ACCS.ZS,2010,100.0
Cayman Islands,CYM,Access to electricity (% of population),EG.ELC.ACCS.ZS,2010,100.0
Cyprus,CYP,Access to electricity (% of population),EG.ELC.ACCS.ZS,2010,100.0
Czechia,CZE,Access to electricity (% of population),EG.ELC.ACCS.ZS,2010,100.0
Germany,DEU,Access to electricity (% of population),EG.ELC.ACCS.ZS,2010,100.0
Djibouti,DJI,Access to electricity (% of population),EG.ELC.ACCS.ZS,2010,57.9
Dominica,DMA,Access to electricity (% of population),EG.ELC.ACCS.ZS,2010,91.3
Denmark,DNK,Access to electricity (% of population),EG.ELC.ACCS.ZS,2010,100.0
Dominican Republic,DOM,Access to electricity (% of population),EG.ELC.ACCS.ZS,2010,98.1
Algeria,DZA,Access to electricity (% of population),EG.ELC.ACCS.ZS,2010,98.9
East Asia & Pacific (excluding high income),EAP,Access to electricity (% of population),EG.ELC.ACCS.ZS,2010,95.05537066
Early-demographic dividend,EAR,Access to electricity (% of population),EG.ELC.ACCS.ZS,2010,79.39006722
East Asia & Pacific,EAS,Access to electricity (% of population),EG.ELC.ACCS.ZS,2010,95.54683248
Europe & Central Asia (excluding high income),ECA,Access to electricity (% of population),EG.ELC.ACCS.ZS,2010,99.60862245
Europe & Central Asia,ECS,Access to electricity (% of population),EG.ELC.ACCS.ZS,2010,99.66544251
Ecuador,ECU,Access to electricity (% of population),EG.ELC.ACCS.ZS,2010,97.5
"Egypt, Arab Rep.",EGY,Access to electricity (% of population),EG.ELC.ACCS.ZS,2010,99.4
Euro area,EMU,Access to electricity (% of population),EG.ELC.ACCS.ZS,2010,99.85815064
Eritrea,ERI,Access to electricity (% of population),EG.ELC.ACCS.ZS,2010,40.1
Spain,ESP,Access to electricity (% of population),EG.ELC.ACCS.ZS,2010,100.0
Estonia,EST,Access to electricity (% of population),EG.ELC.ACCS.ZS,2010,100.0
Ethiopia,ETH,Access to electricity (% of population),EG.ELC.ACCS.ZS,2010,25.5
European Union,EUU,Access to electricity (% of population),EG.ELC.ACCS.ZS,2010,99.75539725
Finland,FIN,Access to electricity (% of population),EG.ELC.ACCS.ZS,2010,100.0
Fiji,FJI,Access to electricity (% of population),EG.ELC.ACCS.ZS,2010,92.4
France,FRA,Access to electricity (% of population),EG.ELC.ACCS.ZS,2010,100.0
Faroe Islands,FRO,Access to electricity (% of population),EG.ELC.ACCS.ZS,2010,100.0
"Micronesia, Fed. Sts.",FSM,Access to electricity (% of population),EG.ELC.ACCS.ZS,2010,64.5
Gabon,GAB,Access to electricity (% of population),EG.ELC.ACCS.ZS,2010,89.3
United Kingdom,GBR,Access to electricity (% of population),EG.ELC.ACCS.ZS,2010,100.0
Georgia,GEO,Access to electricity (% of population),EG.ELC.ACCS.ZS,2010,100.0
Ghana,GHA,Access to electricity (% of population),EG.ELC.ACCS.ZS,2010,64.2
Gibraltar,GIB,Access to electricity (% of population),EG.ELC.ACCS.ZS,2010,100.0
Guinea,GIN,Access to electricity (% of population),EG.ELC.ACCS.ZS,2010,28.1
"Gambia, The",GMB,Access to electricity (% of population),EG.ELC.ACCS.ZS,2010,46.8
Guinea-Bissau,GNB,Access to electricity (% of population),EG.ELC.ACCS.ZS,2010,6.0
Equatorial Guinea,GNQ,Access to electricity (% of population),EG.ELC.ACCS.ZS,2010,66.1
Greece,GRC,Access to electricity (% of population),EG.ELC.ACCS.ZS,2010,100.0
Grenada,GRD,Access to electricity (% of population),EG.ELC.ACCS.ZS,2010,89.4
Greenland,GRL,Access to electricity (% of population),EG.ELC.ACCS.ZS,2010,100.0
Guatemala,GTM,Access to electricity (% of population),EG.ELC.ACCS.ZS,2010,84.3
Guam,GUM,Access to electricity (% of population),EG.ELC.ACCS.ZS,2010,100.0
Guyana,GUY,Access to electricity (% of population),EG.ELC.ACCS.ZS,2010,83.3
High income,HIC,Access to electricity (% of population),EG.ELC.ACCS.ZS,2010,99.78157312
"Hong Kong SAR, China",HKG,Access to electricity (% of population),EG.ELC.ACCS.ZS,2010,100.0
Honduras,HND,Access to electricity (% of population),EG.ELC.ACCS.ZS,2010,81.0
Heavily indebted poor countries (HIPC),HPC,Access to electricity (% of population),EG.ELC.ACCS.ZS,2010,28.67808001
Croatia,HRV,Access to electricity (% of population),EG.ELC.ACCS.ZS,2010,100.0
Haiti,HTI,Access to electricity (% of population),EG.ELC.ACCS.ZS,2010,37.2
Hungary,HUN,Access to electricity (% of population),EG.ELC.ACCS.ZS,2010,100.0
IBRD only,IBD,Access to electricity (% of population),EG.ELC.ACCS.ZS,2010,91.45397536
IDA & IBRD total,IBT,Access to electricity (% of population),EG.ELC.ACCS.ZS,2010,80.65252331
IDA total,IDA,Access to electricity (% of population),EG.ELC.ACCS.ZS,2010,47.32026059
IDA blend,IDB,Access to electricity (% of population),EG.ELC.ACCS.ZS,2010,63.95474865
Indonesia,IDN,Access to electricity (% of population),EG.ELC.ACCS.ZS,2010,94.2
IDA only,IDX,Access to electricity (% of population),EG.ELC.ACCS.ZS,2010,38.21961104
Isle of Man,IMN,Access to electricity (% of population),EG.ELC.ACCS.ZS,2010,100.0
India,IND,Access to electricity (% of population),EG.ELC.ACCS.ZS,2010,76.3
Ireland,IRL,Access to electricity (% of population),EG.ELC.ACCS.ZS,2010,100.0
"Iran, Islamic Rep.",IRN,Access to electricity (% of population),EG.ELC.ACCS.ZS,2010,99.4
Iraq,IRQ,Access to electricity (% of population),EG.ELC.ACCS.ZS,2010,98.4
Iceland,ISL,Access to electricity (% of population),EG.ELC.ACCS.ZS,2010,100.0
Israel,ISR,Access to electricity (% of population),EG.ELC.ACCS.ZS,2010,100.0
Italy,ITA,Access to electricity (% of population),EG.ELC.ACCS.ZS,2010,100.0
Jamaica,JAM,Access to electricity (% of population),EG.ELC.ACCS.ZS,2010,92.2
Jordan,JOR,Access to electricity (% of population),EG.ELC.ACCS.ZS,2010,100.0
Japan,JPN,Access to electricity (% of population),EG.ELC.ACCS.ZS,2010,100.0
Kazakhstan,KAZ,Access to electricity (% of population),EG.ELC.ACCS.ZS,2010,100.0
Kenya,KEN,Access to electricity (% of population),EG.ELC.ACCS.ZS,2010,19.2
Kyrgyz Republic,KGZ,Access to electricity (% of population),EG.ELC.ACCS.ZS,2010,99.0
Cambodia,KHM,Access to electricity (% of population),EG.ELC.ACCS.ZS,2010,31.1
Kiribati,KIR,Access to electricity (% of population),EG.ELC.ACCS.ZS,2010,63.2
St. Kitts and Nevis,KNA,Access to electricity (% of population),EG.ELC.ACCS.ZS,2010,99.8
"Korea, Rep.",KOR,Access to electricity (% of population),EG.ELC.ACCS.ZS,2010,100.0
Kuwait,KWT,Access to electricity (% of population),EG.ELC.ACCS.ZS,2010,100.0
Latin America & Caribbean (excluding high income),LAC,Access to electricity (% of population),EG.ELC.ACCS.ZS,2010,95.75011383
Lao PDR,LAO,Access to electricity (% of population),EG.ELC.ACCS.ZS,2010,70.2
Lebanon,LBN,Access to electricity (% of population),EG.ELC.ACCS.ZS,2010,99.5
Liberia,LBR,Access to electricity (% of population),EG.ELC.ACCS.ZS,2010,5.3
Libya,LBY,Access to electricity (% of population),EG.ELC.ACCS.ZS,2010,81.9
St. Lucia,LCA,Access to electricity (% of population),EG.ELC.ACCS.ZS,2010,94.2
Latin America & Caribbean,LCN,Access to electricity (% of population),EG.ELC.ACCS.ZS,2010,95.87838755
Least developed countries: UN classification,LDC,Access to electricity (% of population),EG.ELC.ACCS.ZS,2010,33.01750693
Low income,LIC,Access to electricity (% of population),EG.ELC.ACCS.ZS,2010,26.22299223
Liechtenstein,LIE,Access to electricity (% of population),EG.ELC.ACCS.ZS,2010,100.0
Sri Lanka,LKA,Access to electricity (% of population),EG.ELC.ACCS.ZS,2010,85.3
Lower middle income,LMC,Access to electricity (% of population),EG.ELC.ACCS.ZS,2010,70.19694095
Low & middle income,LMY,Access to electricity (% of population),EG.ELC.ACCS.ZS,2010,79.69027566
Lesotho,LSO,Access to electricity (% of population),EG.ELC.ACCS.ZS,2010,17.0
Late-demographic dividend,LTE,Access to electricity (% of population),EG.ELC.ACCS.ZS,2010,98.35251144
Lithuania,LTU,Access to electricity (% of population),EG.ELC.ACCS.ZS,2010,99.7
Luxembourg,LUX,Access to electricity (% of population),EG.ELC.ACCS.ZS,2010,100.0
Latvia,LVA,Access to electricity (% of population),EG.ELC.ACCS.ZS,2010,99.8
"Macao SAR, China",MAC,Access to electricity (% of population),EG.ELC.ACCS.ZS,2010,100.0
St. Martin (French part),MAF,Access to electricity (% of population),EG.ELC.ACCS.ZS,2010,100.0
Morocco,MAR,Access to electricity (% of population),EG.ELC.ACCS.ZS,2010,95.7
Monaco,MCO,Access to electricity (% of population),EG.ELC.ACCS.ZS,2010,100.0
Moldova,MDA,Access to electricity (% of population),EG.ELC.ACCS.ZS,2010,99.3
Madagascar,MDG,Access to electricity (% of population),EG.ELC.ACCS.ZS,2010,12.3
Maldives,MDV,Access to electricity (% of population),EG.ELC.ACCS.ZS,2010,99.0
"Middle East, North Africa, Afghanistan & Pakistan",MEA,Access to electricity (% of population),EG.ELC.ACCS.ZS,2010,90.56081986
Mexico,MEX,Access to electricity (% of population),EG.ELC.ACCS.ZS,2010,99.2
Marshall Islands,MHL,Access to electricity (% of population),EG.ELC.ACCS.ZS,2010,89.4
Middle income,MIC,Access to electricity (% of population),EG.ELC.ACCS.ZS,2010,85.01224915
North Macedonia,MKD,Access to electricity (% of population),EG.ELC.ACCS.ZS,2010,99.5
Mali,MLI,Access to electricity (% of population),EG.ELC.ACCS.ZS,2010,27.0
Malta,MLT,Access to electricity (% of population),EG.ELC.ACCS.ZS,2010,100.0
Myanmar,MMR,Access to electricity (% of population),EG.ELC.ACCS.ZS,2010,48.8
"Middle East, North Africa, Afghanistan & Pakistan (excluding high income)",MNA,Access to electricity (% of population),EG.ELC.ACCS.ZS,2010,89.78539871
Montenegro,MNE,Access to electricity (% of population),EG.ELC.ACCS.ZS,2010,99.2
Mongolia,MNG,Access to electricity (% of population),EG.ELC.ACCS.ZS,2010,78.5
Northern Mariana Islands,MNP,Access to electricity (% of population),EG.ELC.ACCS.ZS,2010,100.0
Mozambique,MOZ,Access to electricity (% of population),EG.ELC.ACCS.ZS,2010,18.9
Mauritania,MRT,Access to electricity (% of population),EG.ELC.ACCS.ZS,2010,34.2
Mauritius,MUS,Access to electricity (% of population),EG.ELC.ACCS.ZS,2010,99.4
Malawi,MWI,Access to electricity (% of population),EG.ELC.ACCS.ZS,2010,8.7
Malaysia,MYS,Access to electricity (% of population),EG.ELC.ACCS.ZS,2010,99.5
North America,NAC,Access to electricity (% of population),EG.ELC.ACCS.ZS,2010,100.0
Namibia,NAM,Access to electricity (% of population),EG.ELC.ACCS.ZS,2010,44.4
New Caledonia,NCL,Access to electricity (% of population),EG.ELC.ACCS.ZS,2010,100.0
Niger,NER,Access to electricity (% of population),EG.ELC.ACCS.ZS,2010,13.6
Nigeria,NGA,Access to electricity (% of population),EG.ELC.ACCS.ZS,2010,48.0
Nicaragua,NIC,Access to electricity (% of population),EG.ELC.ACCS.ZS,2010,80.1
Netherlands,NLD,Access to electricity (% of population),EG.ELC.ACCS.ZS,2010,100.0
Norway,NOR,Access to electricity (% of population),EG.ELC.ACCS.ZS,2010,100.0
Nepal,NPL,Access to electricity (% of population),EG.ELC.ACCS.ZS,2010,68.6
Naoero,NRU,Access to electricity (% of population),EG.ELC.ACCS.ZS,2010,99.2
New Zealand,NZL,Access to electricity (% of population),EG.ELC.ACCS.ZS,2010,100.0
OECD members,OED,Access to electricity (% of population),EG.ELC.ACCS.ZS,2010,99.80762621
Oman,OMN,Access to electricity (% of population),EG.ELC.ACCS.ZS,2010,100.0
Other small states,OSS,Access to electricity (% of population),EG.ELC.ACCS.ZS,2010,79.84327786
Pakistan,PAK,Access to electricity (% of population),EG.ELC.ACCS.ZS,2010,87.1
Panama,PAN,Access to electricity (% of population),EG.ELC.ACCS.ZS,2010,86.8
Peru,PER,Access to electricity (% of population),EG.ELC.ACCS.ZS,2010,88.1
Philippines,PHL,Access to electricity (% of population),EG.ELC.ACCS.ZS,2010,85.5
Palau,PLW,Access to electricity (% of population),EG.ELC.ACCS.ZS,2010,98.8
Papua New Guinea,PNG,Access to electricity (% of population),EG.ELC.ACCS.ZS,2010,19.5
Poland,POL,Access to electricity (% of population),EG.ELC.ACCS.ZS,2010,100.0
Pre-demographic dividend,PRE,Access to electricity (% of population),EG.ELC.ACCS.ZS,2010,32.72064265
Puerto Rico (US),PRI,Access to electricity (% of population),EG.ELC.ACCS.ZS,2010,100.0
"Korea, Dem. People's Rep.",PRK,Access to electricity (% of population),EG.ELC.ACCS.ZS,2010,29.3
Portugal,PRT,Access to electricity (% of population),EG.ELC.ACCS.ZS,2010,100.0
Paraguay,PRY,Access to electricity (% of population),EG.ELC.ACCS.ZS,2010,97.4
West Bank and Gaza,PSE,Access to electricity (% of population),EG.ELC.ACCS.ZS,2010,99.9
Pacific island small states,PSS,Access to electricity (% of population),EG.ELC.ACCS.ZS,2010,71.79612527
Post-demographic dividend,PST,Access to electricity (% of population),EG.ELC.ACCS.ZS,2010,99.88015241
French Polynesia,PYF,Access to electricity (% of population),EG.ELC.ACCS.ZS,2010,100.0
Qatar,QAT,Access to electricity (% of population),EG.ELC.ACCS.ZS,2010,100.0
Romania,ROU,Access to electricity (% of population),EG.ELC.ACCS.ZS,2010,97.1
Russian Federation,RUS,Access to electricity (% of population),EG.ELC.ACCS.ZS,2010,99.3
Rwanda,RWA,Access to electricity (% of population),EG.ELC.ACCS.ZS,2010,9.7
South Asia,SAS,Access to electricity (% of population),EG.ELC.ACCS.ZS,2010,74.07657363
Saudi Arabia,SAU,Access to electricity (% of population),EG.ELC.ACCS.ZS,2010,100.0
Sudan,SDN,Access to electricity (% of population),EG.ELC.ACCS.ZS,2010,36.0
Senegal,SEN,Access to electricity (% of population),EG.ELC.ACCS.ZS,2010,56.5
Singapore,SGP,Access to electricity (% of population),EG.ELC.ACCS.ZS,2010,100.0
Solomon Islands,SLB,Access to electricity (% of population),EG.ELC.ACCS.ZS,2010,35.4
Sierra Leone,SLE,Access to electricity (% of population),EG.ELC.ACCS.ZS,2010,11.5
El Salvador,SLV,Access to electricity (% of population),EG.ELC.ACCS.ZS,2010,91.6
San Marino,SMR,Access to electricity (% of population),EG.ELC.ACCS.ZS,2010,100.0
"Somalia, Fed. Rep.",SOM,Access to electricity (% of population),EG.ELC.ACCS.ZS,2010,52.3
Serbia,SRB,Access to electricity (% of population),EG.ELC.ACCS.ZS,2010,99.7
Sub-Saharan Africa (excluding high income),SSA,Access to electricity (% of population),EG.ELC.ACCS.ZS,2010,33.33000939
South Sudan,SSD,Access to electricity (% of population),EG.ELC.ACCS.ZS,2010,1.5
Sub-Saharan Africa,SSF,Access to electricity (% of population),EG.ELC.ACCS.ZS,2010,33.33640088
Small states,SST,Access to electricity (% of population),EG.ELC.ACCS.ZS,2010,82.19972974
Sao Tome and Principe,STP,Access to electricity (% of population),EG.ELC.ACCS.ZS,2010,61.4
Suriname,SUR,Access to electricity (% of population),EG.ELC.ACCS.ZS,2010,91.2
Slovak Republic,SVK,Access to electricity (% of population),EG.ELC.ACCS.ZS,2010,100.0
Slovenia,SVN,Access to electricity (% of population),EG.ELC.ACCS.ZS,2010,100.0
Sweden,SWE,Access to electricity (% of population),EG.ELC.ACCS.ZS,2010,100.0
Eswatini,SWZ,Access to electricity (% of population),EG.ELC.ACCS.ZS,2010,45.6
Sint Maarten (Dutch part),SXM,Access to electricity (% of population),EG.ELC.ACCS.ZS,2010,100.0
Seychelles,SYC,Access to electricity (% of population),EG.ELC.ACCS.ZS,2010,97.0
Syrian Arab Republic,SYR,Access to electricity (% of population),EG.ELC.ACCS.ZS,2010,92.7
Turks and Caicos Islands,TCA,Access to electricity (% of population),EG.ELC.ACCS.ZS,2010,100.0
Chad,TCD,Access to electricity (% of population),EG.ELC.ACCS.ZS,2010,6.4
East Asia & Pacific (IDA & IBRD countries),TEA,Access to electricity (% of population),EG.ELC.ACCS.ZS,2010,95.89860188
Europe & Central Asia (IDA & IBRD countries),TEC,Access to electricity (% of population),EG.ELC.ACCS.ZS,2010,99.32870496
Togo,TGO,Access to electricity (% of population),EG.ELC.ACCS.ZS,2010,30.8
Thailand,THA,Access to electricity (% of population),EG.ELC.ACCS.ZS,2010,99.7
Tajikistan,TJK,Access to electricity (% of population),EG.ELC.ACCS.ZS,2010,98.8
Turkmenistan,TKM,Access to electricity (% of population),EG.ELC.ACCS.ZS,2010,100.0
Latin America & the Caribbean (IDA & IBRD countries),TLA,Access to electricity (% of population),EG.ELC.ACCS.ZS,2010,95.80828619
Timor-Leste,TLS,Access to electricity (% of population),EG.ELC.ACCS.ZS,2010,38.0
"Middle East, North Africa, Afghanistan & Pakistan (IDA & IBRD)",TMN,Access to electricity (% of population),EG.ELC.ACCS.ZS,2010,89.71863642
Tonga,TON,Access to electricity (% of population),EG.ELC.ACCS.ZS,2010,92.8
South Asia (IDA & IBRD),TSA,Access to electricity (% of population),EG.ELC.ACCS.ZS,2010,74.07657363
Sub-Saharan Africa (IDA & IBRD countries),TSS,Access to electricity (% of population),EG.ELC.ACCS.ZS,2010,33.33640088
Trinidad and Tobago,TTO,Access to electricity (% of population),EG.ELC.ACCS.ZS,2010,100.0
Tunisia,TUN,Access to electricity (% of population),EG.ELC.ACCS.ZS,2010,99.5
Turkiye,TUR,Access to electricity (% of population),EG.ELC.ACCS.ZS,2010,100.0
Tuvalu,TUV,Access to electricity (% of population),EG.ELC.ACCS.ZS,2010,96.7
Tanzania,TZA,Access to electricity (% of population),EG.ELC.ACCS.ZS,2010,14.8
Uganda,UGA,Access to electricity (% of population),EG.ELC.ACCS.ZS,2010,12.1
Ukraine,UKR,Access to electricity (% of population),EG.ELC.ACCS.ZS,2010,100.0
Upper middle income,UMC,Access to electricity (% of population),EG.ELC.ACCS.ZS,2010,97.64319516
Uruguay,URY,Access to electricity (% of population),EG.ELC.ACCS.ZS,2010,99.3
United States,USA,Access to electricity (% of population),EG.ELC.ACCS.ZS,2010,100.0
Uzbekistan,UZB,Access to electricity (% of population),EG.ELC.ACCS.ZS,2010,99.6
St. Vincent and the Grenadines,VCT,Access to electricity (% of population),EG.ELC.ACCS.ZS,2010,92.7
"Venezuela, RB",VEN,Access to electricity (% of population),EG.ELC.ACCS.ZS,2010,99.1
British Virgin Islands,VGB,Access to electricity (% of population),EG.ELC.ACCS.ZS,2010,98.3
Virgin Islands (U.S.),VIR,Access to electricity (% of population),EG.ELC.ACCS.ZS,2010,100.0
Viet Nam,VNM,Access to electricity (% of population),EG.ELC.ACCS.ZS,2010,97.4
Vanuatu,VUT,Access to electricity (% of population),EG.ELC.ACCS.ZS,2010,44.1
World,WLD,Access to electricity (% of population),EG.ELC.ACCS.ZS,2010,83.45015643
Samoa,WSM,Access to electricity (% of population),EG.ELC.ACCS.ZS,2010,96.4
"Yemen, Rep.",YEM,Access to electricity (% of population),EG.ELC.ACCS.ZS,2010,60.8
South Africa,ZAF,Access to electricity (% of population),EG.ELC.ACCS.ZS,2010,82.8
Zambia,ZMB,Access to electricity (% of population),EG.ELC.ACCS.ZS,2010,22.0
Zimbabwe,ZWE,Access to electricity (% of population),EG.ELC.ACCS.ZS,2010,38.9
Aruba,ABW,Access to electricity (% of population),EG.ELC.ACCS.ZS,2011,100.0
Africa Eastern and Southern,AFE,Access to electricity (% of population),EG.ELC.ACCS.ZS,2011,28.90975623
Afghanistan,AFG,Access to electricity (% of population),EG.ELC.ACCS.ZS,2011,43.2
Africa Western and Central,AFW,Access to electricity (% of population),EG.ELC.ACCS.ZS,2011,46.06903442
Angola,AGO,Access to electricity (% of population),EG.ELC.ACCS.ZS,2011,34.6
Albania,ALB,Access to electricity (% of population),EG.ELC.ACCS.ZS,2011,99.7
Andorra,AND,Access to electricity (% of population),EG.ELC.ACCS.ZS,2011,100.0
Arab World,ARB,Access to electricity (% of population),EG.ELC.ACCS.ZS,2011,87.17269423
United Arab Emirates,ARE,Access to electricity (% of population),EG.ELC.ACCS.ZS,2011,100.0
Argentina,ARG,Access to electricity (% of population),EG.ELC.ACCS.ZS,2011,99.0
Armenia,ARM,Access to electricity (% of population),EG.ELC.ACCS.ZS,2011,99.5
Antigua and Barbuda,ATG,Access to electricity (% of population),EG.ELC.ACCS.ZS,2011,94.6
Australia,AUS,Access to electricity (% of population),EG.ELC.ACCS.ZS,2011,100.0
Austria,AUT,Access to electricity (% of population),EG.ELC.ACCS.ZS,2011,100.0
Azerbaijan,AZE,Access to electricity (% of population),EG.ELC.ACCS.ZS,2011,99.9
Burundi,BDI,Access to electricity (% of population),EG.ELC.ACCS.ZS,2011,6.2
Belgium,BEL,Access to electricity (% of population),EG.ELC.ACCS.ZS,2011,100.0
Benin,BEN,Access to electricity (% of population),EG.ELC.ACCS.ZS,2011,36.9
Burkina Faso,BFA,Access to electricity (% of population),EG.ELC.ACCS.ZS,2011,14.8
Bangladesh,BGD,Access to electricity (% of population),EG.ELC.ACCS.ZS,2011,59.6
Bulgaria,BGR,Access to electricity (% of population),EG.ELC.ACCS.ZS,2011,94.1
Bahrain,BHR,Access to electricity (% of population),EG.ELC.ACCS.ZS,2011,100.0
"Bahamas, The",BHS,Access to electricity (% of population),EG.ELC.ACCS.ZS,2011,100.0
Bosnia and Herzegovina,BIH,Access to electricity (% of population),EG.ELC.ACCS.ZS,2011,99.7
Belarus,BLR,Access to electricity (% of population),EG.ELC.ACCS.ZS,2011,95.0
Belize,BLZ,Access to electricity (% of population),EG.ELC.ACCS.ZS,2011,91.7
Bermuda,BMU,Access to electricity (% of population),EG.ELC.ACCS.ZS,2011,100.0
Bolivia,BOL,Access to electricity (% of population),EG.ELC.ACCS.ZS,2011,88.3
Brazil,BRA,Access to electricity (% of population),EG.ELC.ACCS.ZS,2011,99.3
Barbados,BRB,Access to electricity (% of population),EG.ELC.ACCS.ZS,2011,100.0
Brunei Darussalam,BRN,Access to electricity (% of population),EG.ELC.ACCS.ZS,2011,100.0
Bhutan,BTN,Access to electricity (% of population),EG.ELC.ACCS.ZS,2011,81.8
Botswana,BWA,Access to electricity (% of population),EG.ELC.ACCS.ZS,2011,53.2
Central African Republic,CAF,Access to electricity (% of population),EG.ELC.ACCS.ZS,2011,10.4
Canada,CAN,Access to electricity (% of population),EG.ELC.ACCS.ZS,2011,100.0
Central Europe and the Baltics,CEB,Access to electricity (% of population),EG.ELC.ACCS.ZS,2011,99.06829872
Switzerland,CHE,Access to electricity (% of population),EG.ELC.ACCS.ZS,2011,100.0
Channel Islands,CHI,Access to electricity (% of population),EG.ELC.ACCS.ZS,2011,100.0
Chile,CHL,Access to electricity (% of population),EG.ELC.ACCS.ZS,2011,99.6
China,CHN,Access to electricity (% of population),EG.ELC.ACCS.ZS,2011,99.9
Cote d'Ivoire,CIV,Access to electricity (% of population),EG.ELC.ACCS.ZS,2011,55.8
Cameroon,CMR,Access to electricity (% of population),EG.ELC.ACCS.ZS,2011,53.7
"Congo, Dem. Rep.",COD,Access to electricity (% of population),EG.ELC.ACCS.ZS,2011,13.7
"Congo, Rep.",COG,Access to electricity (% of population),EG.ELC.ACCS.ZS,2011,40.8
Colombia,COL,Access to electricity (% of population),EG.ELC.ACCS.ZS,2011,96.7
Comoros,COM,Access to electricity (% of population),EG.ELC.ACCS.ZS,2011,69.3
Cabo Verde,CPV,Access to electricity (% of population),EG.ELC.ACCS.ZS,2011,82.3
Costa Rica,CRI,Access to electricity (% of population),EG.ELC.ACCS.ZS,2011,99.2
Caribbean small states,CSS,Access to electricity (% of population),EG.ELC.ACCS.ZS,2011,94.12768185
Cuba,CUB,Access to electricity (% of population),EG.ELC.ACCS.ZS,2011,98.0
Curacao,CUW,Access to electricity (% of population),EG.ELC.ACCS.ZS,2011,100.0
Cayman Islands,CYM,Access to electricity (% of population),EG.ELC.ACCS.ZS,2011,100.0
Cyprus,CYP,Access to electricity (% of population),EG.ELC.ACCS.ZS,2011,100.0
Czechia,CZE,Access to electricity (% of population),EG.ELC.ACCS.ZS,2011,100.0
Germany,DEU,Access to electricity (% of population),EG.ELC.ACCS.ZS,2011,100.0
Djibouti,DJI,Access to electricity (% of population),EG.ELC.ACCS.ZS,2011,58.1
Dominica,DMA,Access to electricity (% of population),EG.ELC.ACCS.ZS,2011,90.1
Denmark,DNK,Access to electricity (% of population),EG.ELC.ACCS.ZS,2011,100.0
Dominican Republic,DOM,Access to electricity (% of population),EG.ELC.ACCS.ZS,2011,97.9
Algeria,DZA,Access to electricity (% of population),EG.ELC.ACCS.ZS,2011,99.0
East Asia & Pacific (excluding high income),EAP,Access to electricity (% of population),EG.ELC.ACCS.ZS,2011,95.58168153
Early-demographic dividend,EAR,Access to electricity (% of population),EG.ELC.ACCS.ZS,2011,81.14998286
East Asia & Pacific,EAS,Access to electricity (% of population),EG.ELC.ACCS.ZS,2011,96.0189474
Europe & Central Asia (excluding high income),ECA,Access to electricity (% of population),EG.ELC.ACCS.ZS,2011,99.61747542
Europe & Central Asia,ECS,Access to electricity (% of population),EG.ELC.ACCS.ZS,2011,99.66390276
Ecuador,ECU,Access to electricity (% of population),EG.ELC.ACCS.ZS,2011,96.9
"Egypt, Arab Rep.",EGY,Access to electricity (% of population),EG.ELC.ACCS.ZS,2011,99.4
Euro area,EMU,Access to electricity (% of population),EG.ELC.ACCS.ZS,2011,99.87151713
Eritrea,ERI,Access to electricity (% of population),EG.ELC.ACCS.ZS,2011,41.2
Spain,ESP,Access to electricity (% of population),EG.ELC.ACCS.ZS,2011,100.0
Estonia,EST,Access to electricity (% of population),EG.ELC.ACCS.ZS,2011,100.0
Ethiopia,ETH,Access to electricity (% of population),EG.ELC.ACCS.ZS,2011,23.0
European Union,EUU,Access to electricity (% of population),EG.ELC.ACCS.ZS,2011,99.78011783
Finland,FIN,Access to electricity (% of population),EG.ELC.ACCS.ZS,2011,100.0
Fiji,FJI,Access to electricity (% of population),EG.ELC.ACCS.ZS,2011,92.5
France,FRA,Access to electricity (% of population),EG.ELC.ACCS.ZS,2011,100.0
Faroe Islands,FRO,Access to electricity (% of population),EG.ELC.ACCS.ZS,2011,100.0
"Micronesia, Fed. Sts.",FSM,Access to electricity (% of population),EG.ELC.ACCS.ZS,2011,66.3
Gabon,GAB,Access to electricity (% of population),EG.ELC.ACCS.ZS,2011,88.7
United Kingdom,GBR,Access to electricity (% of population),EG.ELC.ACCS.ZS,2011,100.0
Georgia,GEO,Access to electricity (% of population),EG.ELC.ACCS.ZS,2011,100.0
Ghana,GHA,Access to electricity (% of population),EG.ELC.ACCS.ZS,2011,64.1
Gibraltar,GIB,Access to electricity (% of population),EG.ELC.ACCS.ZS,2011,99.8
Guinea,GIN,Access to electricity (% of population),EG.ELC.ACCS.ZS,2011,29.5
"Gambia, The",GMB,Access to electricity (% of population),EG.ELC.ACCS.ZS,2011,48.3
Guinea-Bissau,GNB,Access to electricity (% of population),EG.ELC.ACCS.ZS,2011,13.5
Equatorial Guinea,GNQ,Access to electricity (% of population),EG.ELC.ACCS.ZS,2011,66.1
Greece,GRC,Access to electricity (% of population),EG.ELC.ACCS.ZS,2011,100.0
Grenada,GRD,Access to electricity (% of population),EG.ELC.ACCS.ZS,2011,88.8
Greenland,GRL,Access to electricity (% of population),EG.ELC.ACCS.ZS,2011,100.0
Guatemala,GTM,Access to electricity (% of population),EG.ELC.ACCS.ZS,2011,84.0
Guam,GUM,Access to electricity (% of population),EG.ELC.ACCS.ZS,2011,100.0
Guyana,GUY,Access to electricity (% of population),EG.ELC.ACCS.ZS,2011,84.2
High income,HIC,Access to electricity (% of population),EG.ELC.ACCS.ZS,2011,99.78442761
"Hong Kong SAR, China",HKG,Access to electricity (% of population),EG.ELC.ACCS.ZS,2011,100.0
Honduras,HND,Access to electricity (% of population),EG.ELC.ACCS.ZS,2011,82.2
Heavily indebted poor countries (HIPC),HPC,Access to electricity (% of population),EG.ELC.ACCS.ZS,2011,29.16516876
Croatia,HRV,Access to electricity (% of population),EG.ELC.ACCS.ZS,2011,100.0
Haiti,HTI,Access to electricity (% of population),EG.ELC.ACCS.ZS,2011,37.8
Hungary,HUN,Access to electricity (% of population),EG.ELC.ACCS.ZS,2011,100.0
IBRD only,IBD,Access to electricity (% of population),EG.ELC.ACCS.ZS,2011,92.50849562
IDA & IBRD total,IBT,Access to electricity (% of population),EG.ELC.ACCS.ZS,2011,81.92185907
IDA total,IDA,Access to electricity (% of population),EG.ELC.ACCS.ZS,2011,49.66493009
IDA blend,IDB,Access to electricity (% of population),EG.ELC.ACCS.ZS,2011,68.04984868
Indonesia,IDN,Access to electricity (% of population),EG.ELC.ACCS.ZS,2011,94.8
IDA only,IDX,Access to electricity (% of population),EG.ELC.ACCS.ZS,2011,39.58652333
Isle of Man,IMN,Access to electricity (% of population),EG.ELC.ACCS.ZS,2011,100.0
India,IND,Access to electricity (% of population),EG.ELC.ACCS.ZS,2011,79.5
Ireland,IRL,Access to electricity (% of population),EG.ELC.ACCS.ZS,2011,100.0
"Iran, Islamic Rep.",IRN,Access to electricity (% of population),EG.ELC.ACCS.ZS,2011,99.5
Iraq,IRQ,Access to electricity (% of population),EG.ELC.ACCS.ZS,2011,98.0
Iceland,ISL,Access to electricity (% of population),EG.ELC.ACCS.ZS,2011,100.0
Israel,ISR,Access to electricity (% of population),EG.ELC.ACCS.ZS,2011,100.0
Italy,ITA,Access to electricity (% of population),EG.ELC.ACCS.ZS,2011,100.0
Jamaica,JAM,Access to electricity (% of population),EG.ELC.ACCS.ZS,2011,91.1
Jordan,JOR,Access to electricity (% of population),EG.ELC.ACCS.ZS,2011,99.6
Japan,JPN,Access to electricity (% of population),EG.ELC.ACCS.ZS,2011,100.0
Kazakhstan,KAZ,Access to electricity (% of population),EG.ELC.ACCS.ZS,2011,99.8
Kenya,KEN,Access to electricity (% of population),EG.ELC.ACCS.ZS,2011,36.2
Kyrgyz Republic,KGZ,Access to electricity (% of population),EG.ELC.ACCS.ZS,2011,98.3
Cambodia,KHM,Access to electricity (% of population),EG.ELC.ACCS.ZS,2011,37.4
Kiribati,KIR,Access to electricity (% of population),EG.ELC.ACCS.ZS,2011,74.9
St. Kitts and Nevis,KNA,Access to electricity (% of population),EG.ELC.ACCS.ZS,2011,100.0
"Korea, Rep.",KOR,Access to electricity (% of population),EG.ELC.ACCS.ZS,2011,100.0
Kuwait,KWT,Access to electricity (% of population),EG.ELC.ACCS.ZS,2011,100.0
Latin America & Caribbean (excluding high income),LAC,Access to electricity (% of population),EG.ELC.ACCS.ZS,2011,96.06463418
Lao PDR,LAO,Access to electricity (% of population),EG.ELC.ACCS.ZS,2011,70.0
Lebanon,LBN,Access to electricity (% of population),EG.ELC.ACCS.ZS,2011,99.7
Liberia,LBR,Access to electricity (% of population),EG.ELC.ACCS.ZS,2011,4.1
Libya,LBY,Access to electricity (% of population),EG.ELC.ACCS.ZS,2011,80.3
St. Lucia,LCA,Access to electricity (% of population),EG.ELC.ACCS.ZS,2011,95.4
Latin America & Caribbean,LCN,Access to electricity (% of population),EG.ELC.ACCS.ZS,2011,96.18410312
Least developed countries: UN classification,LDC,Access to electricity (% of population),EG.ELC.ACCS.ZS,2011,34.49670655
Low income,LIC,Access to electricity (% of population),EG.ELC.ACCS.ZS,2011,26.68532684
Liechtenstein,LIE,Access to electricity (% of population),EG.ELC.ACCS.ZS,2011,100.0
Sri Lanka,LKA,Access to electricity (% of population),EG.ELC.ACCS.ZS,2011,87.8
Lower middle income,LMC,Access to electricity (% of population),EG.ELC.ACCS.ZS,2011,73.20365024
Low & middle income,LMY,Access to electricity (% of population),EG.ELC.ACCS.ZS,2011,81.02540416
Lesotho,LSO,Access to electricity (% of population),EG.ELC.ACCS.ZS,2011,22.5
Late-demographic dividend,LTE,Access to electricity (% of population),EG.ELC.ACCS.ZS,2011,98.62602184
Lithuania,LTU,Access to electricity (% of population),EG.ELC.ACCS.ZS,2011,99.7
Luxembourg,LUX,Access to electricity (% of population),EG.ELC.ACCS.ZS,2011,100.0
Latvia,LVA,Access to electricity (% of population),EG.ELC.ACCS.ZS,2011,99.8
"Macao SAR, China",MAC,Access to electricity (% of population),EG.ELC.ACCS.ZS,2011,100.0
St. Martin (French part),MAF,Access to electricity (% of population),EG.ELC.ACCS.ZS,2011,100.0
Morocco,MAR,Access to electricity (% of population),EG.ELC.ACCS.ZS,2011,96.1
Monaco,MCO,Access to electricity (% of population),EG.ELC.ACCS.ZS,2011,100.0
Moldova,MDA,Access to electricity (% of population),EG.ELC.ACCS.ZS,2011,99.4
Madagascar,MDG,Access to electricity (% of population),EG.ELC.ACCS.ZS,2011,14.3
Maldives,MDV,Access to electricity (% of population),EG.ELC.ACCS.ZS,2011,99.1
"Middle East, North Africa, Afghanistan & Pakistan",MEA,Access to electricity (% of population),EG.ELC.ACCS.ZS,2011,90.77615593
Mexico,MEX,Access to electricity (% of population),EG.ELC.ACCS.ZS,2011,99.0
Marshall Islands,MHL,Access to electricity (% of population),EG.ELC.ACCS.ZS,2011,89.9
Middle income,MIC,Access to electricity (% of population),EG.ELC.ACCS.ZS,2011,86.51815914
North Macedonia,MKD,Access to electricity (% of population),EG.ELC.ACCS.ZS,2011,99.7
Mali,MLI,Access to electricity (% of population),EG.ELC.ACCS.ZS,2011,28.8
Malta,MLT,Access to electricity (% of population),EG.ELC.ACCS.ZS,2011,100.0
Myanmar,MMR,Access to electricity (% of population),EG.ELC.ACCS.ZS,2011,54.1
"Middle East, North Africa, Afghanistan & Pakistan (excluding high income)",MNA,Access to electricity (% of population),EG.ELC.ACCS.ZS,2011,90.00326831
Montenegro,MNE,Access to electricity (% of population),EG.ELC.ACCS.ZS,2011,99.0
Mongolia,MNG,Access to electricity (% of population),EG.ELC.ACCS.ZS,2011,72.1
Northern Mariana Islands,MNP,Access to electricity (% of population),EG.ELC.ACCS.ZS,2011,100.0
Mozambique,MOZ,Access to electricity (% of population),EG.ELC.ACCS.ZS,2011,20.2
Mauritania,MRT,Access to electricity (% of population),EG.ELC.ACCS.ZS,2011,35.3
Mauritius,MUS,Access to electricity (% of population),EG.ELC.ACCS.ZS,2011,99.6
Malawi,MWI,Access to electricity (% of population),EG.ELC.ACCS.ZS,2011,7.6
Malaysia,MYS,Access to electricity (% of population),EG.ELC.ACCS.ZS,2011,99.5
North America,NAC,Access to electricity (% of population),EG.ELC.ACCS.ZS,2011,100.0
Namibia,NAM,Access to electricity (% of population),EG.ELC.ACCS.ZS,2011,42.3
New Caledonia,NCL,Access to electricity (% of population),EG.ELC.ACCS.ZS,2011,100.0
Niger,NER,Access to electricity (% of population),EG.ELC.ACCS.ZS,2011,14.3
Nigeria,NGA,Access to electricity (% of population),EG.ELC.ACCS.ZS,2011,55.9
Nicaragua,NIC,Access to electricity (% of population),EG.ELC.ACCS.ZS,2011,81.2
Netherlands,NLD,Access to electricity (% of population),EG.ELC.ACCS.ZS,2011,100.0
Norway,NOR,Access to electricity (% of population),EG.ELC.ACCS.ZS,2011,100.0
Nepal,NPL,Access to electricity (% of population),EG.ELC.ACCS.ZS,2011,67.3
Naoero,NRU,Access to electricity (% of population),EG.ELC.ACCS.ZS,2011,99.0
New Zealand,NZL,Access to electricity (% of population),EG.ELC.ACCS.ZS,2011,100.0
OECD members,OED,Access to electricity (% of population),EG.ELC.ACCS.ZS,2011,99.78721169
Oman,OMN,Access to electricity (% of population),EG.ELC.ACCS.ZS,2011,100.0
Other small states,OSS,Access to electricity (% of population),EG.ELC.ACCS.ZS,2011,82.3763169
Pakistan,PAK,Access to electricity (% of population),EG.ELC.ACCS.ZS,2011,87.8
Panama,PAN,Access to electricity (% of population),EG.ELC.ACCS.ZS,2011,88.6
Peru,PER,Access to electricity (% of population),EG.ELC.ACCS.ZS,2011,89.7
Philippines,PHL,Access to electricity (% of population),EG.ELC.ACCS.ZS,2011,87.2
Palau,PLW,Access to electricity (% of population),EG.ELC.ACCS.ZS,2011,98.9
Papua New Guinea,PNG,Access to electricity (% of population),EG.ELC.ACCS.ZS,2011,17.3
Poland,POL,Access to electricity (% of population),EG.ELC.ACCS.ZS,2011,100.0
Pre-demographic dividend,PRE,Access to electricity (% of population),EG.ELC.ACCS.ZS,2011,36.12121917
Puerto Rico (US),PRI,Access to electricity (% of population),EG.ELC.ACCS.ZS,2011,100.0
"Korea, Dem. People's Rep.",PRK,Access to electricity (% of population),EG.ELC.ACCS.ZS,2011,31.4
Portugal,PRT,Access to electricity (% of population),EG.ELC.ACCS.ZS,2011,100.0
Paraguay,PRY,Access to electricity (% of population),EG.ELC.ACCS.ZS,2011,98.2
West Bank and Gaza,PSE,Access to electricity (% of population),EG.ELC.ACCS.ZS,2011,99.7
Pacific island small states,PSS,Access to electricity (% of population),EG.ELC.ACCS.ZS,2011,72.80445823
Post-demographic dividend,PST,Access to electricity (% of population),EG.ELC.ACCS.ZS,2011,99.89275861
French Polynesia,PYF,Access to electricity (% of population),EG.ELC.ACCS.ZS,2011,100.0
Qatar,QAT,Access to electricity (% of population),EG.ELC.ACCS.ZS,2011,100.0
Romania,ROU,Access to electricity (% of population),EG.ELC.ACCS.ZS,2011,97.4
Russian Federation,RUS,Access to electricity (% of population),EG.ELC.ACCS.ZS,2011,99.2
Rwanda,RWA,Access to electricity (% of population),EG.ELC.ACCS.ZS,2011,10.8
South Asia,SAS,Access to electricity (% of population),EG.ELC.ACCS.ZS,2011,77.30916516
Saudi Arabia,SAU,Access to electricity (% of population),EG.ELC.ACCS.ZS,2011,100.0
Sudan,SDN,Access to electricity (% of population),EG.ELC.ACCS.ZS,2011,38.3
Senegal,SEN,Access to electricity (% of population),EG.ELC.ACCS.ZS,2011,56.5
Singapore,SGP,Access to electricity (% of population),EG.ELC.ACCS.ZS,2011,100.0
Solomon Islands,SLB,Access to electricity (% of population),EG.ELC.ACCS.ZS,2011,39.1
Sierra Leone,SLE,Access to electricity (% of population),EG.ELC.ACCS.ZS,2011,14.2
El Salvador,SLV,Access to electricity (% of population),EG.ELC.ACCS.ZS,2011,92.6
San Marino,SMR,Access to electricity (% of population),EG.ELC.ACCS.ZS,2011,100.0
"Somalia, Fed. Rep.",SOM,Access to electricity (% of population),EG.ELC.ACCS.ZS,2011,52.0
Serbia,SRB,Access to electricity (% of population),EG.ELC.ACCS.ZS,2011,99.7
Sub-Saharan Africa (excluding high income),SSA,Access to electricity (% of population),EG.ELC.ACCS.ZS,2011,35.89318248
South Sudan,SSD,Access to electricity (% of population),EG.ELC.ACCS.ZS,2011,2.8
Sub-Saharan Africa,SSF,Access to electricity (% of population),EG.ELC.ACCS.ZS,2011,35.89910061
Small states,SST,Access to electricity (% of population),EG.ELC.ACCS.ZS,2011,83.90624071
Sao Tome and Principe,STP,Access to electricity (% of population),EG.ELC.ACCS.ZS,2011,62.6
Suriname,SUR,Access to electricity (% of population),EG.ELC.ACCS.ZS,2011,94.6
Slovak Republic,SVK,Access to electricity (% of population),EG.ELC.ACCS.ZS,2011,100.0
Slovenia,SVN,Access to electricity (% of population),EG.ELC.ACCS.ZS,2011,100.0
Sweden,SWE,Access to electricity (% of population),EG.ELC.ACCS.ZS,2011,100.0
Eswatini,SWZ,Access to electricity (% of population),EG.ELC.ACCS.ZS,2011,51.2
Sint Maarten (Dutch part),SXM,Access to electricity (% of population),EG.ELC.ACCS.ZS,2011,100.0
Seychelles,SYC,Access to electricity (% of population),EG.ELC.ACCS.ZS,2011,98.1
Syrian Arab Republic,SYR,Access to electricity (% of population),EG.ELC.ACCS.ZS,2011,91.5
Turks and Caicos Islands,TCA,Access to electricity (% of population),EG.ELC.ACCS.ZS,2011,100.0
Chad,TCD,Access to electricity (% of population),EG.ELC.ACCS.ZS,2011,9.0
East Asia & Pacific (IDA & IBRD countries),TEA,Access to electricity (% of population),EG.ELC.ACCS.ZS,2011,96.40188924
Europe & Central Asia (IDA & IBRD countries),TEC,Access to electricity (% of population),EG.ELC.ACCS.ZS,2011,99.32692449
Togo,TGO,Access to electricity (% of population),EG.ELC.ACCS.ZS,2011,39.7
Thailand,THA,Access to electricity (% of population),EG.ELC.ACCS.ZS,2011,99.3
Tajikistan,TJK,Access to electricity (% of population),EG.ELC.ACCS.ZS,2011,98.9
Turkmenistan,TKM,Access to electricity (% of population),EG.ELC.ACCS.ZS,2011,99.8
Latin America & the Caribbean (IDA & IBRD countries),TLA,Access to electricity (% of population),EG.ELC.ACCS.ZS,2011,96.11822403
Timor-Leste,TLS,Access to electricity (% of population),EG.ELC.ACCS.ZS,2011,52.7
"Middle East, North Africa, Afghanistan & Pakistan (IDA & IBRD)",TMN,Access to electricity (% of population),EG.ELC.ACCS.ZS,2011,89.93898929
Tonga,TON,Access to electricity (% of population),EG.ELC.ACCS.ZS,2011,92.2
South Asia (IDA & IBRD),TSA,Access to electricity (% of population),EG.ELC.ACCS.ZS,2011,77.30916516
Sub-Saharan Africa (IDA & IBRD countries),TSS,Access to electricity (% of population),EG.ELC.ACCS.ZS,2011,35.89910061
Trinidad and Tobago,TTO,Access to electricity (% of population),EG.ELC.ACCS.ZS,2011,97.5
Tunisia,TUN,Access to electricity (% of population),EG.ELC.ACCS.ZS,2011,99.5
Turkiye,TUR,Access to electricity (% of population),EG.ELC.ACCS.ZS,2011,100.0
Tuvalu,TUV,Access to electricity (% of population),EG.ELC.ACCS.ZS,2011,97.0
Tanzania,TZA,Access to electricity (% of population),EG.ELC.ACCS.ZS,2011,14.2
Uganda,UGA,Access to electricity (% of population),EG.ELC.ACCS.ZS,2011,14.6
Ukraine,UKR,Access to electricity (% of population),EG.ELC.ACCS.ZS,2011,100.0
Upper middle income,UMC,Access to electricity (% of population),EG.ELC.ACCS.ZS,2011,97.96422681
Uruguay,URY,Access to electricity (% of population),EG.ELC.ACCS.ZS,2011,99.2
United States,USA,Access to electricity (% of population),EG.ELC.ACCS.ZS,2011,100.0
Uzbekistan,UZB,Access to electricity (% of population),EG.ELC.ACCS.ZS,2011,99.7
St. Vincent and the Grenadines,VCT,Access to electricity (% of population),EG.ELC.ACCS.ZS,2011,94.1
"Venezuela, RB",VEN,Access to electricity (% of population),EG.ELC.ACCS.ZS,2011,98.8
British Virgin Islands,VGB,Access to electricity (% of population),EG.ELC.ACCS.ZS,2011,98.7
Virgin Islands (U.S.),VIR,Access to electricity (% of population),EG.ELC.ACCS.ZS,2011,100.0
Viet Nam,VNM,Access to electricity (% of population),EG.ELC.ACCS.ZS,2011,99.0
Vanuatu,VUT,Access to electricity (% of population),EG.ELC.ACCS.ZS,2011,42.0
World,WLD,Access to electricity (% of population),EG.ELC.ACCS.ZS,2011,84.50887221
Samoa,WSM,Access to electricity (% of population),EG.ELC.ACCS.ZS,2011,96.7
"Yemen, Rep.",YEM,Access to electricity (% of population),EG.ELC.ACCS.ZS,2011,62.0
South Africa,ZAF,Access to electricity (% of population),EG.ELC.ACCS.ZS,2011,83.6
Zambia,ZMB,Access to electricity (% of population),EG.ELC.ACCS.ZS,2011,28.3
Zimbabwe,ZWE,Access to electricity (% of population),EG.ELC.ACCS.ZS,2011,36.9
Aruba,ABW,Access to electricity (% of population),EG.ELC.ACCS.ZS,2012,100.0
Africa Eastern and Southern,AFE,Access to electricity (% of population),EG.ELC.ACCS.ZS,2012,31.67342746
Afghanistan,AFG,Access to electricity (% of population),EG.ELC.ACCS.ZS,2012,69.1
Africa Western and Central,AFW,Access to electricity (% of population),EG.ELC.ACCS.ZS,2012,44.19240754
Angola,AGO,Access to electricity (% of population),EG.ELC.ACCS.ZS,2012,37.3
Albania,ALB,Access to electricity (% of population),EG.ELC.ACCS.ZS,2012,99.9
Andorra,AND,Access to electricity (% of population),EG.ELC.ACCS.ZS,2012,100.0
Arab World,ARB,Access to electricity (% of population),EG.ELC.ACCS.ZS,2012,86.84786697
United Arab Emirates,ARE,Access to electricity (% of population),EG.ELC.ACCS.ZS,2012,100.0
Argentina,ARG,Access to electricity (% of population),EG.ELC.ACCS.ZS,2012,99.1
Armenia,ARM,Access to electricity (% of population),EG.ELC.ACCS.ZS,2012,99.5
Antigua and Barbuda,ATG,Access to electricity (% of population),EG.ELC.ACCS.ZS,2012,100.0
Australia,AUS,Access to electricity (% of population),EG.ELC.ACCS.ZS,2012,100.0
Austria,AUT,Access to electricity (% of population),EG.ELC.ACCS.ZS,2012,100.0
Azerbaijan,AZE,Access to electricity (% of population),EG.ELC.ACCS.ZS,2012,100.0
Burundi,BDI,Access to electricity (% of population),EG.ELC.ACCS.ZS,2012,6.5
Belgium,BEL,Access to electricity (% of population),EG.ELC.ACCS.ZS,2012,100.0
Benin,BEN,Access to electricity (% of population),EG.ELC.ACCS.ZS,2012,38.4
Burkina Faso,BFA,Access to electricity (% of population),EG.ELC.ACCS.ZS,2012,15.1
Bangladesh,BGD,Access to electricity (% of population),EG.ELC.ACCS.ZS,2012,65.5
Bulgaria,BGR,Access to electricity (% of population),EG.ELC.ACCS.ZS,2012,94.7
Bahrain,BHR,Access to electricity (% of population),EG.ELC.ACCS.ZS,2012,100.0
"Bahamas, The",BHS,Access to electricity (% of population),EG.ELC.ACCS.ZS,2012,100.0
Bosnia and Herzegovina,BIH,Access to electricity (% of population),EG.ELC.ACCS.ZS,2012,99.7
Belarus,BLR,Access to electricity (% of population),EG.ELC.ACCS.ZS,2012,95.6
Belize,BLZ,Access to electricity (% of population),EG.ELC.ACCS.ZS,2012,90.9
Bermuda,BMU,Access to electricity (% of population),EG.ELC.ACCS.ZS,2012,100.0
Bolivia,BOL,Access to electricity (% of population),EG.ELC.ACCS.ZS,2012,90.4
Brazil,BRA,Access to electricity (% of population),EG.ELC.ACCS.ZS,2012,99.5
Barbados,BRB,Access to electricity (% of population),EG.ELC.ACCS.ZS,2012,100.0
Brunei Darussalam,BRN,Access to electricity (% of population),EG.ELC.ACCS.ZS,2012,100.0
Bhutan,BTN,Access to electricity (% of population),EG.ELC.ACCS.ZS,2012,91.5
Botswana,BWA,Access to electricity (% of population),EG.ELC.ACCS.ZS,2012,56.0
Central African Republic,CAF,Access to electricity (% of population),EG.ELC.ACCS.ZS,2012,11.0
Canada,CAN,Access to electricity (% of population),EG.ELC.ACCS.ZS,2012,100.0
Central Europe and the Baltics,CEB,Access to electricity (% of population),EG.ELC.ACCS.ZS,2012,99.20283569
Switzerland,CHE,Access to electricity (% of population),EG.ELC.ACCS.ZS,2012,100.0
Channel Islands,CHI,Access to electricity (% of population),EG.ELC.ACCS.ZS,2012,100.0
Chile,CHL,Access to electricity (% of population),EG.ELC.ACCS.ZS,2012,100.0
China,CHN,Access to electricity (% of population),EG.ELC.ACCS.ZS,2012,99.9
Cote d'Ivoire,CIV,Access to electricity (% of population),EG.ELC.ACCS.ZS,2012,55.8
Cameroon,CMR,Access to electricity (% of population),EG.ELC.ACCS.ZS,2012,55.2
"Congo, Dem. Rep.",COD,Access to electricity (% of population),EG.ELC.ACCS.ZS,2012,15.4
"Congo, Rep.",COG,Access to electricity (% of population),EG.ELC.ACCS.ZS,2012,41.6
Colombia,COL,Access to electricity (% of population),EG.ELC.ACCS.ZS,2012,97.0
Comoros,COM,Access to electricity (% of population),EG.ELC.ACCS.ZS,2012,69.3
Cabo Verde,CPV,Access to electricity (% of population),EG.ELC.ACCS.ZS,2012,83.2
Costa Rica,CRI,Access to electricity (% of population),EG.ELC.ACCS.ZS,2012,99.5
Caribbean small states,CSS,Access to electricity (% of population),EG.ELC.ACCS.ZS,2012,95.25431138
Cuba,CUB,Access to electricity (% of population),EG.ELC.ACCS.ZS,2012,98.3
Curacao,CUW,Access to electricity (% of population),EG.ELC.ACCS.ZS,2012,100.0
Cayman Islands,CYM,Access to electricity (% of population),EG.ELC.ACCS.ZS,2012,100.0
Cyprus,CYP,Access to electricity (% of population),EG.ELC.ACCS.ZS,2012,100.0
Czechia,CZE,Access to electricity (% of population),EG.ELC.ACCS.ZS,2012,100.0
Germany,DEU,Access to electricity (% of population),EG.ELC.ACCS.ZS,2012,100.0
Djibouti,DJI,Access to electricity (% of population),EG.ELC.ACCS.ZS,2012,54.6
Dominica,DMA,Access to electricity (% of population),EG.ELC.ACCS.ZS,2012,93.5
Denmark,DNK,Access to electricity (% of population),EG.ELC.ACCS.ZS,2012,100.0
Dominican Republic,DOM,Access to electricity (% of population),EG.ELC.ACCS.ZS,2012,97.9
Algeria,DZA,Access to electricity (% of population),EG.ELC.ACCS.ZS,2012,98.8
East Asia & Pacific (excluding high income),EAP,Access to electricity (% of population),EG.ELC.ACCS.ZS,2012,95.79516545
Early-demographic dividend,EAR,Access to electricity (% of population),EG.ELC.ACCS.ZS,2012,82.05246324
East Asia & Pacific,EAS,Access to electricity (% of population),EG.ELC.ACCS.ZS,2012,96.20924578
Europe & Central Asia (excluding high income),ECA,Access to electricity (% of population),EG.ELC.ACCS.ZS,2012,99.69463211
Europe & Central Asia,ECS,Access to electricity (% of population),EG.ELC.ACCS.ZS,2012,99.82819162
Ecuador,ECU,Access to electricity (% of population),EG.ELC.ACCS.ZS,2012,97.2
"Egypt, Arab Rep.",EGY,Access to electricity (% of population),EG.ELC.ACCS.ZS,2012,99.7
Euro area,EMU,Access to electricity (% of population),EG.ELC.ACCS.ZS,2012,99.888862
Eritrea,ERI,Access to electricity (% of population),EG.ELC.ACCS.ZS,2012,42.3
Spain,ESP,Access to electricity (% of population),EG.ELC.ACCS.ZS,2012,100.0
Estonia,EST,Access to electricity (% of population),EG.ELC.ACCS.ZS,2012,100.0
Ethiopia,ETH,Access to electricity (% of population),EG.ELC.ACCS.ZS,2012,29.0
European Union,EUU,Access to electricity (% of population),EG.ELC.ACCS.ZS,2012,99.8125887
Finland,FIN,Access to electricity (% of population),EG.ELC.ACCS.ZS,2012,100.0
Fiji,FJI,Access to electricity (% of population),EG.ELC.ACCS.ZS,2012,92.6
France,FRA,Access to electricity (% of population),EG.ELC.ACCS.ZS,2012,100.0
Faroe Islands,FRO,Access to electricity (% of population),EG.ELC.ACCS.ZS,2012,100.0
"Micronesia, Fed. Sts.",FSM,Access to electricity (% of population),EG.ELC.ACCS.ZS,2012,67.8
Gabon,GAB,Access to electricity (% of population),EG.ELC.ACCS.ZS,2012,89.3
United Kingdom,GBR,Access to electricity (% of population),EG.ELC.ACCS.ZS,2012,100.0
Georgia,GEO,Access to electricity (% of population),EG.ELC.ACCS.ZS,2012,100.0
Ghana,GHA,Access to electricity (% of population),EG.ELC.ACCS.ZS,2012,56.5
Gibraltar,GIB,Access to electricity (% of population),EG.ELC.ACCS.ZS,2012,99.9
Guinea,GIN,Access to electricity (% of population),EG.ELC.ACCS.ZS,2012,26.2
"Gambia, The",GMB,Access to electricity (% of population),EG.ELC.ACCS.ZS,2012,49.9
Guinea-Bissau,GNB,Access to electricity (% of population),EG.ELC.ACCS.ZS,2012,14.9
Equatorial Guinea,GNQ,Access to electricity (% of population),EG.ELC.ACCS.ZS,2012,65.7
Greece,GRC,Access to electricity (% of population),EG.ELC.ACCS.ZS,2012,100.0
Grenada,GRD,Access to electricity (% of population),EG.ELC.ACCS.ZS,2012,90.2
Greenland,GRL,Access to electricity (% of population),EG.ELC.ACCS.ZS,2012,100.0
Guatemala,GTM,Access to electricity (% of population),EG.ELC.ACCS.ZS,2012,86.8
Guam,GUM,Access to electricity (% of population),EG.ELC.ACCS.ZS,2012,100.0
Guyana,GUY,Access to electricity (% of population),EG.ELC.ACCS.ZS,2012,85.1
High income,HIC,Access to electricity (% of population),EG.ELC.ACCS.ZS,2012,99.89514469
"Hong Kong SAR, China",HKG,Access to electricity (% of population),EG.ELC.ACCS.ZS,2012,100.0
Honduras,HND,Access to electricity (% of population),EG.ELC.ACCS.ZS,2012,83.6
Heavily indebted poor countries (HIPC),HPC,Access to electricity (% of population),EG.ELC.ACCS.ZS,2012,31.89319616
Croatia,HRV,Access to electricity (% of population),EG.ELC.ACCS.ZS,2012,100.0
Haiti,HTI,Access to electricity (% of population),EG.ELC.ACCS.ZS,2012,37.9
Hungary,HUN,Access to electricity (% of population),EG.ELC.ACCS.ZS,2012,100.0
IBRD only,IBD,Access to electricity (% of population),EG.ELC.ACCS.ZS,2012,92.76914947
IDA & IBRD total,IBT,Access to electricity (% of population),EG.ELC.ACCS.ZS,2012,82.43889928
IDA total,IDA,Access to electricity (% of population),EG.ELC.ACCS.ZS,2012,51.32257981
IDA blend,IDB,Access to electricity (% of population),EG.ELC.ACCS.ZS,2012,67.75342828
Indonesia,IDN,Access to electricity (% of population),EG.ELC.ACCS.ZS,2012,96.0
IDA only,IDX,Access to electricity (% of population),EG.ELC.ACCS.ZS,2012,42.30950508
Isle of Man,IMN,Access to electricity (% of population),EG.ELC.ACCS.ZS,2012,100.0
India,IND,Access to electricity (% of population),EG.ELC.ACCS.ZS,2012,79.9
Ireland,IRL,Access to electricity (% of population),EG.ELC.ACCS.ZS,2012,100.0
"Iran, Islamic Rep.",IRN,Access to electricity (% of population),EG.ELC.ACCS.ZS,2012,99.5
Iraq,IRQ,Access to electricity (% of population),EG.ELC.ACCS.ZS,2012,99.3
Iceland,ISL,Access to electricity (% of population),EG.ELC.ACCS.ZS,2012,100.0
Israel,ISR,Access to electricity (% of population),EG.ELC.ACCS.ZS,2012,100.0
Italy,ITA,Access to electricity (% of population),EG.ELC.ACCS.ZS,2012,100.0
Jamaica,JAM,Access to electricity (% of population),EG.ELC.ACCS.ZS,2012,93.1
Jordan,JOR,Access to electricity (% of population),EG.ELC.ACCS.ZS,2012,99.5
Japan,JPN,Access to electricity (% of population),EG.ELC.ACCS.ZS,2012,100.0
Kazakhstan,KAZ,Access to electricity (% of population),EG.ELC.ACCS.ZS,2012,100.0
Kenya,KEN,Access to electricity (% of population),EG.ELC.ACCS.ZS,2012,38.1
Kyrgyz Republic,KGZ,Access to electricity (% of population),EG.ELC.ACCS.ZS,2012,99.8
Cambodia,KHM,Access to electricity (% of population),EG.ELC.ACCS.ZS,2012,42.3
Kiribati,KIR,Access to electricity (% of population),EG.ELC.ACCS.ZS,2012,76.7
St. Kitts and Nevis,KNA,Access to electricity (% of population),EG.ELC.ACCS.ZS,2012,100.0
"Korea, Rep.",KOR,Access to electricity (% of population),EG.ELC.ACCS.ZS,2012,100.0
Kuwait,KWT,Access to electricity (% of population),EG.ELC.ACCS.ZS,2012,100.0
Latin America & Caribbean (excluding high income),LAC,Access to electricity (% of population),EG.ELC.ACCS.ZS,2012,96.44603993
Lao PDR,LAO,Access to electricity (% of population),EG.ELC.ACCS.ZS,2012,76.4
Lebanon,LBN,Access to electricity (% of population),EG.ELC.ACCS.ZS,2012,99.5
Liberia,LBR,Access to electricity (% of population),EG.ELC.ACCS.ZS,2012,9.3
Libya,LBY,Access to electricity (% of population),EG.ELC.ACCS.ZS,2012,78.7
St. Lucia,LCA,Access to electricity (% of population),EG.ELC.ACCS.ZS,2012,95.3
Latin America & Caribbean,LCN,Access to electricity (% of population),EG.ELC.ACCS.ZS,2012,96.56923455
Least developed countries: UN classification,LDC,Access to electricity (% of population),EG.ELC.ACCS.ZS,2012,37.82260667
Low income,LIC,Access to electricity (% of population),EG.ELC.ACCS.ZS,2012,29.76917005
Liechtenstein,LIE,Access to electricity (% of population),EG.ELC.ACCS.ZS,2012,100.0
Sri Lanka,LKA,Access to electricity (% of population),EG.ELC.ACCS.ZS,2012,87.0
Lower middle income,LMC,Access to electricity (% of population),EG.ELC.ACCS.ZS,2012,73.85307447
Low & middle income,LMY,Access to electricity (% of population),EG.ELC.ACCS.ZS,2012,81.55647504
Lesotho,LSO,Access to electricity (% of population),EG.ELC.ACCS.ZS,2012,20.6
Late-demographic dividend,LTE,Access to electricity (% of population),EG.ELC.ACCS.ZS,2012,98.71218892
Lithuania,LTU,Access to electricity (% of population),EG.ELC.ACCS.ZS,2012,100.0
Luxembourg,LUX,Access to electricity (% of population),EG.ELC.ACCS.ZS,2012,100.0
Latvia,LVA,Access to electricity (% of population),EG.ELC.ACCS.ZS,2012,100.0
"Macao SAR, China",MAC,Access to electricity (% of population),EG.ELC.ACCS.ZS,2012,100.0
St. Martin (French part),MAF,Access to electricity (% of population),EG.ELC.ACCS.ZS,2012,100.0
Morocco,MAR,Access to electricity (% of population),EG.ELC.ACCS.ZS,2012,96.4
Monaco,MCO,Access to electricity (% of population),EG.ELC.ACCS.ZS,2012,100.0
Moldova,MDA,Access to electricity (% of population),EG.ELC.ACCS.ZS,2012,99.5
Madagascar,MDG,Access to electricity (% of population),EG.ELC.ACCS.ZS,2012,18.7
Maldives,MDV,Access to electricity (% of population),EG.ELC.ACCS.ZS,2012,99.2
"Middle East, North Africa, Afghanistan & Pakistan",MEA,Access to electricity (% of population),EG.ELC.ACCS.ZS,2012,91.85412137
Mexico,MEX,Access to electricity (% of population),EG.ELC.ACCS.ZS,2012,99.1
Marshall Islands,MHL,Access to electricity (% of population),EG.ELC.ACCS.ZS,2012,90.4
Middle income,MIC,Access to electricity (% of population),EG.ELC.ACCS.ZS,2012,86.86601118
North Macedonia,MKD,Access to electricity (% of population),EG.ELC.ACCS.ZS,2012,99.6
Mali,MLI,Access to electricity (% of population),EG.ELC.ACCS.ZS,2012,25.6
Malta,MLT,Access to electricity (% of population),EG.ELC.ACCS.ZS,2012,100.0
Myanmar,MMR,Access to electricity (% of population),EG.ELC.ACCS.ZS,2012,55.3
"Middle East, North Africa, Afghanistan & Pakistan (excluding high income)",MNA,Access to electricity (% of population),EG.ELC.ACCS.ZS,2012,91.15395911
Montenegro,MNE,Access to electricity (% of population),EG.ELC.ACCS.ZS,2012,99.3
Mongolia,MNG,Access to electricity (% of population),EG.ELC.ACCS.ZS,2012,83.7
Northern Mariana Islands,MNP,Access to electricity (% of population),EG.ELC.ACCS.ZS,2012,100.0
Mozambique,MOZ,Access to electricity (% of population),EG.ELC.ACCS.ZS,2012,21.2
Mauritania,MRT,Access to electricity (% of population),EG.ELC.ACCS.ZS,2012,36.4
Mauritius,MUS,Access to electricity (% of population),EG.ELC.ACCS.ZS,2012,99.4
Malawi,MWI,Access to electricity (% of population),EG.ELC.ACCS.ZS,2012,7.4
Malaysia,MYS,Access to electricity (% of population),EG.ELC.ACCS.ZS,2012,99.8
North America,NAC,Access to electricity (% of population),EG.ELC.ACCS.ZS,2012,100.0
Namibia,NAM,Access to electricity (% of population),EG.ELC.ACCS.ZS,2012,46.4
New Caledonia,NCL,Access to electricity (% of population),EG.ELC.ACCS.ZS,2012,100.0
Niger,NER,Access to electricity (% of population),EG.ELC.ACCS.ZS,2012,14.4
Nigeria,NGA,Access to electricity (% of population),EG.ELC.ACCS.ZS,2012,53.0
Nicaragua,NIC,Access to electricity (% of population),EG.ELC.ACCS.ZS,2012,81.3
Netherlands,NLD,Access to electricity (% of population),EG.ELC.ACCS.ZS,2012,100.0
Norway,NOR,Access to electricity (% of population),EG.ELC.ACCS.ZS,2012,100.0
Nepal,NPL,Access to electricity (% of population),EG.ELC.ACCS.ZS,2012,75.2
Naoero,NRU,Access to electricity (% of population),EG.ELC.ACCS.ZS,2012,99.4
New Zealand,NZL,Access to electricity (% of population),EG.ELC.ACCS.ZS,2012,100.0
OECD members,OED,Access to electricity (% of population),EG.ELC.ACCS.ZS,2012,99.81294677
Oman,OMN,Access to electricity (% of population),EG.ELC.ACCS.ZS,2012,100.0
Other small states,OSS,Access to electricity (% of population),EG.ELC.ACCS.ZS,2012,83.2159663
Pakistan,PAK,Access to electricity (% of population),EG.ELC.ACCS.ZS,2012,88.6
Panama,PAN,Access to electricity (% of population),EG.ELC.ACCS.ZS,2012,89.3
Peru,PER,Access to electricity (% of population),EG.ELC.ACCS.ZS,2012,91.1
Philippines,PHL,Access to electricity (% of population),EG.ELC.ACCS.ZS,2012,87.1
Palau,PLW,Access to electricity (% of population),EG.ELC.ACCS.ZS,2012,97.6
Papua New Guinea,PNG,Access to electricity (% of population),EG.ELC.ACCS.ZS,2012,17.5
Poland,POL,Access to electricity (% of population),EG.ELC.ACCS.ZS,2012,100.0
Pre-demographic dividend,PRE,Access to electricity (% of population),EG.ELC.ACCS.ZS,2012,37.50070521
Puerto Rico (US),PRI,Access to electricity (% of population),EG.ELC.ACCS.ZS,2012,100.0
"Korea, Dem. People's Rep.",PRK,Access to electricity (% of population),EG.ELC.ACCS.ZS,2012,33.6
Portugal,PRT,Access to electricity (% of population),EG.ELC.ACCS.ZS,2012,100.0
Paraguay,PRY,Access to electricity (% of population),EG.ELC.ACCS.ZS,2012,97.8
West Bank and Gaza,PSE,Access to electricity (% of population),EG.ELC.ACCS.ZS,2012,99.8
Pacific island small states,PSS,Access to electricity (% of population),EG.ELC.ACCS.ZS,2012,73.83164605
Post-demographic dividend,PST,Access to electricity (% of population),EG.ELC.ACCS.ZS,2012,99.90294653
French Polynesia,PYF,Access to electricity (% of population),EG.ELC.ACCS.ZS,2012,100.0
Qatar,QAT,Access to electricity (% of population),EG.ELC.ACCS.ZS,2012,100.0
Romania,ROU,Access to electricity (% of population),EG.ELC.ACCS.ZS,2012,97.8
Russian Federation,RUS,Access to electricity (% of population),EG.ELC.ACCS.ZS,2012,100.0
Rwanda,RWA,Access to electricity (% of population),EG.ELC.ACCS.ZS,2012,17.5
South Asia,SAS,Access to electricity (% of population),EG.ELC.ACCS.ZS,2012,78.41954445
Saudi Arabia,SAU,Access to electricity (% of population),EG.ELC.ACCS.ZS,2012,100.0
Sudan,SDN,Access to electricity (% of population),EG.ELC.ACCS.ZS,2012,40.7
Senegal,SEN,Access to electricity (% of population),EG.ELC.ACCS.ZS,2012,56.5
Singapore,SGP,Access to electricity (% of population),EG.ELC.ACCS.ZS,2012,100.0
Solomon Islands,SLB,Access to electricity (% of population),EG.ELC.ACCS.ZS,2012,42.9
Sierra Leone,SLE,Access to electricity (% of population),EG.ELC.ACCS.ZS,2012,17.2
El Salvador,SLV,Access to electricity (% of population),EG.ELC.ACCS.ZS,2012,93.7
San Marino,SMR,Access to electricity (% of population),EG.ELC.ACCS.ZS,2012,100.0
"Somalia, Fed. Rep.",SOM,Access to electricity (% of population),EG.ELC.ACCS.ZS,2012,51.8
Serbia,SRB,Access to electricity (% of population),EG.ELC.ACCS.ZS,2012,99.8
Sub-Saharan Africa (excluding high income),SSA,Access to electricity (% of population),EG.ELC.ACCS.ZS,2012,36.76942565
South Sudan,SSD,Access to electricity (% of population),EG.ELC.ACCS.ZS,2012,3.3
Sub-Saharan Africa,SSF,Access to electricity (% of population),EG.ELC.ACCS.ZS,2012,36.77517812
Small states,SST,Access to electricity (% of population),EG.ELC.ACCS.ZS,2012,84.82433106
Sao Tome and Principe,STP,Access to electricity (% of population),EG.ELC.ACCS.ZS,2012,57.9
Suriname,SUR,Access to electricity (% of population),EG.ELC.ACCS.ZS,2012,94.6
Slovak Republic,SVK,Access to electricity (% of population),EG.ELC.ACCS.ZS,2012,100.0
Slovenia,SVN,Access to electricity (% of population),EG.ELC.ACCS.ZS,2012,100.0
Sweden,SWE,Access to electricity (% of population),EG.ELC.ACCS.ZS,2012,100.0
Eswatini,SWZ,Access to electricity (% of population),EG.ELC.ACCS.ZS,2012,54.3
Sint Maarten (Dutch part),SXM,Access to electricity (% of population),EG.ELC.ACCS.ZS,2012,100.0
Seychelles,SYC,Access to electricity (% of population),EG.ELC.ACCS.ZS,2012,98.3
Syrian Arab Republic,SYR,Access to electricity (% of population),EG.ELC.ACCS.ZS,2012,90.7
Turks and Caicos Islands,TCA,Access to electricity (% of population),EG.ELC.ACCS.ZS,2012,93.1
Chad,TCD,Access to electricity (% of population),EG.ELC.ACCS.ZS,2012,7.8
East Asia & Pacific (IDA & IBRD countries),TEA,Access to electricity (% of population),EG.ELC.ACCS.ZS,2012,96.58659087
Europe & Central Asia (IDA & IBRD countries),TEC,Access to electricity (% of population),EG.ELC.ACCS.ZS,2012,99.65467695
Togo,TGO,Access to electricity (% of population),EG.ELC.ACCS.ZS,2012,39.1
Thailand,THA,Access to electricity (% of population),EG.ELC.ACCS.ZS,2012,99.1
Tajikistan,TJK,Access to electricity (% of population),EG.ELC.ACCS.ZS,2012,99.1
Turkmenistan,TKM,Access to electricity (% of population),EG.ELC.ACCS.ZS,2012,99.9
Latin America & the Caribbean (IDA & IBRD countries),TLA,Access to electricity (% of population),EG.ELC.ACCS.ZS,2012,96.50924572
Timor-Leste,TLS,Access to electricity (% of population),EG.ELC.ACCS.ZS,2012,56.0
"Middle East, North Africa, Afghanistan & Pakistan (IDA & IBRD)",TMN,Access to electricity (% of population),EG.ELC.ACCS.ZS,2012,91.09637549
Tonga,TON,Access to electricity (% of population),EG.ELC.ACCS.ZS,2012,92.8
South Asia (IDA & IBRD),TSA,Access to electricity (% of population),EG.ELC.ACCS.ZS,2012,78.41954445
Sub-Saharan Africa (IDA & IBRD countries),TSS,Access to electricity (% of population),EG.ELC.ACCS.ZS,2012,36.77517812
Trinidad and Tobago,TTO,Access to electricity (% of population),EG.ELC.ACCS.ZS,2012,100.0
Tunisia,TUN,Access to electricity (% of population),EG.ELC.ACCS.ZS,2012,99.5
Turkiye,TUR,Access to electricity (% of population),EG.ELC.ACCS.ZS,2012,100.0
Tuvalu,TUV,Access to electricity (% of population),EG.ELC.ACCS.ZS,2012,97.7
Tanzania,TZA,Access to electricity (% of population),EG.ELC.ACCS.ZS,2012,15.3
Uganda,UGA,Access to electricity (% of population),EG.ELC.ACCS.ZS,2012,20.5
Ukraine,UKR,Access to electricity (% of population),EG.ELC.ACCS.ZS,2012,99.9
Upper middle income,UMC,Access to electricity (% of population),EG.ELC.ACCS.ZS,2012,98.13305589
Uruguay,URY,Access to electricity (% of population),EG.ELC.ACCS.ZS,2012,99.6
United States,USA,Access to electricity (% of population),EG.ELC.ACCS.ZS,2012,100.0
Uzbekistan,UZB,Access to electricity (% of population),EG.ELC.ACCS.ZS,2012,99.7
St. Vincent and the Grenadines,VCT,Access to electricity (% of population),EG.ELC.ACCS.ZS,2012,95.4
"Venezuela, RB",VEN,Access to electricity (% of population),EG.ELC.ACCS.ZS,2012,99.3
British Virgin Islands,VGB,Access to electricity (% of population),EG.ELC.ACCS.ZS,2012,98.9
Virgin Islands (U.S.),VIR,Access to electricity (% of population),EG.ELC.ACCS.ZS,2012,100.0
Viet Nam,VNM,Access to electricity (% of population),EG.ELC.ACCS.ZS,2012,97.9
Vanuatu,VUT,Access to electricity (% of population),EG.ELC.ACCS.ZS,2012,43.9
World,WLD,Access to electricity (% of population),EG.ELC.ACCS.ZS,2012,84.93915557
Samoa,WSM,Access to electricity (% of population),EG.ELC.ACCS.ZS,2012,96.8
"Yemen, Rep.",YEM,Access to electricity (% of population),EG.ELC.ACCS.ZS,2012,52.4
South Africa,ZAF,Access to electricity (% of population),EG.ELC.ACCS.ZS,2012,85.2
Zambia,ZMB,Access to electricity (% of population),EG.ELC.ACCS.ZS,2012,29.2
Zimbabwe,ZWE,Access to electricity (% of population),EG.ELC.ACCS.ZS,2012,44.0
Aruba,ABW,Access to electricity (% of population),EG.ELC.ACCS.ZS,2013,100.0
Africa Eastern and Southern,AFE,Access to electricity (% of population),EG.ELC.ACCS.ZS,2013,31.72357357
Afghanistan,AFG,Access to electricity (% of population),EG.ELC.ACCS.ZS,2013,68.0
Africa Western and Central,AFW,Access to electricity (% of population),EG.ELC.ACCS.ZS,2013,47.20212349
Angola,AGO,Access to electricity (% of population),EG.ELC.ACCS.ZS,2013,38.4
Albania,ALB,Access to electricity (% of population),EG.ELC.ACCS.ZS,2013,99.9
Andorra,AND,Access to electricity (% of population),EG.ELC.ACCS.ZS,2013,100.0
Arab World,ARB,Access to electricity (% of population),EG.ELC.ACCS.ZS,2013,88.96162992
United Arab Emirates,ARE,Access to electricity (% of population),EG.ELC.ACCS.ZS,2013,100.0
Argentina,ARG,Access to electricity (% of population),EG.ELC.ACCS.ZS,2013,99.3
Armenia,ARM,Access to electricity (% of population),EG.ELC.ACCS.ZS,2013,99.4
Antigua and Barbuda,ATG,Access to electricity (% of population),EG.ELC.ACCS.ZS,2013,100.0
Australia,AUS,Access to electricity (% of population),EG.ELC.ACCS.ZS,2013,100.0
Austria,AUT,Access to electricity (% of population),EG.ELC.ACCS.ZS,2013,100.0
Azerbaijan,AZE,Access to electricity (% of population),EG.ELC.ACCS.ZS,2013,100.0
Burundi,BDI,Access to electricity (% of population),EG.ELC.ACCS.ZS,2013,6.9
Belgium,BEL,Access to electricity (% of population),EG.ELC.ACCS.ZS,2013,100.0
Benin,BEN,Access to electricity (% of population),EG.ELC.ACCS.ZS,2013,34.7
Burkina Faso,BFA,Access to electricity (% of population),EG.ELC.ACCS.ZS,2013,15.4
Bangladesh,BGD,Access to electricity (% of population),EG.ELC.ACCS.ZS,2013,61.5
Bulgaria,BGR,Access to electricity (% of population),EG.ELC.ACCS.ZS,2013,95.3
Bahrain,BHR,Access to electricity (% of population),EG.ELC.ACCS.ZS,2013,100.0
"Bahamas, The",BHS,Access to electricity (% of population),EG.ELC.ACCS.ZS,2013,100.0
Bosnia and Herzegovina,BIH,Access to electricity (% of population),EG.ELC.ACCS.ZS,2013,99.5
Belarus,BLR,Access to electricity (% of population),EG.ELC.ACCS.ZS,2013,96.2
Belize,BLZ,Access to electricity (% of population),EG.ELC.ACCS.ZS,2013,91.1
Bermuda,BMU,Access to electricity (% of population),EG.ELC.ACCS.ZS,2013,100.0
Bolivia,BOL,Access to electricity (% of population),EG.ELC.ACCS.ZS,2013,89.5
Brazil,BRA,Access to electricity (% of population),EG.ELC.ACCS.ZS,2013,99.6
Barbados,BRB,Access to electricity (% of population),EG.ELC.ACCS.ZS,2013,100.0
Brunei Darussalam,BRN,Access to electricity (% of population),EG.ELC.ACCS.ZS,2013,100.0
Bhutan,BTN,Access to electricity (% of population),EG.ELC.ACCS.ZS,2013,87.4
Botswana,BWA,Access to electricity (% of population),EG.ELC.ACCS.ZS,2013,58.0
Central African Republic,CAF,Access to electricity (% of population),EG.ELC.ACCS.ZS,2013,11.5
Canada,CAN,Access to electricity (% of population),EG.ELC.ACCS.ZS,2013,100.0
Central Europe and the Baltics,CEB,Access to electricity (% of population),EG.ELC.ACCS.ZS,2013,99.30847738
Switzerland,CHE,Access to electricity (% of population),EG.ELC.ACCS.ZS,2013,100.0
Channel Islands,CHI,Access to electricity (% of population),EG.ELC.ACCS.ZS,2013,100.0
Chile,CHL,Access to electricity (% of population),EG.ELC.ACCS.ZS,2013,99.6
China,CHN,Access to electricity (% of population),EG.ELC.ACCS.ZS,2013,100.0
Cote d'Ivoire,CIV,Access to electricity (% of population),EG.ELC.ACCS.ZS,2013,61.5
Cameroon,CMR,Access to electricity (% of population),EG.ELC.ACCS.ZS,2013,56.3
"Congo, Dem. Rep.",COD,Access to electricity (% of population),EG.ELC.ACCS.ZS,2013,15.2
"Congo, Rep.",COG,Access to electricity (% of population),EG.ELC.ACCS.ZS,2013,42.5
Colombia,COL,Access to electricity (% of population),EG.ELC.ACCS.ZS,2013,97.8
Comoros,COM,Access to electricity (% of population),EG.ELC.ACCS.ZS,2013,69.4
Cabo Verde,CPV,Access to electricity (% of population),EG.ELC.ACCS.ZS,2013,84.3
Costa Rica,CRI,Access to electricity (% of population),EG.ELC.ACCS.ZS,2013,99.6
Caribbean small states,CSS,Access to electricity (% of population),EG.ELC.ACCS.ZS,2013,95.56373954
Cuba,CUB,Access to electricity (% of population),EG.ELC.ACCS.ZS,2013,98.5
Curacao,CUW,Access to electricity (% of population),EG.ELC.ACCS.ZS,2013,100.0
Cayman Islands,CYM,Access to electricity (% of population),EG.ELC.ACCS.ZS,2013,100.0
Cyprus,CYP,Access to electricity (% of population),EG.ELC.ACCS.ZS,2013,100.0
Czechia,CZE,Access to electricity (% of population),EG.ELC.ACCS.ZS,2013,100.0
Germany,DEU,Access to electricity (% of population),EG.ELC.ACCS.ZS,2013,100.0
Djibouti,DJI,Access to electricity (% of population),EG.ELC.ACCS.ZS,2013,58.6
Dominica,DMA,Access to electricity (% of population),EG.ELC.ACCS.ZS,2013,94.6
Denmark,DNK,Access to electricity (% of population),EG.ELC.ACCS.ZS,2013,100.0
Dominican Republic,DOM,Access to electricity (% of population),EG.ELC.ACCS.ZS,2013,98.4
Algeria,DZA,Access to electricity (% of population),EG.ELC.ACCS.ZS,2013,99.2
East Asia & Pacific (excluding high income),EAP,Access to electricity (% of population),EG.ELC.ACCS.ZS,2013,96.09285352
Early-demographic dividend,EAR,Access to electricity (% of population),EG.ELC.ACCS.ZS,2013,83.79931258
East Asia & Pacific,EAS,Access to electricity (% of population),EG.ELC.ACCS.ZS,2013,96.4756467
Europe & Central Asia (excluding high income),ECA,Access to electricity (% of population),EG.ELC.ACCS.ZS,2013,99.72865252
Europe & Central Asia,ECS,Access to electricity (% of population),EG.ELC.ACCS.ZS,2013,99.8495212
Ecuador,ECU,Access to electricity (% of population),EG.ELC.ACCS.ZS,2013,98.0
"Egypt, Arab Rep.",EGY,Access to electricity (% of population),EG.ELC.ACCS.ZS,2013,99.9
Euro area,EMU,Access to electricity (% of population),EG.ELC.ACCS.ZS,2013,99.90352045
Eritrea,ERI,Access to electricity (% of population),EG.ELC.ACCS.ZS,2013,43.5
Spain,ESP,Access to electricity (% of population),EG.ELC.ACCS.ZS,2013,100.0
Estonia,EST,Access to electricity (% of population),EG.ELC.ACCS.ZS,2013,100.0
Ethiopia,ETH,Access to electricity (% of population),EG.ELC.ACCS.ZS,2013,30.8
European Union,EUU,Access to electricity (% of population),EG.ELC.ACCS.ZS,2013,99.83811738
Finland,FIN,Access to electricity (% of population),EG.ELC.ACCS.ZS,2013,100.0
Fiji,FJI,Access to electricity (% of population),EG.ELC.ACCS.ZS,2013,91.8
France,FRA,Access to electricity (% of population),EG.ELC.ACCS.ZS,2013,100.0
Faroe Islands,FRO,Access to electricity (% of population),EG.ELC.ACCS.ZS,2013,100.0
"Micronesia, Fed. Sts.",FSM,Access to electricity (% of population),EG.ELC.ACCS.ZS,2013,69.4
Gabon,GAB,Access to electricity (% of population),EG.ELC.ACCS.ZS,2013,86.4
United Kingdom,GBR,Access to electricity (% of population),EG.ELC.ACCS.ZS,2013,100.0
Georgia,GEO,Access to electricity (% of population),EG.ELC.ACCS.ZS,2013,100.0
Ghana,GHA,Access to electricity (% of population),EG.ELC.ACCS.ZS,2013,70.7
Gibraltar,GIB,Access to electricity (% of population),EG.ELC.ACCS.ZS,2013,99.9
Guinea,GIN,Access to electricity (% of population),EG.ELC.ACCS.ZS,2013,32.2
"Gambia, The",GMB,Access to electricity (% of population),EG.ELC.ACCS.ZS,2013,51.5
Guinea-Bissau,GNB,Access to electricity (% of population),EG.ELC.ACCS.ZS,2013,16.3
Equatorial Guinea,GNQ,Access to electricity (% of population),EG.ELC.ACCS.ZS,2013,65.9
Greece,GRC,Access to electricity (% of population),EG.ELC.ACCS.ZS,2013,100.0
Grenada,GRD,Access to electricity (% of population),EG.ELC.ACCS.ZS,2013,90.6
Greenland,GRL,Access to electricity (% of population),EG.ELC.ACCS.ZS,2013,100.0
Guatemala,GTM,Access to electricity (% of population),EG.ELC.ACCS.ZS,2013,88.1
Guam,GUM,Access to electricity (% of population),EG.ELC.ACCS.ZS,2013,100.0
Guyana,GUY,Access to electricity (% of population),EG.ELC.ACCS.ZS,2013,86.0
High income,HIC,Access to electricity (% of population),EG.ELC.ACCS.ZS,2013,99.89873838
"Hong Kong SAR, China",HKG,Access to electricity (% of population),EG.ELC.ACCS.ZS,2013,100.0
Honduras,HND,Access to electricity (% of population),EG.ELC.ACCS.ZS,2013,87.2
Heavily indebted poor countries (HIPC),HPC,Access to electricity (% of population),EG.ELC.ACCS.ZS,2013,32.881624
Croatia,HRV,Access to electricity (% of population),EG.ELC.ACCS.ZS,2013,100.0
Haiti,HTI,Access to electricity (% of population),EG.ELC.ACCS.ZS,2013,38.9
Hungary,HUN,Access to electricity (% of population),EG.ELC.ACCS.ZS,2013,100.0
IBRD only,IBD,Access to electricity (% of population),EG.ELC.ACCS.ZS,2013,93.78202831
IDA & IBRD total,IBT,Access to electricity (% of population),EG.ELC.ACCS.ZS,2013,83.36270536
IDA total,IDA,Access to electricity (% of population),EG.ELC.ACCS.ZS,2013,52.28530388
IDA blend,IDB,Access to electricity (% of population),EG.ELC.ACCS.ZS,2013,69.2012849
Indonesia,IDN,Access to electricity (% of population),EG.ELC.ACCS.ZS,2013,96.5
IDA only,IDX,Access to electricity (% of population),EG.ELC.ACCS.ZS,2013,42.99891873
Isle of Man,IMN,Access to electricity (% of population),EG.ELC.ACCS.ZS,2013,100.0
India,IND,Access to electricity (% of population),EG.ELC.ACCS.ZS,2013,83.1
Ireland,IRL,Access to electricity (% of population),EG.ELC.ACCS.ZS,2013,100.0
"Iran, Islamic Rep.",IRN,Access to electricity (% of population),EG.ELC.ACCS.ZS,2013,99.8
Iraq,IRQ,Access to electricity (% of population),EG.ELC.ACCS.ZS,2013,99.0
Iceland,ISL,Access to electricity (% of population),EG.ELC.ACCS.ZS,2013,100.0
Israel,ISR,Access to electricity (% of population),EG.ELC.ACCS.ZS,2013,100.0
Italy,ITA,Access to electricity (% of population),EG.ELC.ACCS.ZS,2013,100.0
Jamaica,JAM,Access to electricity (% of population),EG.ELC.ACCS.ZS,2013,93.9
Jordan,JOR,Access to electricity (% of population),EG.ELC.ACCS.ZS,2013,99.7
Japan,JPN,Access to electricity (% of population),EG.ELC.ACCS.ZS,2013,100.0
Kazakhstan,KAZ,Access to electricity (% of population),EG.ELC.ACCS.ZS,2013,100.0
Kenya,KEN,Access to electricity (% of population),EG.ELC.ACCS.ZS,2013,40.1
Kyrgyz Republic,KGZ,Access to electricity (% of population),EG.ELC.ACCS.ZS,2013,98.9
Cambodia,KHM,Access to electricity (% of population),EG.ELC.ACCS.ZS,2013,50.9
Kiribati,KIR,Access to electricity (% of population),EG.ELC.ACCS.ZS,2013,78.8
St. Kitts and Nevis,KNA,Access to electricity (% of population),EG.ELC.ACCS.ZS,2013,100.0
"Korea, Rep.",KOR,Access to electricity (% of population),EG.ELC.ACCS.ZS,2013,100.0
Kuwait,KWT,Access to electricity (% of population),EG.ELC.ACCS.ZS,2013,100.0
Latin America & Caribbean (excluding high income),LAC,Access to electricity (% of population),EG.ELC.ACCS.ZS,2013,96.77277037
Lao PDR,LAO,Access to electricity (% of population),EG.ELC.ACCS.ZS,2013,79.3
Lebanon,LBN,Access to electricity (% of population),EG.ELC.ACCS.ZS,2013,99.6
Liberia,LBR,Access to electricity (% of population),EG.ELC.ACCS.ZS,2013,9.8
Libya,LBY,Access to electricity (% of population),EG.ELC.ACCS.ZS,2013,77.1
St. Lucia,LCA,Access to electricity (% of population),EG.ELC.ACCS.ZS,2013,97.2
Latin America & Caribbean,LCN,Access to electricity (% of population),EG.ELC.ACCS.ZS,2013,96.86468223
Least developed countries: UN classification,LDC,Access to electricity (% of population),EG.ELC.ACCS.ZS,2013,38.22915625
Low income,LIC,Access to electricity (% of population),EG.ELC.ACCS.ZS,2013,30.89428178
Liechtenstein,LIE,Access to electricity (% of population),EG.ELC.ACCS.ZS,2013,100.0
Sri Lanka,LKA,Access to electricity (% of population),EG.ELC.ACCS.ZS,2013,90.2
Lower middle income,LMC,Access to electricity (% of population),EG.ELC.ACCS.ZS,2013,75.90686396
Low & middle income,LMY,Access to electricity (% of population),EG.ELC.ACCS.ZS,2013,82.53110518
Lesotho,LSO,Access to electricity (% of population),EG.ELC.ACCS.ZS,2013,26.9
Late-demographic dividend,LTE,Access to electricity (% of population),EG.ELC.ACCS.ZS,2013,98.89796745
Lithuania,LTU,Access to electricity (% of population),EG.ELC.ACCS.ZS,2013,100.0
Luxembourg,LUX,Access to electricity (% of population),EG.ELC.ACCS.ZS,2013,100.0
Latvia,LVA,Access to electricity (% of population),EG.ELC.ACCS.ZS,2013,100.0
"Macao SAR, China",MAC,Access to electricity (% of population),EG.ELC.ACCS.ZS,2013,100.0
St. Martin (French part),MAF,Access to electricity (% of population),EG.ELC.ACCS.ZS,2013,100.0
Morocco,MAR,Access to electricity (% of population),EG.ELC.ACCS.ZS,2013,97.2
Monaco,MCO,Access to electricity (% of population),EG.ELC.ACCS.ZS,2013,100.0
Moldova,MDA,Access to electricity (% of population),EG.ELC.ACCS.ZS,2013,99.6
Madagascar,MDG,Access to electricity (% of population),EG.ELC.ACCS.ZS,2013,12.9
Maldives,MDV,Access to electricity (% of population),EG.ELC.ACCS.ZS,2013,99.4
"Middle East, North Africa, Afghanistan & Pakistan",MEA,Access to electricity (% of population),EG.ELC.ACCS.ZS,2013,93.14796904
Mexico,MEX,Access to electricity (% of population),EG.ELC.ACCS.ZS,2013,99.1
Marshall Islands,MHL,Access to electricity (% of population),EG.ELC.ACCS.ZS,2013,90.9
Middle income,MIC,Access to electricity (% of population),EG.ELC.ACCS.ZS,2013,87.89259004
North Macedonia,MKD,Access to electricity (% of population),EG.ELC.ACCS.ZS,2013,99.7
Mali,MLI,Access to electricity (% of population),EG.ELC.ACCS.ZS,2013,32.4
Malta,MLT,Access to electricity (% of population),EG.ELC.ACCS.ZS,2013,100.0
Myanmar,MMR,Access to electricity (% of population),EG.ELC.ACCS.ZS,2013,56.5
"Middle East, North Africa, Afghanistan & Pakistan (excluding high income)",MNA,Access to electricity (% of population),EG.ELC.ACCS.ZS,2013,92.54101862
Montenegro,MNE,Access to electricity (% of population),EG.ELC.ACCS.ZS,2013,99.7
Mongolia,MNG,Access to electricity (% of population),EG.ELC.ACCS.ZS,2013,81.2
Northern Mariana Islands,MNP,Access to electricity (% of population),EG.ELC.ACCS.ZS,2013,100.0
Mozambique,MOZ,Access to electricity (% of population),EG.ELC.ACCS.ZS,2013,22.4
Mauritania,MRT,Access to electricity (% of population),EG.ELC.ACCS.ZS,2013,37.6
Mauritius,MUS,Access to electricity (% of population),EG.ELC.ACCS.ZS,2013,99.4
Malawi,MWI,Access to electricity (% of population),EG.ELC.ACCS.ZS,2013,9.0
Malaysia,MYS,Access to electricity (% of population),EG.ELC.ACCS.ZS,2013,99.6
North America,NAC,Access to electricity (% of population),EG.ELC.ACCS.ZS,2013,100.0
Namibia,NAM,Access to electricity (% of population),EG.ELC.ACCS.ZS,2013,47.4
New Caledonia,NCL,Access to electricity (% of population),EG.ELC.ACCS.ZS,2013,100.0
Niger,NER,Access to electricity (% of population),EG.ELC.ACCS.ZS,2013,15.2
Nigeria,NGA,Access to electricity (% of population),EG.ELC.ACCS.ZS,2013,55.6
Nicaragua,NIC,Access to electricity (% of population),EG.ELC.ACCS.ZS,2013,81.9
Netherlands,NLD,Access to electricity (% of population),EG.ELC.ACCS.ZS,2013,100.0
Norway,NOR,Access to electricity (% of population),EG.ELC.ACCS.ZS,2013,100.0
Nepal,NPL,Access to electricity (% of population),EG.ELC.ACCS.ZS,2013,77.4
Naoero,NRU,Access to electricity (% of population),EG.ELC.ACCS.ZS,2013,99.4
New Zealand,NZL,Access to electricity (% of population),EG.ELC.ACCS.ZS,2013,100.0
OECD members,OED,Access to electricity (% of population),EG.ELC.ACCS.ZS,2013,99.83503154
Oman,OMN,Access to electricity (% of population),EG.ELC.ACCS.ZS,2013,100.0
Other small states,OSS,Access to electricity (% of population),EG.ELC.ACCS.ZS,2013,84.06874578
Pakistan,PAK,Access to electricity (% of population),EG.ELC.ACCS.ZS,2013,89.3
Panama,PAN,Access to electricity (% of population),EG.ELC.ACCS.ZS,2013,89.1
Peru,PER,Access to electricity (% of population),EG.ELC.ACCS.ZS,2013,92.1
Philippines,PHL,Access to electricity (% of population),EG.ELC.ACCS.ZS,2013,87.5
Palau,PLW,Access to electricity (% of population),EG.ELC.ACCS.ZS,2013,99.2
Papua New Guinea,PNG,Access to electricity (% of population),EG.ELC.ACCS.ZS,2013,17.8
Poland,POL,Access to electricity (% of population),EG.ELC.ACCS.ZS,2013,100.0
Pre-demographic dividend,PRE,Access to electricity (% of population),EG.ELC.ACCS.ZS,2013,38.40959125
Puerto Rico (US),PRI,Access to electricity (% of population),EG.ELC.ACCS.ZS,2013,100.0
"Korea, Dem. People's Rep.",PRK,Access to electricity (% of population),EG.ELC.ACCS.ZS,2013,35.7
Portugal,PRT,Access to electricity (% of population),EG.ELC.ACCS.ZS,2013,100.0
Paraguay,PRY,Access to electricity (% of population),EG.ELC.ACCS.ZS,2013,99.0
West Bank and Gaza,PSE,Access to electricity (% of population),EG.ELC.ACCS.ZS,2013,99.9
Pacific island small states,PSS,Access to electricity (% of population),EG.ELC.ACCS.ZS,2013,72.66179843
Post-demographic dividend,PST,Access to electricity (% of population),EG.ELC.ACCS.ZS,2013,99.91888366
French Polynesia,PYF,Access to electricity (% of population),EG.ELC.ACCS.ZS,2013,100.0
Qatar,QAT,Access to electricity (% of population),EG.ELC.ACCS.ZS,2013,100.0
Romania,ROU,Access to electricity (% of population),EG.ELC.ACCS.ZS,2013,98.1
Russian Federation,RUS,Access to electricity (% of population),EG.ELC.ACCS.ZS,2013,100.0
Rwanda,RWA,Access to electricity (% of population),EG.ELC.ACCS.ZS,2013,15.2
South Asia,SAS,Access to electricity (% of population),EG.ELC.ACCS.ZS,2013,80.8474532
Saudi Arabia,SAU,Access to electricity (% of population),EG.ELC.ACCS.ZS,2013,100.0
Sudan,SDN,Access to electricity (% of population),EG.ELC.ACCS.ZS,2013,43.1
Senegal,SEN,Access to electricity (% of population),EG.ELC.ACCS.ZS,2013,57.0
Singapore,SGP,Access to electricity (% of population),EG.ELC.ACCS.ZS,2013,100.0
Solomon Islands,SLB,Access to electricity (% of population),EG.ELC.ACCS.ZS,2013,44.7
Sierra Leone,SLE,Access to electricity (% of population),EG.ELC.ACCS.ZS,2013,13.5
El Salvador,SLV,Access to electricity (% of population),EG.ELC.ACCS.ZS,2013,95.0
San Marino,SMR,Access to electricity (% of population),EG.ELC.ACCS.ZS,2013,100.0
"Somalia, Fed. Rep.",SOM,Access to electricity (% of population),EG.ELC.ACCS.ZS,2013,51.5
Serbia,SRB,Access to electricity (% of population),EG.ELC.ACCS.ZS,2013,99.9
Sub-Saharan Africa (excluding high income),SSA,Access to electricity (% of population),EG.ELC.ACCS.ZS,2013,38.02495921
South Sudan,SSD,Access to electricity (% of population),EG.ELC.ACCS.ZS,2013,3.8
Sub-Saharan Africa,SSF,Access to electricity (% of population),EG.ELC.ACCS.ZS,2013,38.03051647
Small states,SST,Access to electricity (% of population),EG.ELC.ACCS.ZS,2013,85.27048085
Sao Tome and Principe,STP,Access to electricity (% of population),EG.ELC.ACCS.ZS,2013,65.0
Suriname,SUR,Access to electricity (% of population),EG.ELC.ACCS.ZS,2013,94.6
Slovak Republic,SVK,Access to electricity (% of population),EG.ELC.ACCS.ZS,2013,100.0
Slovenia,SVN,Access to electricity (% of population),EG.ELC.ACCS.ZS,2013,100.0
Sweden,SWE,Access to electricity (% of population),EG.ELC.ACCS.ZS,2013,100.0
Eswatini,SWZ,Access to electricity (% of population),EG.ELC.ACCS.ZS,2013,57.5
Sint Maarten (Dutch part),SXM,Access to electricity (% of population),EG.ELC.ACCS.ZS,2013,100.0
Seychelles,SYC,Access to electricity (% of population),EG.ELC.ACCS.ZS,2013,98.0
Syrian Arab Republic,SYR,Access to electricity (% of population),EG.ELC.ACCS.ZS,2013,90.4
Turks and Caicos Islands,TCA,Access to electricity (% of population),EG.ELC.ACCS.ZS,2013,100.0
Chad,TCD,Access to electricity (% of population),EG.ELC.ACCS.ZS,2013,8.1
East Asia & Pacific (IDA & IBRD countries),TEA,Access to electricity (% of population),EG.ELC.ACCS.ZS,2013,96.85831263
Europe & Central Asia (IDA & IBRD countries),TEC,Access to electricity (% of population),EG.ELC.ACCS.ZS,2013,99.6978833
Togo,TGO,Access to electricity (% of population),EG.ELC.ACCS.ZS,2013,41.0
Thailand,THA,Access to electricity (% of population),EG.ELC.ACCS.ZS,2013,99.4
Tajikistan,TJK,Access to electricity (% of population),EG.ELC.ACCS.ZS,2013,99.0
Turkmenistan,TKM,Access to electricity (% of population),EG.ELC.ACCS.ZS,2013,99.9
Latin America & the Caribbean (IDA & IBRD countries),TLA,Access to electricity (% of population),EG.ELC.ACCS.ZS,2013,96.8091783
Timor-Leste,TLS,Access to electricity (% of population),EG.ELC.ACCS.ZS,2013,59.2
"Middle East, North Africa, Afghanistan & Pakistan (IDA & IBRD)",TMN,Access to electricity (% of population),EG.ELC.ACCS.ZS,2013,92.49176288
Tonga,TON,Access to electricity (% of population),EG.ELC.ACCS.ZS,2013,95.1
South Asia (IDA & IBRD),TSA,Access to electricity (% of population),EG.ELC.ACCS.ZS,2013,80.8474532
Sub-Saharan Africa (IDA & IBRD countries),TSS,Access to electricity (% of population),EG.ELC.ACCS.ZS,2013,38.03051647
Trinidad and Tobago,TTO,Access to electricity (% of population),EG.ELC.ACCS.ZS,2013,100.0
Tunisia,TUN,Access to electricity (% of population),EG.ELC.ACCS.ZS,2013,99.7
Turkiye,TUR,Access to electricity (% of population),EG.ELC.ACCS.ZS,2013,100.0
Tuvalu,TUV,Access to electricity (% of population),EG.ELC.ACCS.ZS,2013,97.6
Tanzania,TZA,Access to electricity (% of population),EG.ELC.ACCS.ZS,2013,16.4
Uganda,UGA,Access to electricity (% of population),EG.ELC.ACCS.ZS,2013,13.9
Ukraine,UKR,Access to electricity (% of population),EG.ELC.ACCS.ZS,2013,100.0
Upper middle income,UMC,Access to electricity (% of population),EG.ELC.ACCS.ZS,2013,98.34215604
Uruguay,URY,Access to electricity (% of population),EG.ELC.ACCS.ZS,2013,99.6
United States,USA,Access to electricity (% of population),EG.ELC.ACCS.ZS,2013,100.0
Uzbekistan,UZB,Access to electricity (% of population),EG.ELC.ACCS.ZS,2013,99.8
St. Vincent and the Grenadines,VCT,Access to electricity (% of population),EG.ELC.ACCS.ZS,2013,96.8
"Venezuela, RB",VEN,Access to electricity (% of population),EG.ELC.ACCS.ZS,2013,99.4
British Virgin Islands,VGB,Access to electricity (% of population),EG.ELC.ACCS.ZS,2013,99.1
Virgin Islands (U.S.),VIR,Access to electricity (% of population),EG.ELC.ACCS.ZS,2013,100.0
Viet Nam,VNM,Access to electricity (% of population),EG.ELC.ACCS.ZS,2013,98.5
Vanuatu,VUT,Access to electricity (% of population),EG.ELC.ACCS.ZS,2013,31.7
World,WLD,Access to electricity (% of population),EG.ELC.ACCS.ZS,2013,85.71369071
Samoa,WSM,Access to electricity (% of population),EG.ELC.ACCS.ZS,2013,97.0
"Yemen, Rep.",YEM,Access to electricity (% of population),EG.ELC.ACCS.ZS,2013,75.6
South Africa,ZAF,Access to electricity (% of population),EG.ELC.ACCS.ZS,2013,85.2
Zambia,ZMB,Access to electricity (% of population),EG.ELC.ACCS.ZS,2013,30.1
Zimbabwe,ZWE,Access to electricity (% of population),EG.ELC.ACCS.ZS,2013,40.6
Aruba,ABW,Access to electricity (% of population),EG.ELC.ACCS.ZS,2014,100.0
Africa Eastern and Southern,AFE,Access to electricity (% of population),EG.ELC.ACCS.ZS,2014,31.87195613
Afghanistan,AFG,Access to electricity (% of population),EG.ELC.ACCS.ZS,2014,89.5
Africa Western and Central,AFW,Access to electricity (% of population),EG.ELC.ACCS.ZS,2014,47.77008073
Angola,AGO,Access to electricity (% of population),EG.ELC.ACCS.ZS,2014,32.0
Albania,ALB,Access to electricity (% of population),EG.ELC.ACCS.ZS,2014,100.0
Andorra,AND,Access to electricity (% of population),EG.ELC.ACCS.ZS,2014,100.0
Arab World,ARB,Access to electricity (% of population),EG.ELC.ACCS.ZS,2014,88.40677671
United Arab Emirates,ARE,Access to electricity (% of population),EG.ELC.ACCS.ZS,2014,100.0
Argentina,ARG,Access to electricity (% of population),EG.ELC.ACCS.ZS,2014,100.0
Armenia,ARM,Access to electricity (% of population),EG.ELC.ACCS.ZS,2014,99.7
Antigua and Barbuda,ATG,Access to electricity (% of population),EG.ELC.ACCS.ZS,2014,100.0
Australia,AUS,Access to electricity (% of population),EG.ELC.ACCS.ZS,2014,100.0
Austria,AUT,Access to electricity (% of population),EG.ELC.ACCS.ZS,2014,100.0
Azerbaijan,AZE,Access to electricity (% of population),EG.ELC.ACCS.ZS,2014,100.0
Burundi,BDI,Access to electricity (% of population),EG.ELC.ACCS.ZS,2014,7.0
Belgium,BEL,Access to electricity (% of population),EG.ELC.ACCS.ZS,2014,100.0
Benin,BEN,Access to electricity (% of population),EG.ELC.ACCS.ZS,2014,34.1
Burkina Faso,BFA,Access to electricity (% of population),EG.ELC.ACCS.ZS,2014,19.2
Bangladesh,BGD,Access to electricity (% of population),EG.ELC.ACCS.ZS,2014,62.4
Bulgaria,BGR,Access to electricity (% of population),EG.ELC.ACCS.ZS,2014,95.9
Bahrain,BHR,Access to electricity (% of population),EG.ELC.ACCS.ZS,2014,100.0
"Bahamas, The",BHS,Access to electricity (% of population),EG.ELC.ACCS.ZS,2014,100.0
Bosnia and Herzegovina,BIH,Access to electricity (% of population),EG.ELC.ACCS.ZS,2014,99.9
Belarus,BLR,Access to electricity (% of population),EG.ELC.ACCS.ZS,2014,96.8
Belize,BLZ,Access to electricity (% of population),EG.ELC.ACCS.ZS,2014,91.5
Bermuda,BMU,Access to electricity (% of population),EG.ELC.ACCS.ZS,2014,100.0
Bolivia,BOL,Access to electricity (% of population),EG.ELC.ACCS.ZS,2014,90.0
Brazil,BRA,Access to electricity (% of population),EG.ELC.ACCS.ZS,2014,99.7
Barbados,BRB,Access to electricity (% of population),EG.ELC.ACCS.ZS,2014,100.0
Brunei Darussalam,BRN,Access to electricity (% of population),EG.ELC.ACCS.ZS,2014,100.0
Bhutan,BTN,Access to electricity (% of population),EG.ELC.ACCS.ZS,2014,91.4
Botswana,BWA,Access to electricity (% of population),EG.ELC.ACCS.ZS,2014,60.0
Central African Republic,CAF,Access to electricity (% of population),EG.ELC.ACCS.ZS,2014,12.0
Canada,CAN,Access to electricity (% of population),EG.ELC.ACCS.ZS,2014,100.0
Central Europe and the Baltics,CEB,Access to electricity (% of population),EG.ELC.ACCS.ZS,2014,99.41076946
Switzerland,CHE,Access to electricity (% of population),EG.ELC.ACCS.ZS,2014,100.0
Channel Islands,CHI,Access to electricity (% of population),EG.ELC.ACCS.ZS,2014,100.0
Chile,CHL,Access to electricity (% of population),EG.ELC.ACCS.ZS,2014,100.0
China,CHN,Access to electricity (% of population),EG.ELC.ACCS.ZS,2014,100.0
Cote d'Ivoire,CIV,Access to electricity (% of population),EG.ELC.ACCS.ZS,2014,61.9
Cameroon,CMR,Access to electricity (% of population),EG.ELC.ACCS.ZS,2014,56.8
"Congo, Dem. Rep.",COD,Access to electricity (% of population),EG.ELC.ACCS.ZS,2014,13.5
"Congo, Rep.",COG,Access to electricity (% of population),EG.ELC.ACCS.ZS,2014,43.4
Colombia,COL,Access to electricity (% of population),EG.ELC.ACCS.ZS,2014,97.8
Comoros,COM,Access to electricity (% of population),EG.ELC.ACCS.ZS,2014,71.8
Cabo Verde,CPV,Access to electricity (% of population),EG.ELC.ACCS.ZS,2014,85.3
Costa Rica,CRI,Access to electricity (% of population),EG.ELC.ACCS.ZS,2014,99.4
Caribbean small states,CSS,Access to electricity (% of population),EG.ELC.ACCS.ZS,2014,95.84321965
Cuba,CUB,Access to electricity (% of population),EG.ELC.ACCS.ZS,2014,98.7
Curacao,CUW,Access to electricity (% of population),EG.ELC.ACCS.ZS,2014,100.0
Cayman Islands,CYM,Access to electricity (% of population),EG.ELC.ACCS.ZS,2014,100.0
Cyprus,CYP,Access to electricity (% of population),EG.ELC.ACCS.ZS,2014,100.0
Czechia,CZE,Access to electricity (% of population),EG.ELC.ACCS.ZS,2014,100.0
Germany,DEU,Access to electricity (% of population),EG.ELC.ACCS.ZS,2014,100.0
Djibouti,DJI,Access to electricity (% of population),EG.ELC.ACCS.ZS,2014,58.9
Dominica,DMA,Access to electricity (% of population),EG.ELC.ACCS.ZS,2014,95.7
Denmark,DNK,Access to electricity (% of population),EG.ELC.ACCS.ZS,2014,100.0
Dominican Republic,DOM,Access to electricity (% of population),EG.ELC.ACCS.ZS,2014,98.5
Algeria,DZA,Access to electricity (% of population),EG.ELC.ACCS.ZS,2014,99.3
East Asia & Pacific (excluding high income),EAP,Access to electricity (% of population),EG.ELC.ACCS.ZS,2014,96.27409936
Early-demographic dividend,EAR,Access to electricity (% of population),EG.ELC.ACCS.ZS,2014,84.75200884
East Asia & Pacific,EAS,Access to electricity (% of population),EG.ELC.ACCS.ZS,2014,96.63755958
Europe & Central Asia (excluding high income),ECA,Access to electricity (% of population),EG.ELC.ACCS.ZS,2014,99.78477241
Europe & Central Asia,ECS,Access to electricity (% of population),EG.ELC.ACCS.ZS,2014,99.87613697
Ecuador,ECU,Access to electricity (% of population),EG.ELC.ACCS.ZS,2014,99.0
"Egypt, Arab Rep.",EGY,Access to electricity (% of population),EG.ELC.ACCS.ZS,2014,99.8
Euro area,EMU,Access to electricity (% of population),EG.ELC.ACCS.ZS,2014,99.91697261
Eritrea,ERI,Access to electricity (% of population),EG.ELC.ACCS.ZS,2014,44.6
Spain,ESP,Access to electricity (% of population),EG.ELC.ACCS.ZS,2014,100.0
Estonia,EST,Access to electricity (% of population),EG.ELC.ACCS.ZS,2014,100.0
Ethiopia,ETH,Access to electricity (% of population),EG.ELC.ACCS.ZS,2014,27.2
European Union,EUU,Access to electricity (% of population),EG.ELC.ACCS.ZS,2014,99.86260296
Finland,FIN,Access to electricity (% of population),EG.ELC.ACCS.ZS,2014,100.0
Fiji,FJI,Access to electricity (% of population),EG.ELC.ACCS.ZS,2014,93.0
France,FRA,Access to electricity (% of population),EG.ELC.ACCS.ZS,2014,100.0
Faroe Islands,FRO,Access to electricity (% of population),EG.ELC.ACCS.ZS,2014,100.0
"Micronesia, Fed. Sts.",FSM,Access to electricity (% of population),EG.ELC.ACCS.ZS,2014,71.2
Gabon,GAB,Access to electricity (% of population),EG.ELC.ACCS.ZS,2014,87.1
United Kingdom,GBR,Access to electricity (% of population),EG.ELC.ACCS.ZS,2014,100.0
Georgia,GEO,Access to electricity (% of population),EG.ELC.ACCS.ZS,2014,100.0
Ghana,GHA,Access to electricity (% of population),EG.ELC.ACCS.ZS,2014,78.3
Gibraltar,GIB,Access to electricity (% of population),EG.ELC.ACCS.ZS,2014,99.9
Guinea,GIN,Access to electricity (% of population),EG.ELC.ACCS.ZS,2014,33.5
"Gambia, The",GMB,Access to electricity (% of population),EG.ELC.ACCS.ZS,2014,53.0
Guinea-Bissau,GNB,Access to electricity (% of population),EG.ELC.ACCS.ZS,2014,17.2
Equatorial Guinea,GNQ,Access to electricity (% of population),EG.ELC.ACCS.ZS,2014,66.0
Greece,GRC,Access to electricity (% of population),EG.ELC.ACCS.ZS,2014,100.0
Grenada,GRD,Access to electricity (% of population),EG.ELC.ACCS.ZS,2014,91.0
Greenland,GRL,Access to electricity (% of population),EG.ELC.ACCS.ZS,2014,100.0
Guatemala,GTM,Access to electricity (% of population),EG.ELC.ACCS.ZS,2014,85.5
Guam,GUM,Access to electricity (% of population),EG.ELC.ACCS.ZS,2014,100.0
Guyana,GUY,Access to electricity (% of population),EG.ELC.ACCS.ZS,2014,86.9
High income,HIC,Access to electricity (% of population),EG.ELC.ACCS.ZS,2014,99.91720738
"Hong Kong SAR, China",HKG,Access to electricity (% of population),EG.ELC.ACCS.ZS,2014,100.0
Honduras,HND,Access to electricity (% of population),EG.ELC.ACCS.ZS,2014,88.7
Heavily indebted poor countries (HIPC),HPC,Access to electricity (% of population),EG.ELC.ACCS.ZS,2014,35.33553896
Croatia,HRV,Access to electricity (% of population),EG.ELC.ACCS.ZS,2014,100.0
Haiti,HTI,Access to electricity (% of population),EG.ELC.ACCS.ZS,2014,39.6
Hungary,HUN,Access to electricity (% of population),EG.ELC.ACCS.ZS,2014,100.0
IBRD only,IBD,Access to electricity (% of population),EG.ELC.ACCS.ZS,2014,94.42387146
IDA & IBRD total,IBT,Access to electricity (% of population),EG.ELC.ACCS.ZS,2014,83.94280795
IDA total,IDA,Access to electricity (% of population),EG.ELC.ACCS.ZS,2014,53.00306747
IDA blend,IDB,Access to electricity (% of population),EG.ELC.ACCS.ZS,2014,68.47499012
Indonesia,IDN,Access to electricity (% of population),EG.ELC.ACCS.ZS,2014,97.0
IDA only,IDX,Access to electricity (% of population),EG.ELC.ACCS.ZS,2014,44.51126931
Isle of Man,IMN,Access to electricity (% of population),EG.ELC.ACCS.ZS,2014,100.0
India,IND,Access to electricity (% of population),EG.ELC.ACCS.ZS,2014,85.1
Ireland,IRL,Access to electricity (% of population),EG.ELC.ACCS.ZS,2014,100.0
"Iran, Islamic Rep.",IRN,Access to electricity (% of population),EG.ELC.ACCS.ZS,2014,100.0
Iraq,IRQ,Access to electricity (% of population),EG.ELC.ACCS.ZS,2014,99.2
Iceland,ISL,Access to electricity (% of population),EG.ELC.ACCS.ZS,2014,100.0
Israel,ISR,Access to electricity (% of population),EG.ELC.ACCS.ZS,2014,100.0
Italy,ITA,Access to electricity (% of population),EG.ELC.ACCS.ZS,2014,100.0
Jamaica,JAM,Access to electricity (% of population),EG.ELC.ACCS.ZS,2014,93.3
Jordan,JOR,Access to electricity (% of population),EG.ELC.ACCS.ZS,2014,99.8
Japan,JPN,Access to electricity (% of population),EG.ELC.ACCS.ZS,2014,100.0
Kazakhstan,KAZ,Access to electricity (% of population),EG.ELC.ACCS.ZS,2014,100.0
Kenya,KEN,Access to electricity (% of population),EG.ELC.ACCS.ZS,2014,36.0
Kyrgyz Republic,KGZ,Access to electricity (% of population),EG.ELC.ACCS.ZS,2014,99.8
Cambodia,KHM,Access to electricity (% of population),EG.ELC.ACCS.ZS,2014,56.1
Kiribati,KIR,Access to electricity (% of population),EG.ELC.ACCS.ZS,2014,83.4
St. Kitts and Nevis,KNA,Access to electricity (% of population),EG.ELC.ACCS.ZS,2014,100.0
"Korea, Rep.",KOR,Access to electricity (% of population),EG.ELC.ACCS.ZS,2014,100.0
Kuwait,KWT,Access to electricity (% of population),EG.ELC.ACCS.ZS,2014,100.0
Latin America & Caribbean (excluding high income),LAC,Access to electricity (% of population),EG.ELC.ACCS.ZS,2014,96.95118995
Lao PDR,LAO,Access to electricity (% of population),EG.ELC.ACCS.ZS,2014,82.5
Lebanon,LBN,Access to electricity (% of population),EG.ELC.ACCS.ZS,2014,99.7
Liberia,LBR,Access to electricity (% of population),EG.ELC.ACCS.ZS,2014,9.4
Libya,LBY,Access to electricity (% of population),EG.ELC.ACCS.ZS,2014,75.5
St. Lucia,LCA,Access to electricity (% of population),EG.ELC.ACCS.ZS,2014,98.1
Latin America & Caribbean,LCN,Access to electricity (% of population),EG.ELC.ACCS.ZS,2014,97.05402542
Least developed countries: UN classification,LDC,Access to electricity (% of population),EG.ELC.ACCS.ZS,2014,39.48428816
Low income,LIC,Access to electricity (% of population),EG.ELC.ACCS.ZS,2014,32.19902354
Liechtenstein,LIE,Access to electricity (% of population),EG.ELC.ACCS.ZS,2014,100.0
Sri Lanka,LKA,Access to electricity (% of population),EG.ELC.ACCS.ZS,2014,92.7
Lower middle income,LMC,Access to electricity (% of population),EG.ELC.ACCS.ZS,2014,77.03988438
Low & middle income,LMY,Access to electricity (% of population),EG.ELC.ACCS.ZS,2014,83.14536695
Lesotho,LSO,Access to electricity (% of population),EG.ELC.ACCS.ZS,2014,27.8
Late-demographic dividend,LTE,Access to electricity (% of population),EG.ELC.ACCS.ZS,2014,99.00433942
Lithuania,LTU,Access to electricity (% of population),EG.ELC.ACCS.ZS,2014,100.0
Luxembourg,LUX,Access to electricity (% of population),EG.ELC.ACCS.ZS,2014,100.0
Latvia,LVA,Access to electricity (% of population),EG.ELC.ACCS.ZS,2014,100.0
"Macao SAR, China",MAC,Access to electricity (% of population),EG.ELC.ACCS.ZS,2014,100.0
St. Martin (French part),MAF,Access to electricity (% of population),EG.ELC.ACCS.ZS,2014,100.0
Morocco,MAR,Access to electricity (% of population),EG.ELC.ACCS.ZS,2014,97.3
Monaco,MCO,Access to electricity (% of population),EG.ELC.ACCS.ZS,2014,100.0
Moldova,MDA,Access to electricity (% of population),EG.ELC.ACCS.ZS,2014,99.8
Madagascar,MDG,Access to electricity (% of population),EG.ELC.ACCS.ZS,2014,23.0
Maldives,MDV,Access to electricity (% of population),EG.ELC.ACCS.ZS,2014,100.0
"Middle East, North Africa, Afghanistan & Pakistan",MEA,Access to electricity (% of population),EG.ELC.ACCS.ZS,2014,94.03209567
Mexico,MEX,Access to electricity (% of population),EG.ELC.ACCS.ZS,2014,99.2
Marshall Islands,MHL,Access to electricity (% of population),EG.ELC.ACCS.ZS,2014,91.5
Middle income,MIC,Access to electricity (% of population),EG.ELC.ACCS.ZS,2014,88.50020278
North Macedonia,MKD,Access to electricity (% of population),EG.ELC.ACCS.ZS,2014,99.8
Mali,MLI,Access to electricity (% of population),EG.ELC.ACCS.ZS,2014,34.2
Malta,MLT,Access to electricity (% of population),EG.ELC.ACCS.ZS,2014,100.0
Myanmar,MMR,Access to electricity (% of population),EG.ELC.ACCS.ZS,2014,52.0
"Middle East, North Africa, Afghanistan & Pakistan (excluding high income)",MNA,Access to electricity (% of population),EG.ELC.ACCS.ZS,2014,93.49554087
Montenegro,MNE,Access to electricity (% of population),EG.ELC.ACCS.ZS,2014,97.7
Mongolia,MNG,Access to electricity (% of population),EG.ELC.ACCS.ZS,2014,86.0
Northern Mariana Islands,MNP,Access to electricity (% of population),EG.ELC.ACCS.ZS,2014,100.0
Mozambique,MOZ,Access to electricity (% of population),EG.ELC.ACCS.ZS,2014,24.8
Mauritania,MRT,Access to electricity (% of population),EG.ELC.ACCS.ZS,2014,38.8
Mauritius,MUS,Access to electricity (% of population),EG.ELC.ACCS.ZS,2014,99.5
Malawi,MWI,Access to electricity (% of population),EG.ELC.ACCS.ZS,2014,11.9
Malaysia,MYS,Access to electricity (% of population),EG.ELC.ACCS.ZS,2014,99.7
North America,NAC,Access to electricity (% of population),EG.ELC.ACCS.ZS,2014,100.0
Namibia,NAM,Access to electricity (% of population),EG.ELC.ACCS.ZS,2014,48.4
New Caledonia,NCL,Access to electricity (% of population),EG.ELC.ACCS.ZS,2014,100.0
Niger,NER,Access to electricity (% of population),EG.ELC.ACCS.ZS,2014,15.7
Nigeria,NGA,Access to electricity (% of population),EG.ELC.ACCS.ZS,2014,54.2
Nicaragua,NIC,Access to electricity (% of population),EG.ELC.ACCS.ZS,2014,81.9
Netherlands,NLD,Access to electricity (% of population),EG.ELC.ACCS.ZS,2014,100.0
Norway,NOR,Access to electricity (% of population),EG.ELC.ACCS.ZS,2014,100.0
Nepal,NPL,Access to electricity (% of population),EG.ELC.ACCS.ZS,2014,84.9
Naoero,NRU,Access to electricity (% of population),EG.ELC.ACCS.ZS,2014,99.5
New Zealand,NZL,Access to electricity (% of population),EG.ELC.ACCS.ZS,2014,100.0
OECD members,OED,Access to electricity (% of population),EG.ELC.ACCS.ZS,2014,99.84802577
Oman,OMN,Access to electricity (% of population),EG.ELC.ACCS.ZS,2014,100.0
Other small states,OSS,Access to electricity (% of population),EG.ELC.ACCS.ZS,2014,85.54369196
Pakistan,PAK,Access to electricity (% of population),EG.ELC.ACCS.ZS,2014,90.1
Panama,PAN,Access to electricity (% of population),EG.ELC.ACCS.ZS,2014,90.8
Peru,PER,Access to electricity (% of population),EG.ELC.ACCS.ZS,2014,92.9
Philippines,PHL,Access to electricity (% of population),EG.ELC.ACCS.ZS,2014,89.8
Palau,PLW,Access to electricity (% of population),EG.ELC.ACCS.ZS,2014,99.8
Papua New Guinea,PNG,Access to electricity (% of population),EG.ELC.ACCS.ZS,2014,18.1
Poland,POL,Access to electricity (% of population),EG.ELC.ACCS.ZS,2014,100.0
Pre-demographic dividend,PRE,Access to electricity (% of population),EG.ELC.ACCS.ZS,2014,39.89036948
Puerto Rico (US),PRI,Access to electricity (% of population),EG.ELC.ACCS.ZS,2014,100.0
"Korea, Dem. People's Rep.",PRK,Access to electricity (% of population),EG.ELC.ACCS.ZS,2014,37.8
Portugal,PRT,Access to electricity (% of population),EG.ELC.ACCS.ZS,2014,100.0
Paraguay,PRY,Access to electricity (% of population),EG.ELC.ACCS.ZS,2014,99.0
West Bank and Gaza,PSE,Access to electricity (% of population),EG.ELC.ACCS.ZS,2014,99.9
Pacific island small states,PSS,Access to electricity (% of population),EG.ELC.ACCS.ZS,2014,76.57540311
Post-demographic dividend,PST,Access to electricity (% of population),EG.ELC.ACCS.ZS,2014,99.93205561
French Polynesia,PYF,Access to electricity (% of population),EG.ELC.ACCS.ZS,2014,100.0
Qatar,QAT,Access to electricity (% of population),EG.ELC.ACCS.ZS,2014,100.0
Romania,ROU,Access to electricity (% of population),EG.ELC.ACCS.ZS,2014,98.4
Russian Federation,RUS,Access to electricity (% of population),EG.ELC.ACCS.ZS,2014,100.0
Rwanda,RWA,Access to electricity (% of population),EG.ELC.ACCS.ZS,2014,19.8
South Asia,SAS,Access to electricity (% of population),EG.ELC.ACCS.ZS,2014,82.84802243
Saudi Arabia,SAU,Access to electricity (% of population),EG.ELC.ACCS.ZS,2014,100.0
Sudan,SDN,Access to electricity (% of population),EG.ELC.ACCS.ZS,2014,44.9
Senegal,SEN,Access to electricity (% of population),EG.ELC.ACCS.ZS,2014,61.0
Singapore,SGP,Access to electricity (% of population),EG.ELC.ACCS.ZS,2014,100.0
Solomon Islands,SLB,Access to electricity (% of population),EG.ELC.ACCS.ZS,2014,50.5
Sierra Leone,SLE,Access to electricity (% of population),EG.ELC.ACCS.ZS,2014,18.8
El Salvador,SLV,Access to electricity (% of population),EG.ELC.ACCS.ZS,2014,95.1
San Marino,SMR,Access to electricity (% of population),EG.ELC.ACCS.ZS,2014,100.0
"Somalia, Fed. Rep.",SOM,Access to electricity (% of population),EG.ELC.ACCS.ZS,2014,51.4
Serbia,SRB,Access to electricity (% of population),EG.ELC.ACCS.ZS,2014,99.7
Sub-Saharan Africa (excluding high income),SSA,Access to electricity (% of population),EG.ELC.ACCS.ZS,2014,38.34489108
South Sudan,SSD,Access to electricity (% of population),EG.ELC.ACCS.ZS,2014,4.3
Sub-Saharan Africa,SSF,Access to electricity (% of population),EG.ELC.ACCS.ZS,2014,38.35053836
Small states,SST,Access to electricity (% of population),EG.ELC.ACCS.ZS,2014,86.77356378
Sao Tome and Principe,STP,Access to electricity (% of population),EG.ELC.ACCS.ZS,2014,68.6
Suriname,SUR,Access to electricity (% of population),EG.ELC.ACCS.ZS,2014,94.6
Slovak Republic,SVK,Access to electricity (% of population),EG.ELC.ACCS.ZS,2014,100.0
Slovenia,SVN,Access to electricity (% of population),EG.ELC.ACCS.ZS,2014,100.0
Sweden,SWE,Access to electricity (% of population),EG.ELC.ACCS.ZS,2014,100.0
Eswatini,SWZ,Access to electricity (% of population),EG.ELC.ACCS.ZS,2014,65.0
Sint Maarten (Dutch part),SXM,Access to electricity (% of population),EG.ELC.ACCS.ZS,2014,100.0
Seychelles,SYC,Access to electricity (% of population),EG.ELC.ACCS.ZS,2014,100.0
Syrian Arab Republic,SYR,Access to electricity (% of population),EG.ELC.ACCS.ZS,2014,90.2
Turks and Caicos Islands,TCA,Access to electricity (% of population),EG.ELC.ACCS.ZS,2014,100.0
Chad,TCD,Access to electricity (% of population),EG.ELC.ACCS.ZS,2014,8.4
East Asia & Pacific (IDA & IBRD countries),TEA,Access to electricity (% of population),EG.ELC.ACCS.ZS,2014,97.01274231
Europe & Central Asia (IDA & IBRD countries),TEC,Access to electricity (% of population),EG.ELC.ACCS.ZS,2014,99.75159032
Togo,TGO,Access to electricity (% of population),EG.ELC.ACCS.ZS,2014,45.7
Thailand,THA,Access to electricity (% of population),EG.ELC.ACCS.ZS,2014,99.5
Tajikistan,TJK,Access to electricity (% of population),EG.ELC.ACCS.ZS,2014,99.1
Turkmenistan,TKM,Access to electricity (% of population),EG.ELC.ACCS.ZS,2014,100.0
Latin America & the Caribbean (IDA & IBRD countries),TLA,Access to electricity (% of population),EG.ELC.ACCS.ZS,2014,97.0005517
Timor-Leste,TLS,Access to electricity (% of population),EG.ELC.ACCS.ZS,2014,62.4
"Middle East, North Africa, Afghanistan & Pakistan (IDA & IBRD)",TMN,Access to electricity (% of population),EG.ELC.ACCS.ZS,2014,93.45245776
Tonga,TON,Access to electricity (% of population),EG.ELC.ACCS.ZS,2014,95.9
South Asia (IDA & IBRD),TSA,Access to electricity (% of population),EG.ELC.ACCS.ZS,2014,82.84802243
Sub-Saharan Africa (IDA & IBRD countries),TSS,Access to electricity (% of population),EG.ELC.ACCS.ZS,2014,38.35053836
Trinidad and Tobago,TTO,Access to electricity (% of population),EG.ELC.ACCS.ZS,2014,100.0
Tunisia,TUN,Access to electricity (% of population),EG.ELC.ACCS.ZS,2014,99.8
Turkiye,TUR,Access to electricity (% of population),EG.ELC.ACCS.ZS,2014,100.0
Tuvalu,TUV,Access to electricity (% of population),EG.ELC.ACCS.ZS,2014,97.9
Tanzania,TZA,Access to electricity (% of population),EG.ELC.ACCS.ZS,2014,23.5
Uganda,UGA,Access to electricity (% of population),EG.ELC.ACCS.ZS,2014,20.4
Ukraine,UKR,Access to electricity (% of population),EG.ELC.ACCS.ZS,2014,100.0
Upper middle income,UMC,Access to electricity (% of population),EG.ELC.ACCS.ZS,2014,98.55682066
Uruguay,URY,Access to electricity (% of population),EG.ELC.ACCS.ZS,2014,99.7
United States,USA,Access to electricity (% of population),EG.ELC.ACCS.ZS,2014,100.0
Uzbekistan,UZB,Access to electricity (% of population),EG.ELC.ACCS.ZS,2014,99.8
St. Vincent and the Grenadines,VCT,Access to electricity (% of population),EG.ELC.ACCS.ZS,2014,98.1
"Venezuela, RB",VEN,Access to electricity (% of population),EG.ELC.ACCS.ZS,2014,100.0
British Virgin Islands,VGB,Access to electricity (% of population),EG.ELC.ACCS.ZS,2014,99.2
Virgin Islands (U.S.),VIR,Access to electricity (% of population),EG.ELC.ACCS.ZS,2014,100.0
Viet Nam,VNM,Access to electricity (% of population),EG.ELC.ACCS.ZS,2014,99.2
Vanuatu,VUT,Access to electricity (% of population),EG.ELC.ACCS.ZS,2014,49.1
World,WLD,Access to electricity (% of population),EG.ELC.ACCS.ZS,2014,86.19853744
Samoa,WSM,Access to electricity (% of population),EG.ELC.ACCS.ZS,2014,97.9
"Yemen, Rep.",YEM,Access to electricity (% of population),EG.ELC.ACCS.ZS,2014,66.1
South Africa,ZAF,Access to electricity (% of population),EG.ELC.ACCS.ZS,2014,85.9
Zambia,ZMB,Access to electricity (% of population),EG.ELC.ACCS.ZS,2014,27.9
Zimbabwe,ZWE,Access to electricity (% of population),EG.ELC.ACCS.ZS,2014,32.3
Aruba,ABW,Access to electricity (% of population),EG.ELC.ACCS.ZS,2015,100.0
Africa Eastern and Southern,AFE,Access to electricity (% of population),EG.ELC.ACCS.ZS,2015,33.92227566
Afghanistan,AFG,Access to electricity (% of population),EG.ELC.ACCS.ZS,2015,71.5
Africa Western and Central,AFW,Access to electricity (% of population),EG.ELC.ACCS.ZS,2015,46.86548263
Angola,AGO,Access to electricity (% of population),EG.ELC.ACCS.ZS,2015,42.0
Albania,ALB,Access to electricity (% of population),EG.ELC.ACCS.ZS,2015,100.0
Andorra,AND,Access to electricity (% of population),EG.ELC.ACCS.ZS,2015,100.0
Arab World,ARB,Access to electricity (% of population),EG.ELC.ACCS.ZS,2015,88.66164314
United Arab Emirates,ARE,Access to electricity (% of population),EG.ELC.ACCS.ZS,2015,100.0
Argentina,ARG,Access to electricity (% of population),EG.ELC.ACCS.ZS,2015,99.7
Armenia,ARM,Access to electricity (% of population),EG.ELC.ACCS.ZS,2015,100.0
Antigua and Barbuda,ATG,Access to electricity (% of population),EG.ELC.ACCS.ZS,2015,100.0
Australia,AUS,Access to electricity (% of population),EG.ELC.ACCS.ZS,2015,100.0
Austria,AUT,Access to electricity (% of population),EG.ELC.ACCS.ZS,2015,100.0
Azerbaijan,AZE,Access to electricity (% of population),EG.ELC.ACCS.ZS,2015,100.0
Burundi,BDI,Access to electricity (% of population),EG.ELC.ACCS.ZS,2015,7.9
Belgium,BEL,Access to electricity (% of population),EG.ELC.ACCS.ZS,2015,100.0
Benin,BEN,Access to electricity (% of population),EG.ELC.ACCS.ZS,2015,29.6
Burkina Faso,BFA,Access to electricity (% of population),EG.ELC.ACCS.ZS,2015,16.2
Bangladesh,BGD,Access to electricity (% of population),EG.ELC.ACCS.ZS,2015,74.0
Bulgaria,BGR,Access to electricity (% of population),EG.ELC.ACCS.ZS,2015,96.6
Bahrain,BHR,Access to electricity (% of population),EG.ELC.ACCS.ZS,2015,100.0
"Bahamas, The",BHS,Access to electricity (% of population),EG.ELC.ACCS.ZS,2015,100.0
Bosnia and Herzegovina,BIH,Access to electricity (% of population),EG.ELC.ACCS.ZS,2015,99.7
Belarus,BLR,Access to electricity (% of population),EG.ELC.ACCS.ZS,2015,97.4
Belize,BLZ,Access to electricity (% of population),EG.ELC.ACCS.ZS,2015,91.8
Bermuda,BMU,Access to electricity (% of population),EG.ELC.ACCS.ZS,2015,100.0
Bolivia,BOL,Access to electricity (% of population),EG.ELC.ACCS.ZS,2015,91.5
Brazil,BRA,Access to electricity (% of population),EG.ELC.ACCS.ZS,2015,99.7
Barbados,BRB,Access to electricity (% of population),EG.ELC.ACCS.ZS,2015,100.0
Brunei Darussalam,BRN,Access to electricity (% of population),EG.ELC.ACCS.ZS,2015,100.0
Bhutan,BTN,Access to electricity (% of population),EG.ELC.ACCS.ZS,2015,95.4
Botswana,BWA,Access to electricity (% of population),EG.ELC.ACCS.ZS,2015,62.1
Central African Republic,CAF,Access to electricity (% of population),EG.ELC.ACCS.ZS,2015,12.7
Canada,CAN,Access to electricity (% of population),EG.ELC.ACCS.ZS,2015,100.0
Central Europe and the Baltics,CEB,Access to electricity (% of population),EG.ELC.ACCS.ZS,2015,99.53847099
Switzerland,CHE,Access to electricity (% of population),EG.ELC.ACCS.ZS,2015,100.0
Channel Islands,CHI,Access to electricity (% of population),EG.ELC.ACCS.ZS,2015,100.0
Chile,CHL,Access to electricity (% of population),EG.ELC.ACCS.ZS,2015,99.7
China,CHN,Access to electricity (% of population),EG.ELC.ACCS.ZS,2015,100.0
Cote d'Ivoire,CIV,Access to electricity (% of population),EG.ELC.ACCS.ZS,2015,62.6
Cameroon,CMR,Access to electricity (% of population),EG.ELC.ACCS.ZS,2015,58.6
"Congo, Dem. Rep.",COD,Access to electricity (% of population),EG.ELC.ACCS.ZS,2015,16.6
"Congo, Rep.",COG,Access to electricity (% of population),EG.ELC.ACCS.ZS,2015,44.3
Colombia,COL,Access to electricity (% of population),EG.ELC.ACCS.ZS,2015,98.2
Comoros,COM,Access to electricity (% of population),EG.ELC.ACCS.ZS,2015,74.1
Cabo Verde,CPV,Access to electricity (% of population),EG.ELC.ACCS.ZS,2015,86.4
Costa Rica,CRI,Access to electricity (% of population),EG.ELC.ACCS.ZS,2015,99.4
Caribbean small states,CSS,Access to electricity (% of population),EG.ELC.ACCS.ZS,2015,96.20019485
Cuba,CUB,Access to electricity (% of population),EG.ELC.ACCS.ZS,2015,99.0
Curacao,CUW,Access to electricity (% of population),EG.ELC.ACCS.ZS,2015,100.0
Cayman Islands,CYM,Access to electricity (% of population),EG.ELC.ACCS.ZS,2015,100.0
Cyprus,CYP,Access to electricity (% of population),EG.ELC.ACCS.ZS,2015,100.0
Czechia,CZE,Access to electricity (% of population),EG.ELC.ACCS.ZS,2015,100.0
Germany,DEU,Access to electricity (% of population),EG.ELC.ACCS.ZS,2015,100.0
Djibouti,DJI,Access to electricity (% of population),EG.ELC.ACCS.ZS,2015,59.1
Dominica,DMA,Access to electricity (% of population),EG.ELC.ACCS.ZS,2015,96.7
Denmark,DNK,Access to electricity (% of population),EG.ELC.ACCS.ZS,2015,100.0
Dominican Republic,DOM,Access to electricity (% of population),EG.ELC.ACCS.ZS,2015,98.6
Algeria,DZA,Access to electricity (% of population),EG.ELC.ACCS.ZS,2015,99.4
East Asia & Pacific (excluding high income),EAP,Access to electricity (% of population),EG.ELC.ACCS.ZS,2015,96.62182507
Early-demographic dividend,EAR,Access to electricity (% of population),EG.ELC.ACCS.ZS,2015,86.82715446
East Asia & Pacific,EAS,Access to electricity (% of population),EG.ELC.ACCS.ZS,2015,96.95005996
Europe & Central Asia (excluding high income),ECA,Access to electricity (% of population),EG.ELC.ACCS.ZS,2015,99.76765899
Europe & Central Asia,ECS,Access to electricity (% of population),EG.ELC.ACCS.ZS,2015,99.16777934
Ecuador,ECU,Access to electricity (% of population),EG.ELC.ACCS.ZS,2015,98.8
"Egypt, Arab Rep.",EGY,Access to electricity (% of population),EG.ELC.ACCS.ZS,2015,99.3
Euro area,EMU,Access to electricity (% of population),EG.ELC.ACCS.ZS,2015,99.93218516
Eritrea,ERI,Access to electricity (% of population),EG.ELC.ACCS.ZS,2015,45.8
Spain,ESP,Access to electricity (% of population),EG.ELC.ACCS.ZS,2015,100.0
Estonia,EST,Access to electricity (% of population),EG.ELC.ACCS.ZS,2015,100.0
Ethiopia,ETH,Access to electricity (% of population),EG.ELC.ACCS.ZS,2015,29.0
European Union,EUU,Access to electricity (% of population),EG.ELC.ACCS.ZS,2015,99.8929116
Finland,FIN,Access to electricity (% of population),EG.ELC.ACCS.ZS,2015,100.0
Fiji,FJI,Access to electricity (% of population),EG.ELC.ACCS.ZS,2015,93.2
France,FRA,Access to electricity (% of population),EG.ELC.ACCS.ZS,2015,100.0
Faroe Islands,FRO,Access to electricity (% of population),EG.ELC.ACCS.ZS,2015,100.0
"Micronesia, Fed. Sts.",FSM,Access to electricity (% of population),EG.ELC.ACCS.ZS,2015,73.0
Gabon,GAB,Access to electricity (% of population),EG.ELC.ACCS.ZS,2015,87.3
United Kingdom,GBR,Access to electricity (% of population),EG.ELC.ACCS.ZS,2015,100.0
Georgia,GEO,Access to electricity (% of population),EG.ELC.ACCS.ZS,2015,100.0
Ghana,GHA,Access to electricity (% of population),EG.ELC.ACCS.ZS,2015,74.0
Gibraltar,GIB,Access to electricity (% of population),EG.ELC.ACCS.ZS,2015,100.0
Guinea,GIN,Access to electricity (% of population),EG.ELC.ACCS.ZS,2015,34.9
"Gambia, The",GMB,Access to electricity (% of population),EG.ELC.ACCS.ZS,2015,54.7
Guinea-Bissau,GNB,Access to electricity (% of population),EG.ELC.ACCS.ZS,2015,20.1
Equatorial Guinea,GNQ,Access to electricity (% of population),EG.ELC.ACCS.ZS,2015,66.1
Greece,GRC,Access to electricity (% of population),EG.ELC.ACCS.ZS,2015,100.0
Grenada,GRD,Access to electricity (% of population),EG.ELC.ACCS.ZS,2015,91.4
Greenland,GRL,Access to electricity (% of population),EG.ELC.ACCS.ZS,2015,100.0
Guatemala,GTM,Access to electricity (% of population),EG.ELC.ACCS.ZS,2015,90.5
Guam,GUM,Access to electricity (% of population),EG.ELC.ACCS.ZS,2015,100.0
Guyana,GUY,Access to electricity (% of population),EG.ELC.ACCS.ZS,2015,88.0
High income,HIC,Access to electricity (% of population),EG.ELC.ACCS.ZS,2015,99.44125559
"Hong Kong SAR, China",HKG,Access to electricity (% of population),EG.ELC.ACCS.ZS,2015,100.0
Honduras,HND,Access to electricity (% of population),EG.ELC.ACCS.ZS,2015,90.0
Heavily indebted poor countries (HIPC),HPC,Access to electricity (% of population),EG.ELC.ACCS.ZS,2015,35.44578791
Croatia,HRV,Access to electricity (% of population),EG.ELC.ACCS.ZS,2015,100.0
Haiti,HTI,Access to electricity (% of population),EG.ELC.ACCS.ZS,2015,40.8
Hungary,HUN,Access to electricity (% of population),EG.ELC.ACCS.ZS,2015,100.0
IBRD only,IBD,Access to electricity (% of population),EG.ELC.ACCS.ZS,2015,95.17680534
IDA & IBRD total,IBT,Access to electricity (% of population),EG.ELC.ACCS.ZS,2015,84.80587209
IDA total,IDA,Access to electricity (% of population),EG.ELC.ACCS.ZS,2015,54.52602775
IDA blend,IDB,Access to electricity (% of population),EG.ELC.ACCS.ZS,2015,68.78683249
Indonesia,IDN,Access to electricity (% of population),EG.ELC.ACCS.ZS,2015,97.5
IDA only,IDX,Access to electricity (% of population),EG.ELC.ACCS.ZS,2015,46.70714567
Isle of Man,IMN,Access to electricity (% of population),EG.ELC.ACCS.ZS,2015,100.0
India,IND,Access to electricity (% of population),EG.ELC.ACCS.ZS,2015,88.0
Ireland,IRL,Access to electricity (% of population),EG.ELC.ACCS.ZS,2015,100.0
"Iran, Islamic Rep.",IRN,Access to electricity (% of population),EG.ELC.ACCS.ZS,2015,100.0
Iraq,IRQ,Access to electricity (% of population),EG.ELC.ACCS.ZS,2015,99.4
Iceland,ISL,Access to electricity (% of population),EG.ELC.ACCS.ZS,2015,100.0
Israel,ISR,Access to electricity (% of population),EG.ELC.ACCS.ZS,2015,100.0
Italy,ITA,Access to electricity (% of population),EG.ELC.ACCS.ZS,2015,100.0
Jamaica,JAM,Access to electricity (% of population),EG.ELC.ACCS.ZS,2015,94.9
Jordan,JOR,Access to electricity (% of population),EG.ELC.ACCS.ZS,2015,99.9
Japan,JPN,Access to electricity (% of population),EG.ELC.ACCS.ZS,2015,100.0
Kazakhstan,KAZ,Access to electricity (% of population),EG.ELC.ACCS.ZS,2015,100.0
Kenya,KEN,Access to electricity (% of population),EG.ELC.ACCS.ZS,2015,41.6
Kyrgyz Republic,KGZ,Access to electricity (% of population),EG.ELC.ACCS.ZS,2015,98.7
Cambodia,KHM,Access to electricity (% of population),EG.ELC.ACCS.ZS,2015,62.7
Kiribati,KIR,Access to electricity (% of population),EG.ELC.ACCS.ZS,2015,90.6
St. Kitts and Nevis,KNA,Access to electricity (% of population),EG.ELC.ACCS.ZS,2015,100.0
"Korea, Rep.",KOR,Access to electricity (% of population),EG.ELC.ACCS.ZS,2015,100.0
Kuwait,KWT,Access to electricity (% of population),EG.ELC.ACCS.ZS,2015,100.0
Latin America & Caribbean (excluding high income),LAC,Access to electricity (% of population),EG.ELC.ACCS.ZS,2015,97.19983884
Lao PDR,LAO,Access to electricity (% of population),EG.ELC.ACCS.ZS,2015,89.7
Lebanon,LBN,Access to electricity (% of population),EG.ELC.ACCS.ZS,2015,99.7
Liberia,LBR,Access to electricity (% of population),EG.ELC.ACCS.ZS,2015,15.2
Libya,LBY,Access to electricity (% of population),EG.ELC.ACCS.ZS,2015,73.8
St. Lucia,LCA,Access to electricity (% of population),EG.ELC.ACCS.ZS,2015,99.0
Latin America & Caribbean,LCN,Access to electricity (% of population),EG.ELC.ACCS.ZS,2015,97.28472761
Least developed countries: UN classification,LDC,Access to electricity (% of population),EG.ELC.ACCS.ZS,2015,42.31125967
Low income,LIC,Access to electricity (% of population),EG.ELC.ACCS.ZS,2015,32.19447413
Liechtenstein,LIE,Access to electricity (% of population),EG.ELC.ACCS.ZS,2015,100.0
Sri Lanka,LKA,Access to electricity (% of population),EG.ELC.ACCS.ZS,2015,94.3
Lower middle income,LMC,Access to electricity (% of population),EG.ELC.ACCS.ZS,2015,79.58983155
Low & middle income,LMY,Access to electricity (% of population),EG.ELC.ACCS.ZS,2015,84.16117417
Lesotho,LSO,Access to electricity (% of population),EG.ELC.ACCS.ZS,2015,31.8
Late-demographic dividend,LTE,Access to electricity (% of population),EG.ELC.ACCS.ZS,2015,98.78022173
Lithuania,LTU,Access to electricity (% of population),EG.ELC.ACCS.ZS,2015,100.0
Luxembourg,LUX,Access to electricity (% of population),EG.ELC.ACCS.ZS,2015,100.0
Latvia,LVA,Access to electricity (% of population),EG.ELC.ACCS.ZS,2015,100.0
"Macao SAR, China",MAC,Access to electricity (% of population),EG.ELC.ACCS.ZS,2015,100.0
St. Martin (French part),MAF,Access to electricity (% of population),EG.ELC.ACCS.ZS,2015,100.0
Morocco,MAR,Access to electricity (% of population),EG.ELC.ACCS.ZS,2015,97.3
Monaco,MCO,Access to electricity (% of population),EG.ELC.ACCS.ZS,2015,100.0
Moldova,MDA,Access to electricity (% of population),EG.ELC.ACCS.ZS,2015,99.9
Madagascar,MDG,Access to electricity (% of population),EG.ELC.ACCS.ZS,2015,23.8
Maldives,MDV,Access to electricity (% of population),EG.ELC.ACCS.ZS,2015,99.8
"Middle East, North Africa, Afghanistan & Pakistan",MEA,Access to electricity (% of population),EG.ELC.ACCS.ZS,2015,93.43606555
Mexico,MEX,Access to electricity (% of population),EG.ELC.ACCS.ZS,2015,99.0
Marshall Islands,MHL,Access to electricity (% of population),EG.ELC.ACCS.ZS,2015,92.1
Middle income,MIC,Access to electricity (% of population),EG.ELC.ACCS.ZS,2015,89.6952303
North Macedonia,MKD,Access to electricity (% of population),EG.ELC.ACCS.ZS,2015,99.9
Mali,MLI,Access to electricity (% of population),EG.ELC.ACCS.ZS,2015,37.6
Malta,MLT,Access to electricity (% of population),EG.ELC.ACCS.ZS,2015,100.0
Myanmar,MMR,Access to electricity (% of population),EG.ELC.ACCS.ZS,2015,60.5
"Middle East, North Africa, Afghanistan & Pakistan (excluding high income)",MNA,Access to electricity (% of population),EG.ELC.ACCS.ZS,2015,92.82776349
Montenegro,MNE,Access to electricity (% of population),EG.ELC.ACCS.ZS,2015,99.5
Mongolia,MNG,Access to electricity (% of population),EG.ELC.ACCS.ZS,2015,88.0
Northern Mariana Islands,MNP,Access to electricity (% of population),EG.ELC.ACCS.ZS,2015,100.0
Mozambique,MOZ,Access to electricity (% of population),EG.ELC.ACCS.ZS,2015,24.0
Mauritania,MRT,Access to electricity (% of population),EG.ELC.ACCS.ZS,2015,39.5
Mauritius,MUS,Access to electricity (% of population),EG.ELC.ACCS.ZS,2015,99.6
Malawi,MWI,Access to electricity (% of population),EG.ELC.ACCS.ZS,2015,10.8
Malaysia,MYS,Access to electricity (% of population),EG.ELC.ACCS.ZS,2015,99.9
North America,NAC,Access to electricity (% of population),EG.ELC.ACCS.ZS,2015,100.0
Namibia,NAM,Access to electricity (% of population),EG.ELC.ACCS.ZS,2015,51.6
New Caledonia,NCL,Access to electricity (% of population),EG.ELC.ACCS.ZS,2015,100.0
Niger,NER,Access to electricity (% of population),EG.ELC.ACCS.ZS,2015,16.6
Nigeria,NGA,Access to electricity (% of population),EG.ELC.ACCS.ZS,2015,52.5
Nicaragua,NIC,Access to electricity (% of population),EG.ELC.ACCS.ZS,2015,83.2
Netherlands,NLD,Access to electricity (% of population),EG.ELC.ACCS.ZS,2015,100.0
Norway,NOR,Access to electricity (% of population),EG.ELC.ACCS.ZS,2015,100.0
Nepal,NPL,Access to electricity (% of population),EG.ELC.ACCS.ZS,2015,82.0
Naoero,NRU,Access to electricity (% of population),EG.ELC.ACCS.ZS,2015,99.0
New Zealand,NZL,Access to electricity (% of population),EG.ELC.ACCS.ZS,2015,100.0
OECD members,OED,Access to electricity (% of population),EG.ELC.ACCS.ZS,2015,99.83935762
Oman,OMN,Access to electricity (% of population),EG.ELC.ACCS.ZS,2015,100.0
Other small states,OSS,Access to electricity (% of population),EG.ELC.ACCS.ZS,2015,86.45203305
Pakistan,PAK,Access to electricity (% of population),EG.ELC.ACCS.ZS,2015,91.0
Panama,PAN,Access to electricity (% of population),EG.ELC.ACCS.ZS,2015,91.6
Peru,PER,Access to electricity (% of population),EG.ELC.ACCS.ZS,2015,93.9
Philippines,PHL,Access to electricity (% of population),EG.ELC.ACCS.ZS,2015,89.1
Palau,PLW,Access to electricity (% of population),EG.ELC.ACCS.ZS,2015,99.5
Papua New Guinea,PNG,Access to electricity (% of population),EG.ELC.ACCS.ZS,2015,18.4
Poland,POL,Access to electricity (% of population),EG.ELC.ACCS.ZS,2015,100.0
Pre-demographic dividend,PRE,Access to electricity (% of population),EG.ELC.ACCS.ZS,2015,40.11655354
Puerto Rico (US),PRI,Access to electricity (% of population),EG.ELC.ACCS.ZS,2015,100.0
"Korea, Dem. People's Rep.",PRK,Access to electricity (% of population),EG.ELC.ACCS.ZS,2015,40.0
Portugal,PRT,Access to electricity (% of population),EG.ELC.ACCS.ZS,2015,100.0
Paraguay,PRY,Access to electricity (% of population),EG.ELC.ACCS.ZS,2015,99.3
West Bank and Gaza,PSE,Access to electricity (% of population),EG.ELC.ACCS.ZS,2015,99.9
Pacific island small states,PSS,Access to electricity (% of population),EG.ELC.ACCS.ZS,2015,78.5477895
Post-demographic dividend,PST,Access to electricity (% of population),EG.ELC.ACCS.ZS,2015,99.94473414
French Polynesia,PYF,Access to electricity (% of population),EG.ELC.ACCS.ZS,2015,100.0
Qatar,QAT,Access to electricity (% of population),EG.ELC.ACCS.ZS,2015,100.0
Romania,ROU,Access to electricity (% of population),EG.ELC.ACCS.ZS,2015,98.8
Russian Federation,RUS,Access to electricity (% of population),EG.ELC.ACCS.ZS,2015,95.5
Rwanda,RWA,Access to electricity (% of population),EG.ELC.ACCS.ZS,2015,22.8
South Asia,SAS,Access to electricity (% of population),EG.ELC.ACCS.ZS,2015,86.53277846
Saudi Arabia,SAU,Access to electricity (% of population),EG.ELC.ACCS.ZS,2015,100.0
Sudan,SDN,Access to electricity (% of population),EG.ELC.ACCS.ZS,2015,48.0
Senegal,SEN,Access to electricity (% of population),EG.ELC.ACCS.ZS,2015,60.5
Singapore,SGP,Access to electricity (% of population),EG.ELC.ACCS.ZS,2015,100.0
Solomon Islands,SLB,Access to electricity (% of population),EG.ELC.ACCS.ZS,2015,55.1
Sierra Leone,SLE,Access to electricity (% of population),EG.ELC.ACCS.ZS,2015,19.7
El Salvador,SLV,Access to electricity (% of population),EG.ELC.ACCS.ZS,2015,95.4
San Marino,SMR,Access to electricity (% of population),EG.ELC.ACCS.ZS,2015,100.0
"Somalia, Fed. Rep.",SOM,Access to electricity (% of population),EG.ELC.ACCS.ZS,2015,51.2
Serbia,SRB,Access to electricity (% of population),EG.ELC.ACCS.ZS,2015,99.9
Sub-Saharan Africa (excluding high income),SSA,Access to electricity (% of population),EG.ELC.ACCS.ZS,2015,39.19092981
South Sudan,SSD,Access to electricity (% of population),EG.ELC.ACCS.ZS,2015,4.8
Sub-Saharan Africa,SSF,Access to electricity (% of population),EG.ELC.ACCS.ZS,2015,39.19647382
Small states,SST,Access to electricity (% of population),EG.ELC.ACCS.ZS,2015,87.68139289
Sao Tome and Principe,STP,Access to electricity (% of population),EG.ELC.ACCS.ZS,2015,67.3
Suriname,SUR,Access to electricity (% of population),EG.ELC.ACCS.ZS,2015,95.0
Slovak Republic,SVK,Access to electricity (% of population),EG.ELC.ACCS.ZS,2015,100.0
Slovenia,SVN,Access to electricity (% of population),EG.ELC.ACCS.ZS,2015,100.0
Sweden,SWE,Access to electricity (% of population),EG.ELC.ACCS.ZS,2015,100.0
Eswatini,SWZ,Access to electricity (% of population),EG.ELC.ACCS.ZS,2015,64.1
Sint Maarten (Dutch part),SXM,Access to electricity (% of population),EG.ELC.ACCS.ZS,2015,100.0
Seychelles,SYC,Access to electricity (% of population),EG.ELC.ACCS.ZS,2015,100.0
Syrian Arab Republic,SYR,Access to electricity (% of population),EG.ELC.ACCS.ZS,2015,90.0
Turks and Caicos Islands,TCA,Access to electricity (% of population),EG.ELC.ACCS.ZS,2015,100.0
Chad,TCD,Access to electricity (% of population),EG.ELC.ACCS.ZS,2015,7.7
East Asia & Pacific (IDA & IBRD countries),TEA,Access to electricity (% of population),EG.ELC.ACCS.ZS,2015,97.33504701
Europe & Central Asia (IDA & IBRD countries),TEC,Access to electricity (% of population),EG.ELC.ACCS.ZS,2015,98.33189255
Togo,TGO,Access to electricity (% of population),EG.ELC.ACCS.ZS,2015,44.7
Thailand,THA,Access to electricity (% of population),EG.ELC.ACCS.ZS,2015,99.6
Tajikistan,TJK,Access to electricity (% of population),EG.ELC.ACCS.ZS,2015,98.0
Turkmenistan,TKM,Access to electricity (% of population),EG.ELC.ACCS.ZS,2015,100.0
Latin America & the Caribbean (IDA & IBRD countries),TLA,Access to electricity (% of population),EG.ELC.ACCS.ZS,2015,97.23239205
Timor-Leste,TLS,Access to electricity (% of population),EG.ELC.ACCS.ZS,2015,67.3
"Middle East, North Africa, Afghanistan & Pakistan (IDA & IBRD)",TMN,Access to electricity (% of population),EG.ELC.ACCS.ZS,2015,92.77991064
Tonga,TON,Access to electricity (% of population),EG.ELC.ACCS.ZS,2015,100.0
South Asia (IDA & IBRD),TSA,Access to electricity (% of population),EG.ELC.ACCS.ZS,2015,86.53277846
Sub-Saharan Africa (IDA & IBRD countries),TSS,Access to electricity (% of population),EG.ELC.ACCS.ZS,2015,39.19647382
Trinidad and Tobago,TTO,Access to electricity (% of population),EG.ELC.ACCS.ZS,2015,100.0
Tunisia,TUN,Access to electricity (% of population),EG.ELC.ACCS.ZS,2015,99.9
Turkiye,TUR,Access to electricity (% of population),EG.ELC.ACCS.ZS,2015,100.0
Tuvalu,TUV,Access to electricity (% of population),EG.ELC.ACCS.ZS,2015,98.1
Tanzania,TZA,Access to electricity (% of population),EG.ELC.ACCS.ZS,2015,26.2
Uganda,UGA,Access to electricity (% of population),EG.ELC.ACCS.ZS,2015,18.5
Ukraine,UKR,Access to electricity (% of population),EG.ELC.ACCS.ZS,2015,100.0
Upper middle income,UMC,Access to electricity (% of population),EG.ELC.ACCS.ZS,2015,98.61851663
Uruguay,URY,Access to electricity (% of population),EG.ELC.ACCS.ZS,2015,99.7
United States,USA,Access to electricity (% of population),EG.ELC.ACCS.ZS,2015,100.0
Uzbekistan,UZB,Access to electricity (% of population),EG.ELC.ACCS.ZS,2015,99.9
St. Vincent and the Grenadines,VCT,Access to electricity (% of population),EG.ELC.ACCS.ZS,2015,99.4
"Venezuela, RB",VEN,Access to electricity (% of population),EG.ELC.ACCS.ZS,2015,100.0
British Virgin Islands,VGB,Access to electricity (% of population),EG.ELC.ACCS.ZS,2015,100.0
Virgin Islands (U.S.),VIR,Access to electricity (% of population),EG.ELC.ACCS.ZS,2015,100.0
Viet Nam,VNM,Access to electricity (% of population),EG.ELC.ACCS.ZS,2015,99.3
Vanuatu,VUT,Access to electricity (% of population),EG.ELC.ACCS.ZS,2015,52.3
World,WLD,Access to electricity (% of population),EG.ELC.ACCS.ZS,2015,86.92736676
Samoa,WSM,Access to electricity (% of population),EG.ELC.ACCS.ZS,2015,98.2
"Yemen, Rep.",YEM,Access to electricity (% of population),EG.ELC.ACCS.ZS,2015,67.4
South Africa,ZAF,Access to electricity (% of population),EG.ELC.ACCS.ZS,2015,85.3
Zambia,ZMB,Access to electricity (% of population),EG.ELC.ACCS.ZS,2015,31.1
Zimbabwe,ZWE,Access to electricity (% of population),EG.ELC.ACCS.ZS,2015,33.7
Aruba,ABW,Access to electricity (% of population),EG.ELC.ACCS.ZS,2016,100.0
Africa Eastern and Southern,AFE,Access to electricity (% of population),EG.ELC.ACCS.ZS,2016,38.85959766
Afghanistan,AFG,Access to electricity (% of population),EG.ELC.ACCS.ZS,2016,97.7
Africa Western and Central,AFW,Access to electricity (% of population),EG.ELC.ACCS.ZS,2016,51.05163555
Angola,AGO,Access to electricity (% of population),EG.ELC.ACCS.ZS,2016,41.8
Albania,ALB,Access to electricity (% of population),EG.ELC.ACCS.ZS,2016,99.9
Andorra,AND,Access to electricity (% of population),EG.ELC.ACCS.ZS,2016,100.0
Arab World,ARB,Access to electricity (% of population),EG.ELC.ACCS.ZS,2016,89.18617106
United Arab Emirates,ARE,Access to electricity (% of population),EG.ELC.ACCS.ZS,2016,100.0
Argentina,ARG,Access to electricity (% of population),EG.ELC.ACCS.ZS,2016,99.9
Armenia,ARM,Access to electricity (% of population),EG.ELC.ACCS.ZS,2016,99.8
Antigua and Barbuda,ATG,Access to electricity (% of population),EG.ELC.ACCS.ZS,2016,100.0
Australia,AUS,Access to electricity (% of population),EG.ELC.ACCS.ZS,2016,100.0
Austria,AUT,Access to electricity (% of population),EG.ELC.ACCS.ZS,2016,100.0
Azerbaijan,AZE,Access to electricity (% of population),EG.ELC.ACCS.ZS,2016,100.0
Burundi,BDI,Access to electricity (% of population),EG.ELC.ACCS.ZS,2016,8.5
Belgium,BEL,Access to electricity (% of population),EG.ELC.ACCS.ZS,2016,100.0
Benin,BEN,Access to electricity (% of population),EG.ELC.ACCS.ZS,2016,37.0
Burkina Faso,BFA,Access to electricity (% of population),EG.ELC.ACCS.ZS,2016,16.6
Bangladesh,BGD,Access to electricity (% of population),EG.ELC.ACCS.ZS,2016,75.9
Bulgaria,BGR,Access to electricity (% of population),EG.ELC.ACCS.ZS,2016,97.3
Bahrain,BHR,Access to electricity (% of population),EG.ELC.ACCS.ZS,2016,100.0
"Bahamas, The",BHS,Access to electricity (% of population),EG.ELC.ACCS.ZS,2016,100.0
Bosnia and Herzegovina,BIH,Access to electricity (% of population),EG.ELC.ACCS.ZS,2016,100.0
Belarus,BLR,Access to electricity (% of population),EG.ELC.ACCS.ZS,2016,98.0
Belize,BLZ,Access to electricity (% of population),EG.ELC.ACCS.ZS,2016,93.3
Bermuda,BMU,Access to electricity (% of population),EG.ELC.ACCS.ZS,2016,100.0
Bolivia,BOL,Access to electricity (% of population),EG.ELC.ACCS.ZS,2016,91.8
Brazil,BRA,Access to electricity (% of population),EG.ELC.ACCS.ZS,2016,99.7
Barbados,BRB,Access to electricity (% of population),EG.ELC.ACCS.ZS,2016,100.0
Brunei Darussalam,BRN,Access to electricity (% of population),EG.ELC.ACCS.ZS,2016,100.0
Bhutan,BTN,Access to electricity (% of population),EG.ELC.ACCS.ZS,2016,99.3
Botswana,BWA,Access to electricity (% of population),EG.ELC.ACCS.ZS,2016,64.2
Central African Republic,CAF,Access to electricity (% of population),EG.ELC.ACCS.ZS,2016,13.4
Canada,CAN,Access to electricity (% of population),EG.ELC.ACCS.ZS,2016,100.0
Central Europe and the Baltics,CEB,Access to electricity (% of population),EG.ELC.ACCS.ZS,2016,99.64591383
Switzerland,CHE,Access to electricity (% of population),EG.ELC.ACCS.ZS,2016,100.0
Channel Islands,CHI,Access to electricity (% of population),EG.ELC.ACCS.ZS,2016,100.0
Chile,CHL,Access to electricity (% of population),EG.ELC.ACCS.ZS,2016,100.0
China,CHN,Access to electricity (% of population),EG.ELC.ACCS.ZS,2016,100.0
Cote d'Ivoire,CIV,Access to electricity (% of population),EG.ELC.ACCS.ZS,2016,64.3
Cameroon,CMR,Access to electricity (% of population),EG.ELC.ACCS.ZS,2016,59.8
"Congo, Dem. Rep.",COD,Access to electricity (% of population),EG.ELC.ACCS.ZS,2016,17.3
"Congo, Rep.",COG,Access to electricity (% of population),EG.ELC.ACCS.ZS,2016,45.3
Colombia,COL,Access to electricity (% of population),EG.ELC.ACCS.ZS,2016,98.4
Comoros,COM,Access to electricity (% of population),EG.ELC.ACCS.ZS,2016,76.4
Cabo Verde,CPV,Access to electricity (% of population),EG.ELC.ACCS.ZS,2016,87.5
Costa Rica,CRI,Access to electricity (% of population),EG.ELC.ACCS.ZS,2016,99.5
Caribbean small states,CSS,Access to electricity (% of population),EG.ELC.ACCS.ZS,2016,96.66568678
Cuba,CUB,Access to electricity (% of population),EG.ELC.ACCS.ZS,2016,99.2
Curacao,CUW,Access to electricity (% of population),EG.ELC.ACCS.ZS,2016,100.0
Cayman Islands,CYM,Access to electricity (% of population),EG.ELC.ACCS.ZS,2016,100.0
Cyprus,CYP,Access to electricity (% of population),EG.ELC.ACCS.ZS,2016,100.0
Czechia,CZE,Access to electricity (% of population),EG.ELC.ACCS.ZS,2016,100.0
Germany,DEU,Access to electricity (% of population),EG.ELC.ACCS.ZS,2016,100.0
Djibouti,DJI,Access to electricity (% of population),EG.ELC.ACCS.ZS,2016,59.8
Dominica,DMA,Access to electricity (% of population),EG.ELC.ACCS.ZS,2016,97.8
Denmark,DNK,Access to electricity (% of population),EG.ELC.ACCS.ZS,2016,100.0
Dominican Republic,DOM,Access to electricity (% of population),EG.ELC.ACCS.ZS,2016,98.9
Algeria,DZA,Access to electricity (% of population),EG.ELC.ACCS.ZS,2016,99.4
East Asia & Pacific (excluding high income),EAP,Access to electricity (% of population),EG.ELC.ACCS.ZS,2016,96.71653419
Early-demographic dividend,EAR,Access to electricity (% of population),EG.ELC.ACCS.ZS,2016,88.34944813
East Asia & Pacific,EAS,Access to electricity (% of population),EG.ELC.ACCS.ZS,2016,97.03439658
Europe & Central Asia (excluding high income),ECA,Access to electricity (% of population),EG.ELC.ACCS.ZS,2016,99.86596003
Europe & Central Asia,ECS,Access to electricity (% of population),EG.ELC.ACCS.ZS,2016,99.82899003
Ecuador,ECU,Access to electricity (% of population),EG.ELC.ACCS.ZS,2016,98.7
"Egypt, Arab Rep.",EGY,Access to electricity (% of population),EG.ELC.ACCS.ZS,2016,100.0
Euro area,EMU,Access to electricity (% of population),EG.ELC.ACCS.ZS,2016,99.94697226
Eritrea,ERI,Access to electricity (% of population),EG.ELC.ACCS.ZS,2016,46.9
Spain,ESP,Access to electricity (% of population),EG.ELC.ACCS.ZS,2016,100.0
Estonia,EST,Access to electricity (% of population),EG.ELC.ACCS.ZS,2016,100.0
Ethiopia,ETH,Access to electricity (% of population),EG.ELC.ACCS.ZS,2016,42.9
European Union,EUU,Access to electricity (% of population),EG.ELC.ACCS.ZS,2016,99.91826372
Finland,FIN,Access to electricity (% of population),EG.ELC.ACCS.ZS,2016,100.0
Fiji,FJI,Access to electricity (% of population),EG.ELC.ACCS.ZS,2016,93.4
France,FRA,Access to electricity (% of population),EG.ELC.ACCS.ZS,2016,100.0
Faroe Islands,FRO,Access to electricity (% of population),EG.ELC.ACCS.ZS,2016,100.0
"Micronesia, Fed. Sts.",FSM,Access to electricity (% of population),EG.ELC.ACCS.ZS,2016,74.8
Gabon,GAB,Access to electricity (% of population),EG.ELC.ACCS.ZS,2016,88.1
United Kingdom,GBR,Access to electricity (% of population),EG.ELC.ACCS.ZS,2016,100.0
Georgia,GEO,Access to electricity (% of population),EG.ELC.ACCS.ZS,2016,100.0
Ghana,GHA,Access to electricity (% of population),EG.ELC.ACCS.ZS,2016,79.3
Gibraltar,GIB,Access to electricity (% of population),EG.ELC.ACCS.ZS,2016,100.0
Guinea,GIN,Access to electricity (% of population),EG.ELC.ACCS.ZS,2016,33.5
"Gambia, The",GMB,Access to electricity (% of population),EG.ELC.ACCS.ZS,2016,56.4
Guinea-Bissau,GNB,Access to electricity (% of population),EG.ELC.ACCS.ZS,2016,22.9
Equatorial Guinea,GNQ,Access to electricity (% of population),EG.ELC.ACCS.ZS,2016,66.2
Greece,GRC,Access to electricity (% of population),EG.ELC.ACCS.ZS,2016,100.0
Grenada,GRD,Access to electricity (% of population),EG.ELC.ACCS.ZS,2016,91.8
Greenland,GRL,Access to electricity (% of population),EG.ELC.ACCS.ZS,2016,100.0
Guatemala,GTM,Access to electricity (% of population),EG.ELC.ACCS.ZS,2016,91.8
Guam,GUM,Access to electricity (% of population),EG.ELC.ACCS.ZS,2016,100.0
Guyana,GUY,Access to electricity (% of population),EG.ELC.ACCS.ZS,2016,89.0
High income,HIC,Access to electricity (% of population),EG.ELC.ACCS.ZS,2016,99.87493983
"Hong Kong SAR, China",HKG,Access to electricity (% of population),EG.ELC.ACCS.ZS,2016,100.0
Honduras,HND,Access to electricity (% of population),EG.ELC.ACCS.ZS,2016,91.6
Heavily indebted poor countries (HIPC),HPC,Access to electricity (% of population),EG.ELC.ACCS.ZS,2016,40.58251416
Croatia,HRV,Access to electricity (% of population),EG.ELC.ACCS.ZS,2016,100.0
Haiti,HTI,Access to electricity (% of population),EG.ELC.ACCS.ZS,2016,40.4
Hungary,HUN,Access to electricity (% of population),EG.ELC.ACCS.ZS,2016,100.0
IBRD only,IBD,Access to electricity (% of population),EG.ELC.ACCS.ZS,2016,95.8363716
IDA & IBRD total,IBT,Access to electricity (% of population),EG.ELC.ACCS.ZS,2016,86.202044
IDA total,IDA,Access to electricity (% of population),EG.ELC.ACCS.ZS,2016,58.39953492
IDA blend,IDB,Access to electricity (% of population),EG.ELC.ACCS.ZS,2016,72.54603491
Indonesia,IDN,Access to electricity (% of population),EG.ELC.ACCS.ZS,2016,97.6
IDA only,IDX,Access to electricity (% of population),EG.ELC.ACCS.ZS,2016,50.6626258
Isle of Man,IMN,Access to electricity (% of population),EG.ELC.ACCS.ZS,2016,100.0
India,IND,Access to electricity (% of population),EG.ELC.ACCS.ZS,2016,89.6
Ireland,IRL,Access to electricity (% of population),EG.ELC.ACCS.ZS,2016,100.0
"Iran, Islamic Rep.",IRN,Access to electricity (% of population),EG.ELC.ACCS.ZS,2016,100.0
Iraq,IRQ,Access to electricity (% of population),EG.ELC.ACCS.ZS,2016,99.7
Iceland,ISL,Access to electricity (% of population),EG.ELC.ACCS.ZS,2016,100.0
Israel,ISR,Access to electricity (% of population),EG.ELC.ACCS.ZS,2016,100.0
Italy,ITA,Access to electricity (% of population),EG.ELC.ACCS.ZS,2016,100.0
Jamaica,JAM,Access to electricity (% of population),EG.ELC.ACCS.ZS,2016,96.6
Jordan,JOR,Access to electricity (% of population),EG.ELC.ACCS.ZS,2016,100.0
Japan,JPN,Access to electricity (% of population),EG.ELC.ACCS.ZS,2016,100.0
Kazakhstan,KAZ,Access to electricity (% of population),EG.ELC.ACCS.ZS,2016,100.0
Kenya,KEN,Access to electricity (% of population),EG.ELC.ACCS.ZS,2016,53.1
Kyrgyz Republic,KGZ,Access to electricity (% of population),EG.ELC.ACCS.ZS,2016,99.7
Cambodia,KHM,Access to electricity (% of population),EG.ELC.ACCS.ZS,2016,68.8
Kiribati,KIR,Access to electricity (% of population),EG.ELC.ACCS.ZS,2016,92.6
St. Kitts and Nevis,KNA,Access to electricity (% of population),EG.ELC.ACCS.ZS,2016,100.0
"Korea, Rep.",KOR,Access to electricity (% of population),EG.ELC.ACCS.ZS,2016,100.0
Kuwait,KWT,Access to electricity (% of population),EG.ELC.ACCS.ZS,2016,100.0
Latin America & Caribbean (excluding high income),LAC,Access to electricity (% of population),EG.ELC.ACCS.ZS,2016,97.3895318
Lao PDR,LAO,Access to electricity (% of population),EG.ELC.ACCS.ZS,2016,89.0
Lebanon,LBN,Access to electricity (% of population),EG.ELC.ACCS.ZS,2016,99.8
Liberia,LBR,Access to electricity (% of population),EG.ELC.ACCS.ZS,2016,17.7
Libya,LBY,Access to electricity (% of population),EG.ELC.ACCS.ZS,2016,72.2
St. Lucia,LCA,Access to electricity (% of population),EG.ELC.ACCS.ZS,2016,99.8
Latin America & Caribbean,LCN,Access to electricity (% of population),EG.ELC.ACCS.ZS,2016,97.47838213
Least developed countries: UN classification,LDC,Access to electricity (% of population),EG.ELC.ACCS.ZS,2016,46.34553005
Low income,LIC,Access to electricity (% of population),EG.ELC.ACCS.ZS,2016,37.44796177
Liechtenstein,LIE,Access to electricity (% of population),EG.ELC.ACCS.ZS,2016,100.0
Sri Lanka,LKA,Access to electricity (% of population),EG.ELC.ACCS.ZS,2016,97.5
Lower middle income,LMC,Access to electricity (% of population),EG.ELC.ACCS.ZS,2016,81.65594152
Low & middle income,LMY,Access to electricity (% of population),EG.ELC.ACCS.ZS,2016,85.52465582
Lesotho,LSO,Access to electricity (% of population),EG.ELC.ACCS.ZS,2016,35.1
Late-demographic dividend,LTE,Access to electricity (% of population),EG.ELC.ACCS.ZS,2016,99.11634969
Lithuania,LTU,Access to electricity (% of population),EG.ELC.ACCS.ZS,2016,100.0
Luxembourg,LUX,Access to electricity (% of population),EG.ELC.ACCS.ZS,2016,100.0
Latvia,LVA,Access to electricity (% of population),EG.ELC.ACCS.ZS,2016,100.0
"Macao SAR, China",MAC,Access to electricity (% of population),EG.ELC.ACCS.ZS,2016,100.0
St. Martin (French part),MAF,Access to electricity (% of population),EG.ELC.ACCS.ZS,2016,100.0
Morocco,MAR,Access to electricity (% of population),EG.ELC.ACCS.ZS,2016,97.8
Monaco,MCO,Access to electricity (% of population),EG.ELC.ACCS.ZS,2016,100.0
Moldova,MDA,Access to electricity (% of population),EG.ELC.ACCS.ZS,2016,99.9
Madagascar,MDG,Access to electricity (% of population),EG.ELC.ACCS.ZS,2016,22.9
Maldives,MDV,Access to electricity (% of population),EG.ELC.ACCS.ZS,2016,100.0
"Middle East, North Africa, Afghanistan & Pakistan",MEA,Access to electricity (% of population),EG.ELC.ACCS.ZS,2016,95.15876482
Mexico,MEX,Access to electricity (% of population),EG.ELC.ACCS.ZS,2016,99.5
Marshall Islands,MHL,Access to electricity (% of population),EG.ELC.ACCS.ZS,2016,92.7
Middle income,MIC,Access to electricity (% of population),EG.ELC.ACCS.ZS,2016,90.72020183
North Macedonia,MKD,Access to electricity (% of population),EG.ELC.ACCS.ZS,2016,100.0
Mali,MLI,Access to electricity (% of population),EG.ELC.ACCS.ZS,2016,38.8
Malta,MLT,Access to electricity (% of population),EG.ELC.ACCS.ZS,2016,100.0
Myanmar,MMR,Access to electricity (% of population),EG.ELC.ACCS.ZS,2016,55.6
"Middle East, North Africa, Afghanistan & Pakistan (excluding high income)",MNA,Access to electricity (% of population),EG.ELC.ACCS.ZS,2016,94.70490712
Montenegro,MNE,Access to electricity (% of population),EG.ELC.ACCS.ZS,2016,99.6
Mongolia,MNG,Access to electricity (% of population),EG.ELC.ACCS.ZS,2016,90.8
Northern Mariana Islands,MNP,Access to electricity (% of population),EG.ELC.ACCS.ZS,2016,100.0
Mozambique,MOZ,Access to electricity (% of population),EG.ELC.ACCS.ZS,2016,26.2
Mauritania,MRT,Access to electricity (% of population),EG.ELC.ACCS.ZS,2016,41.2
Mauritius,MUS,Access to electricity (% of population),EG.ELC.ACCS.ZS,2016,99.7
Malawi,MWI,Access to electricity (% of population),EG.ELC.ACCS.ZS,2016,11.0
Malaysia,MYS,Access to electricity (% of population),EG.ELC.ACCS.ZS,2016,99.9
North America,NAC,Access to electricity (% of population),EG.ELC.ACCS.ZS,2016,100.0
Namibia,NAM,Access to electricity (% of population),EG.ELC.ACCS.ZS,2016,49.7
New Caledonia,NCL,Access to electricity (% of population),EG.ELC.ACCS.ZS,2016,100.0
Niger,NER,Access to electricity (% of population),EG.ELC.ACCS.ZS,2016,17.0
Nigeria,NGA,Access to electricity (% of population),EG.ELC.ACCS.ZS,2016,59.3
Nicaragua,NIC,Access to electricity (% of population),EG.ELC.ACCS.ZS,2016,83.9
Netherlands,NLD,Access to electricity (% of population),EG.ELC.ACCS.ZS,2016,100.0
Norway,NOR,Access to electricity (% of population),EG.ELC.ACCS.ZS,2016,100.0
Nepal,NPL,Access to electricity (% of population),EG.ELC.ACCS.ZS,2016,90.7
Naoero,NRU,Access to electricity (% of population),EG.ELC.ACCS.ZS,2016,99.7
New Zealand,NZL,Access to electricity (% of population),EG.ELC.ACCS.ZS,2016,100.0
OECD members,OED,Access to electricity (% of population),EG.ELC.ACCS.ZS,2016,99.89593693
Oman,OMN,Access to electricity (% of population),EG.ELC.ACCS.ZS,2016,100.0
Other small states,OSS,Access to electricity (% of population),EG.ELC.ACCS.ZS,2016,87.85440413
Pakistan,PAK,Access to electricity (% of population),EG.ELC.ACCS.ZS,2016,91.8
Panama,PAN,Access to electricity (% of population),EG.ELC.ACCS.ZS,2016,92.4
Peru,PER,Access to electricity (% of population),EG.ELC.ACCS.ZS,2016,94.2
Philippines,PHL,Access to electricity (% of population),EG.ELC.ACCS.ZS,2016,92.0
Palau,PLW,Access to electricity (% of population),EG.ELC.ACCS.ZS,2016,100.0
Papua New Guinea,PNG,Access to electricity (% of population),EG.ELC.ACCS.ZS,2016,13.5
Poland,POL,Access to electricity (% of population),EG.ELC.ACCS.ZS,2016,100.0
Pre-demographic dividend,PRE,Access to electricity (% of population),EG.ELC.ACCS.ZS,2016,44.6703061
Puerto Rico (US),PRI,Access to electricity (% of population),EG.ELC.ACCS.ZS,2016,100.0
"Korea, Dem. People's Rep.",PRK,Access to electricity (% of population),EG.ELC.ACCS.ZS,2016,42.1
Portugal,PRT,Access to electricity (% of population),EG.ELC.ACCS.ZS,2016,100.0
Paraguay,PRY,Access to electricity (% of population),EG.ELC.ACCS.ZS,2016,98.4
West Bank and Gaza,PSE,Access to electricity (% of population),EG.ELC.ACCS.ZS,2016,100.0
Pacific island small states,PSS,Access to electricity (% of population),EG.ELC.ACCS.ZS,2016,79.90834226
Post-demographic dividend,PST,Access to electricity (% of population),EG.ELC.ACCS.ZS,2016,99.95778163
French Polynesia,PYF,Access to electricity (% of population),EG.ELC.ACCS.ZS,2016,100.0
Qatar,QAT,Access to electricity (% of population),EG.ELC.ACCS.ZS,2016,100.0
Romania,ROU,Access to electricity (% of population),EG.ELC.ACCS.ZS,2016,99.1
Russian Federation,RUS,Access to electricity (% of population),EG.ELC.ACCS.ZS,2016,99.4
Rwanda,RWA,Access to electricity (% of population),EG.ELC.ACCS.ZS,2016,29.4
South Asia,SAS,Access to electricity (% of population),EG.ELC.ACCS.ZS,2016,88.31844804
Saudi Arabia,SAU,Access to electricity (% of population),EG.ELC.ACCS.ZS,2016,99.9
Sudan,SDN,Access to electricity (% of population),EG.ELC.ACCS.ZS,2016,50.5
Senegal,SEN,Access to electricity (% of population),EG.ELC.ACCS.ZS,2016,64.5
Singapore,SGP,Access to electricity (% of population),EG.ELC.ACCS.ZS,2016,100.0
Solomon Islands,SLB,Access to electricity (% of population),EG.ELC.ACCS.ZS,2016,58.2
Sierra Leone,SLE,Access to electricity (% of population),EG.ELC.ACCS.ZS,2016,20.3
El Salvador,SLV,Access to electricity (% of population),EG.ELC.ACCS.ZS,2016,96.0
San Marino,SMR,Access to electricity (% of population),EG.ELC.ACCS.ZS,2016,100.0
"Somalia, Fed. Rep.",SOM,Access to electricity (% of population),EG.ELC.ACCS.ZS,2016,51.1
Serbia,SRB,Access to electricity (% of population),EG.ELC.ACCS.ZS,2016,99.9
Sub-Saharan Africa (excluding high income),SSA,Access to electricity (% of population),EG.ELC.ACCS.ZS,2016,43.82325461
South Sudan,SSD,Access to electricity (% of population),EG.ELC.ACCS.ZS,2016,5.3
Sub-Saharan Africa,SSF,Access to electricity (% of population),EG.ELC.ACCS.ZS,2016,43.82830956
Small states,SST,Access to electricity (% of population),EG.ELC.ACCS.ZS,2016,88.84867134
Sao Tome and Principe,STP,Access to electricity (% of population),EG.ELC.ACCS.ZS,2016,69.4
Suriname,SUR,Access to electricity (% of population),EG.ELC.ACCS.ZS,2016,95.8
Slovak Republic,SVK,Access to electricity (% of population),EG.ELC.ACCS.ZS,2016,100.0
Slovenia,SVN,Access to electricity (% of population),EG.ELC.ACCS.ZS,2016,100.0
Sweden,SWE,Access to electricity (% of population),EG.ELC.ACCS.ZS,2016,100.0
Eswatini,SWZ,Access to electricity (% of population),EG.ELC.ACCS.ZS,2016,63.4
Sint Maarten (Dutch part),SXM,Access to electricity (% of population),EG.ELC.ACCS.ZS,2016,100.0
Seychelles,SYC,Access to electricity (% of population),EG.ELC.ACCS.ZS,2016,100.0
Syrian Arab Republic,SYR,Access to electricity (% of population),EG.ELC.ACCS.ZS,2016,89.8
Turks and Caicos Islands,TCA,Access to electricity (% of population),EG.ELC.ACCS.ZS,2016,100.0
Chad,TCD,Access to electricity (% of population),EG.ELC.ACCS.ZS,2016,9.2
East Asia & Pacific (IDA & IBRD countries),TEA,Access to electricity (% of population),EG.ELC.ACCS.ZS,2016,97.40263924
Europe & Central Asia (IDA & IBRD countries),TEC,Access to electricity (% of population),EG.ELC.ACCS.ZS,2016,99.65740408
Togo,TGO,Access to electricity (% of population),EG.ELC.ACCS.ZS,2016,46.8
Thailand,THA,Access to electricity (% of population),EG.ELC.ACCS.ZS,2016,99.9
Tajikistan,TJK,Access to electricity (% of population),EG.ELC.ACCS.ZS,2016,99.3
Turkmenistan,TKM,Access to electricity (% of population),EG.ELC.ACCS.ZS,2016,100.0
Latin America & the Caribbean (IDA & IBRD countries),TLA,Access to electricity (% of population),EG.ELC.ACCS.ZS,2016,97.42808935
Timor-Leste,TLS,Access to electricity (% of population),EG.ELC.ACCS.ZS,2016,76.5
"Middle East, North Africa, Afghanistan & Pakistan (IDA & IBRD)",TMN,Access to electricity (% of population),EG.ELC.ACCS.ZS,2016,94.66885851
Tonga,TON,Access to electricity (% of population),EG.ELC.ACCS.ZS,2016,97.0
South Asia (IDA & IBRD),TSA,Access to electricity (% of population),EG.ELC.ACCS.ZS,2016,88.31844804
Sub-Saharan Africa (IDA & IBRD countries),TSS,Access to electricity (% of population),EG.ELC.ACCS.ZS,2016,43.82830956
Trinidad and Tobago,TTO,Access to electricity (% of population),EG.ELC.ACCS.ZS,2016,100.0
Tunisia,TUN,Access to electricity (% of population),EG.ELC.ACCS.ZS,2016,100.0
Turkiye,TUR,Access to electricity (% of population),EG.ELC.ACCS.ZS,2016,100.0
Tuvalu,TUV,Access to electricity (% of population),EG.ELC.ACCS.ZS,2016,97.3
Tanzania,TZA,Access to electricity (% of population),EG.ELC.ACCS.ZS,2016,32.8
Uganda,UGA,Access to electricity (% of population),EG.ELC.ACCS.ZS,2016,26.7
Ukraine,UKR,Access to electricity (% of population),EG.ELC.ACCS.ZS,2016,100.0
Upper middle income,UMC,Access to electricity (% of population),EG.ELC.ACCS.ZS,2016,98.77568783
Uruguay,URY,Access to electricity (% of population),EG.ELC.ACCS.ZS,2016,99.7
United States,USA,Access to electricity (% of population),EG.ELC.ACCS.ZS,2016,100.0
Uzbekistan,UZB,Access to electricity (% of population),EG.ELC.ACCS.ZS,2016,99.9
St. Vincent and the Grenadines,VCT,Access to electricity (% of population),EG.ELC.ACCS.ZS,2016,99.7
"Venezuela, RB",VEN,Access to electricity (% of population),EG.ELC.ACCS.ZS,2016,99.4
British Virgin Islands,VGB,Access to electricity (% of population),EG.ELC.ACCS.ZS,2016,100.0
Virgin Islands (U.S.),VIR,Access to electricity (% of population),EG.ELC.ACCS.ZS,2016,100.0
Viet Nam,VNM,Access to electricity (% of population),EG.ELC.ACCS.ZS,2016,99.2
Vanuatu,VUT,Access to electricity (% of population),EG.ELC.ACCS.ZS,2016,57.8
World,WLD,Access to electricity (% of population),EG.ELC.ACCS.ZS,2016,88.10809672
Samoa,WSM,Access to electricity (% of population),EG.ELC.ACCS.ZS,2016,98.9
"Yemen, Rep.",YEM,Access to electricity (% of population),EG.ELC.ACCS.ZS,2016,68.9
South Africa,ZAF,Access to electricity (% of population),EG.ELC.ACCS.ZS,2016,83.9
Zambia,ZMB,Access to electricity (% of population),EG.ELC.ACCS.ZS,2016,35.4
Zimbabwe,ZWE,Access to electricity (% of population),EG.ELC.ACCS.ZS,2016,42.5
Aruba,ABW,Access to electricity (% of population),EG.ELC.ACCS.ZS,2017,100.0
Africa Eastern and Southern,AFE,Access to electricity (% of population),EG.ELC.ACCS.ZS,2017,40.22374417
Afghanistan,AFG,Access to electricity (% of population),EG.ELC.ACCS.ZS,2017,97.7
Africa Western and Central,AFW,Access to electricity (% of population),EG.ELC.ACCS.ZS,2017,48.90222756
Angola,AGO,Access to electricity (% of population),EG.ELC.ACCS.ZS,2017,42.9
Albania,ALB,Access to electricity (% of population),EG.ELC.ACCS.ZS,2017,99.9
Andorra,AND,Access to electricity (% of population),EG.ELC.ACCS.ZS,2017,100.0
Arab World,ARB,Access to electricity (% of population),EG.ELC.ACCS.ZS,2017,90.35106694
United Arab Emirates,ARE,Access to electricity (% of population),EG.ELC.ACCS.ZS,2017,100.0
Argentina,ARG,Access to electricity (% of population),EG.ELC.ACCS.ZS,2017,100.0
Armenia,ARM,Access to electricity (% of population),EG.ELC.ACCS.ZS,2017,99.7
Antigua and Barbuda,ATG,Access to electricity (% of population),EG.ELC.ACCS.ZS,2017,100.0
Australia,AUS,Access to electricity (% of population),EG.ELC.ACCS.ZS,2017,100.0
Austria,AUT,Access to electricity (% of population),EG.ELC.ACCS.ZS,2017,100.0
Azerbaijan,AZE,Access to electricity (% of population),EG.ELC.ACCS.ZS,2017,100.0
Burundi,BDI,Access to electricity (% of population),EG.ELC.ACCS.ZS,2017,9.3
Belgium,BEL,Access to electricity (% of population),EG.ELC.ACCS.ZS,2017,100.0
Benin,BEN,Access to electricity (% of population),EG.ELC.ACCS.ZS,2017,34.5
Burkina Faso,BFA,Access to electricity (% of population),EG.ELC.ACCS.ZS,2017,17.0
Bangladesh,BGD,Access to electricity (% of population),EG.ELC.ACCS.ZS,2017,88.0
Bulgaria,BGR,Access to electricity (% of population),EG.ELC.ACCS.ZS,2017,98.1
Bahrain,BHR,Access to electricity (% of population),EG.ELC.ACCS.ZS,2017,100.0
"Bahamas, The",BHS,Access to electricity (% of population),EG.ELC.ACCS.ZS,2017,100.0
Bosnia and Herzegovina,BIH,Access to electricity (% of population),EG.ELC.ACCS.ZS,2017,100.0
Belarus,BLR,Access to electricity (% of population),EG.ELC.ACCS.ZS,2017,98.7
Belize,BLZ,Access to electricity (% of population),EG.ELC.ACCS.ZS,2017,94.2
Bermuda,BMU,Access to electricity (% of population),EG.ELC.ACCS.ZS,2017,100.0
Bolivia,BOL,Access to electricity (% of population),EG.ELC.ACCS.ZS,2017,91.8
Brazil,BRA,Access to electricity (% of population),EG.ELC.ACCS.ZS,2017,99.8
Barbados,BRB,Access to electricity (% of population),EG.ELC.ACCS.ZS,2017,100.0
Brunei Darussalam,BRN,Access to electricity (% of population),EG.ELC.ACCS.ZS,2017,100.0
Bhutan,BTN,Access to electricity (% of population),EG.ELC.ACCS.ZS,2017,97.7
Botswana,BWA,Access to electricity (% of population),EG.ELC.ACCS.ZS,2017,67.4
Central African Republic,CAF,Access to electricity (% of population),EG.ELC.ACCS.ZS,2017,14.1
Canada,CAN,Access to electricity (% of population),EG.ELC.ACCS.ZS,2017,100.0
Central Europe and the Baltics,CEB,Access to electricity (% of population),EG.ELC.ACCS.ZS,2017,99.87368668
Switzerland,CHE,Access to electricity (% of population),EG.ELC.ACCS.ZS,2017,100.0
Channel Islands,CHI,Access to electricity (% of population),EG.ELC.ACCS.ZS,2017,100.0
Chile,CHL,Access to electricity (% of population),EG.ELC.ACCS.ZS,2017,99.7
China,CHN,Access to electricity (% of population),EG.ELC.ACCS.ZS,2017,100.0
Cote d'Ivoire,CIV,Access to electricity (% of population),EG.ELC.ACCS.ZS,2017,65.6
Cameroon,CMR,Access to electricity (% of population),EG.ELC.ACCS.ZS,2017,60.9
"Congo, Dem. Rep.",COD,Access to electricity (% of population),EG.ELC.ACCS.ZS,2017,18.0
"Congo, Rep.",COG,Access to electricity (% of population),EG.ELC.ACCS.ZS,2017,46.2
Colombia,COL,Access to electricity (% of population),EG.ELC.ACCS.ZS,2017,98.5
Comoros,COM,Access to electricity (% of population),EG.ELC.ACCS.ZS,2017,78.7
Cabo Verde,CPV,Access to electricity (% of population),EG.ELC.ACCS.ZS,2017,88.6
Costa Rica,CRI,Access to electricity (% of population),EG.ELC.ACCS.ZS,2017,99.6
Caribbean small states,CSS,Access to electricity (% of population),EG.ELC.ACCS.ZS,2017,97.05429006
Cuba,CUB,Access to electricity (% of population),EG.ELC.ACCS.ZS,2017,99.4
Curacao,CUW,Access to electricity (% of population),EG.ELC.ACCS.ZS,2017,100.0
Cayman Islands,CYM,Access to electricity (% of population),EG.ELC.ACCS.ZS,2017,100.0
Cyprus,CYP,Access to electricity (% of population),EG.ELC.ACCS.ZS,2017,100.0
Czechia,CZE,Access to electricity (% of population),EG.ELC.ACCS.ZS,2017,100.0
Germany,DEU,Access to electricity (% of population),EG.ELC.ACCS.ZS,2017,100.0
Djibouti,DJI,Access to electricity (% of population),EG.ELC.ACCS.ZS,2017,60.2
Dominica,DMA,Access to electricity (% of population),EG.ELC.ACCS.ZS,2017,98.9
Denmark,DNK,Access to electricity (% of population),EG.ELC.ACCS.ZS,2017,100.0
Dominican Republic,DOM,Access to electricity (% of population),EG.ELC.ACCS.ZS,2017,100.0
Algeria,DZA,Access to electricity (% of population),EG.ELC.ACCS.ZS,2017,99.5
East Asia & Pacific (excluding high income),EAP,Access to electricity (% of population),EG.ELC.ACCS.ZS,2017,97.4453073
Early-demographic dividend,EAR,Access to electricity (% of population),EG.ELC.ACCS.ZS,2017,90.50867288
East Asia & Pacific,EAS,Access to electricity (% of population),EG.ELC.ACCS.ZS,2017,97.69153593
Europe & Central Asia (excluding high income),ECA,Access to electricity (% of population),EG.ELC.ACCS.ZS,2017,99.91829255
Europe & Central Asia,ECS,Access to electricity (% of population),EG.ELC.ACCS.ZS,2017,99.96414863
Ecuador,ECU,Access to electricity (% of population),EG.ELC.ACCS.ZS,2017,99.2
"Egypt, Arab Rep.",EGY,Access to electricity (% of population),EG.ELC.ACCS.ZS,2017,100.0
Euro area,EMU,Access to electricity (% of population),EG.ELC.ACCS.ZS,2017,99.96323638
Eritrea,ERI,Access to electricity (% of population),EG.ELC.ACCS.ZS,2017,48.0
Spain,ESP,Access to electricity (% of population),EG.ELC.ACCS.ZS,2017,100.0
Estonia,EST,Access to electricity (% of population),EG.ELC.ACCS.ZS,2017,100.0
Ethiopia,ETH,Access to electricity (% of population),EG.ELC.ACCS.ZS,2017,44.3
European Union,EUU,Access to electricity (% of population),EG.ELC.ACCS.ZS,2017,99.97097243
Finland,FIN,Access to electricity (% of population),EG.ELC.ACCS.ZS,2017,100.0
Fiji,FJI,Access to electricity (% of population),EG.ELC.ACCS.ZS,2017,96.0
France,FRA,Access to electricity (% of population),EG.ELC.ACCS.ZS,2017,100.0
Faroe Islands,FRO,Access to electricity (% of population),EG.ELC.ACCS.ZS,2017,100.0
"Micronesia, Fed. Sts.",FSM,Access to electricity (% of population),EG.ELC.ACCS.ZS,2017,76.5
Gabon,GAB,Access to electricity (% of population),EG.ELC.ACCS.ZS,2017,86.3
United Kingdom,GBR,Access to electricity (% of population),EG.ELC.ACCS.ZS,2017,100.0
Georgia,GEO,Access to electricity (% of population),EG.ELC.ACCS.ZS,2017,100.0
Ghana,GHA,Access to electricity (% of population),EG.ELC.ACCS.ZS,2017,79.0
Gibraltar,GIB,Access to electricity (% of population),EG.ELC.ACCS.ZS,2017,100.0
Guinea,GIN,Access to electricity (% of population),EG.ELC.ACCS.ZS,2017,35.4
"Gambia, The",GMB,Access to electricity (% of population),EG.ELC.ACCS.ZS,2017,56.2
Guinea-Bissau,GNB,Access to electricity (% of population),EG.ELC.ACCS.ZS,2017,26.0
Equatorial Guinea,GNQ,Access to electricity (% of population),EG.ELC.ACCS.ZS,2017,66.4
Greece,GRC,Access to electricity (% of population),EG.ELC.ACCS.ZS,2017,100.0
Grenada,GRD,Access to electricity (% of population),EG.ELC.ACCS.ZS,2017,92.2
Greenland,GRL,Access to electricity (% of population),EG.ELC.ACCS.ZS,2017,100.0
Guatemala,GTM,Access to electricity (% of population),EG.ELC.ACCS.ZS,2017,93.3
Guam,GUM,Access to electricity (% of population),EG.ELC.ACCS.ZS,2017,100.0
Guyana,GUY,Access to electricity (% of population),EG.ELC.ACCS.ZS,2017,90.0
High income,HIC,Access to electricity (% of population),EG.ELC.ACCS.ZS,2017,99.95972171
"Hong Kong SAR, China",HKG,Access to electricity (% of population),EG.ELC.ACCS.ZS,2017,100.0
Honduras,HND,Access to electricity (% of population),EG.ELC.ACCS.ZS,2017,86.5
Heavily indebted poor countries (HIPC),HPC,Access to electricity (% of population),EG.ELC.ACCS.ZS,2017,41.47000074
Croatia,HRV,Access to electricity (% of population),EG.ELC.ACCS.ZS,2017,100.0
Haiti,HTI,Access to electricity (% of population),EG.ELC.ACCS.ZS,2017,43.3
Hungary,HUN,Access to electricity (% of population),EG.ELC.ACCS.ZS,2017,100.0
IBRD only,IBD,Access to electricity (% of population),EG.ELC.ACCS.ZS,2017,96.60405913
IDA & IBRD total,IBT,Access to electricity (% of population),EG.ELC.ACCS.ZS,2017,87.1825243
IDA total,IDA,Access to electricity (% of population),EG.ELC.ACCS.ZS,2017,60.3233348
IDA blend,IDB,Access to electricity (% of population),EG.ELC.ACCS.ZS,2017,71.64661373
Indonesia,IDN,Access to electricity (% of population),EG.ELC.ACCS.ZS,2017,98.1
IDA only,IDX,Access to electricity (% of population),EG.ELC.ACCS.ZS,2017,54.14688527
Isle of Man,IMN,Access to electricity (% of population),EG.ELC.ACCS.ZS,2017,100.0
India,IND,Access to electricity (% of population),EG.ELC.ACCS.ZS,2017,91.8
Ireland,IRL,Access to electricity (% of population),EG.ELC.ACCS.ZS,2017,100.0
"Iran, Islamic Rep.",IRN,Access to electricity (% of population),EG.ELC.ACCS.ZS,2017,99.9
Iraq,IRQ,Access to electricity (% of population),EG.ELC.ACCS.ZS,2017,99.9
Iceland,ISL,Access to electricity (% of population),EG.ELC.ACCS.ZS,2017,100.0
Israel,ISR,Access to electricity (% of population),EG.ELC.ACCS.ZS,2017,100.0
Italy,ITA,Access to electricity (% of population),EG.ELC.ACCS.ZS,2017,100.0
Jamaica,JAM,Access to electricity (% of population),EG.ELC.ACCS.ZS,2017,97.4
Jordan,JOR,Access to electricity (% of population),EG.ELC.ACCS.ZS,2017,100.0
Japan,JPN,Access to electricity (% of population),EG.ELC.ACCS.ZS,2017,100.0
Kazakhstan,KAZ,Access to electricity (% of population),EG.ELC.ACCS.ZS,2017,100.0
Kenya,KEN,Access to electricity (% of population),EG.ELC.ACCS.ZS,2017,55.8
Kyrgyz Republic,KGZ,Access to electricity (% of population),EG.ELC.ACCS.ZS,2017,100.0
Cambodia,KHM,Access to electricity (% of population),EG.ELC.ACCS.ZS,2017,89.1
Kiribati,KIR,Access to electricity (% of population),EG.ELC.ACCS.ZS,2017,85.7
St. Kitts and Nevis,KNA,Access to electricity (% of population),EG.ELC.ACCS.ZS,2017,100.0
"Korea, Rep.",KOR,Access to electricity (% of population),EG.ELC.ACCS.ZS,2017,100.0
Kuwait,KWT,Access to electricity (% of population),EG.ELC.ACCS.ZS,2017,100.0
Latin America & Caribbean (excluding high income),LAC,Access to electricity (% of population),EG.ELC.ACCS.ZS,2017,97.63459566
Lao PDR,LAO,Access to electricity (% of population),EG.ELC.ACCS.ZS,2017,93.6
Lebanon,LBN,Access to electricity (% of population),EG.ELC.ACCS.ZS,2017,99.9
Liberia,LBR,Access to electricity (% of population),EG.ELC.ACCS.ZS,2017,24.2
Libya,LBY,Access to electricity (% of population),EG.ELC.ACCS.ZS,2017,70.6
St. Lucia,LCA,Access to electricity (% of population),EG.ELC.ACCS.ZS,2017,99.9
Latin America & Caribbean,LCN,Access to electricity (% of population),EG.ELC.ACCS.ZS,2017,97.71059922
Least developed countries: UN classification,LDC,Access to electricity (% of population),EG.ELC.ACCS.ZS,2017,50.2060962
Low income,LIC,Access to electricity (% of population),EG.ELC.ACCS.ZS,2017,39.13969992
Liechtenstein,LIE,Access to electricity (% of population),EG.ELC.ACCS.ZS,2017,100.0
Sri Lanka,LKA,Access to electricity (% of population),EG.ELC.ACCS.ZS,2017,97.5
Lower middle income,LMC,Access to electricity (% of population),EG.ELC.ACCS.ZS,2017,83.67176201
Low & middle income,LMY,Access to electricity (% of population),EG.ELC.ACCS.ZS,2017,86.53564909
Lesotho,LSO,Access to electricity (% of population),EG.ELC.ACCS.ZS,2017,33.7
Late-demographic dividend,LTE,Access to electricity (% of population),EG.ELC.ACCS.ZS,2017,99.27211231
Lithuania,LTU,Access to electricity (% of population),EG.ELC.ACCS.ZS,2017,100.0
Luxembourg,LUX,Access to electricity (% of population),EG.ELC.ACCS.ZS,2017,100.0
Latvia,LVA,Access to electricity (% of population),EG.ELC.ACCS.ZS,2017,100.0
"Macao SAR, China",MAC,Access to electricity (% of population),EG.ELC.ACCS.ZS,2017,100.0
St. Martin (French part),MAF,Access to electricity (% of population),EG.ELC.ACCS.ZS,2017,100.0
Morocco,MAR,Access to electricity (% of population),EG.ELC.ACCS.ZS,2017,100.0
Monaco,MCO,Access to electricity (% of population),EG.ELC.ACCS.ZS,2017,100.0
Moldova,MDA,Access to electricity (% of population),EG.ELC.ACCS.ZS,2017,100.0
Madagascar,MDG,Access to electricity (% of population),EG.ELC.ACCS.ZS,2017,24.1
Maldives,MDV,Access to electricity (% of population),EG.ELC.ACCS.ZS,2017,99.8
"Middle East, North Africa, Afghanistan & Pakistan",MEA,Access to electricity (% of population),EG.ELC.ACCS.ZS,2017,96.00124317
Mexico,MEX,Access to electricity (% of population),EG.ELC.ACCS.ZS,2017,100.0
Marshall Islands,MHL,Access to electricity (% of population),EG.ELC.ACCS.ZS,2017,93.8
Middle income,MIC,Access to electricity (% of population),EG.ELC.ACCS.ZS,2017,91.73932851
North Macedonia,MKD,Access to electricity (% of population),EG.ELC.ACCS.ZS,2017,100.0
Mali,MLI,Access to electricity (% of population),EG.ELC.ACCS.ZS,2017,34.8
Malta,MLT,Access to electricity (% of population),EG.ELC.ACCS.ZS,2017,100.0
Myanmar,MMR,Access to electricity (% of population),EG.ELC.ACCS.ZS,2017,69.8
"Middle East, North Africa, Afghanistan & Pakistan (excluding high income)",MNA,Access to electricity (% of population),EG.ELC.ACCS.ZS,2017,95.62302218
Montenegro,MNE,Access to electricity (% of population),EG.ELC.ACCS.ZS,2017,100.0
Mongolia,MNG,Access to electricity (% of population),EG.ELC.ACCS.ZS,2017,93.6
Northern Mariana Islands,MNP,Access to electricity (% of population),EG.ELC.ACCS.ZS,2017,100.0
Mozambique,MOZ,Access to electricity (% of population),EG.ELC.ACCS.ZS,2017,24.3
Mauritania,MRT,Access to electricity (% of population),EG.ELC.ACCS.ZS,2017,42.9
Mauritius,MUS,Access to electricity (% of population),EG.ELC.ACCS.ZS,2017,99.6
Malawi,MWI,Access to electricity (% of population),EG.ELC.ACCS.ZS,2017,12.7
Malaysia,MYS,Access to electricity (% of population),EG.ELC.ACCS.ZS,2017,100.0
North America,NAC,Access to electricity (% of population),EG.ELC.ACCS.ZS,2017,100.0
Namibia,NAM,Access to electricity (% of population),EG.ELC.ACCS.ZS,2017,52.5
New Caledonia,NCL,Access to electricity (% of population),EG.ELC.ACCS.ZS,2017,100.0
Niger,NER,Access to electricity (% of population),EG.ELC.ACCS.ZS,2017,17.6
Nigeria,NGA,Access to electricity (% of population),EG.ELC.ACCS.ZS,2017,54.4
Nicaragua,NIC,Access to electricity (% of population),EG.ELC.ACCS.ZS,2017,84.6
Netherlands,NLD,Access to electricity (% of population),EG.ELC.ACCS.ZS,2017,100.0
Norway,NOR,Access to electricity (% of population),EG.ELC.ACCS.ZS,2017,100.0
Nepal,NPL,Access to electricity (% of population),EG.ELC.ACCS.ZS,2017,86.6
Naoero,NRU,Access to electricity (% of population),EG.ELC.ACCS.ZS,2017,99.8
New Zealand,NZL,Access to electricity (% of population),EG.ELC.ACCS.ZS,2017,100.0
OECD members,OED,Access to electricity (% of population),EG.ELC.ACCS.ZS,2017,99.94085895
Oman,OMN,Access to electricity (% of population),EG.ELC.ACCS.ZS,2017,100.0
Other small states,OSS,Access to electricity (% of population),EG.ELC.ACCS.ZS,2017,89.32800269
Pakistan,PAK,Access to electricity (% of population),EG.ELC.ACCS.ZS,2017,92.7
Panama,PAN,Access to electricity (% of population),EG.ELC.ACCS.ZS,2017,93.7
Peru,PER,Access to electricity (% of population),EG.ELC.ACCS.ZS,2017,94.8
Philippines,PHL,Access to electricity (% of population),EG.ELC.ACCS.ZS,2017,93.0
Palau,PLW,Access to electricity (% of population),EG.ELC.ACCS.ZS,2017,100.0
Papua New Guinea,PNG,Access to electricity (% of population),EG.ELC.ACCS.ZS,2017,19.2
Poland,POL,Access to electricity (% of population),EG.ELC.ACCS.ZS,2017,100.0
Pre-demographic dividend,PRE,Access to electricity (% of population),EG.ELC.ACCS.ZS,2017,44.35587955
Puerto Rico (US),PRI,Access to electricity (% of population),EG.ELC.ACCS.ZS,2017,100.0
"Korea, Dem. People's Rep.",PRK,Access to electricity (% of population),EG.ELC.ACCS.ZS,2017,44.2
Portugal,PRT,Access to electricity (% of population),EG.ELC.ACCS.ZS,2017,100.0
Paraguay,PRY,Access to electricity (% of population),EG.ELC.ACCS.ZS,2017,99.3
West Bank and Gaza,PSE,Access to electricity (% of population),EG.ELC.ACCS.ZS,2017,99.9
Pacific island small states,PSS,Access to electricity (% of population),EG.ELC.ACCS.ZS,2017,82.10417347
Post-demographic dividend,PST,Access to electricity (% of population),EG.ELC.ACCS.ZS,2017,99.97112253
French Polynesia,PYF,Access to electricity (% of population),EG.ELC.ACCS.ZS,2017,100.0
Qatar,QAT,Access to electricity (% of population),EG.ELC.ACCS.ZS,2017,100.0
Romania,ROU,Access to electricity (% of population),EG.ELC.ACCS.ZS,2017,100.0
Russian Federation,RUS,Access to electricity (% of population),EG.ELC.ACCS.ZS,2017,100.0
Rwanda,RWA,Access to electricity (% of population),EG.ELC.ACCS.ZS,2017,34.1
South Asia,SAS,Access to electricity (% of population),EG.ELC.ACCS.ZS,2017,91.39837283
Saudi Arabia,SAU,Access to electricity (% of population),EG.ELC.ACCS.ZS,2017,100.0
Sudan,SDN,Access to electricity (% of population),EG.ELC.ACCS.ZS,2017,53.0
Senegal,SEN,Access to electricity (% of population),EG.ELC.ACCS.ZS,2017,61.7
Singapore,SGP,Access to electricity (% of population),EG.ELC.ACCS.ZS,2017,100.0
Solomon Islands,SLB,Access to electricity (% of population),EG.ELC.ACCS.ZS,2017,62.9
Sierra Leone,SLE,Access to electricity (% of population),EG.ELC.ACCS.ZS,2017,23.4
El Salvador,SLV,Access to electricity (% of population),EG.ELC.ACCS.ZS,2017,96.8
San Marino,SMR,Access to electricity (% of population),EG.ELC.ACCS.ZS,2017,100.0
"Somalia, Fed. Rep.",SOM,Access to electricity (% of population),EG.ELC.ACCS.ZS,2017,52.1
Serbia,SRB,Access to electricity (% of population),EG.ELC.ACCS.ZS,2017,100.0
Sub-Saharan Africa (excluding high income),SSA,Access to electricity (% of population),EG.ELC.ACCS.ZS,2017,43.75495477
South Sudan,SSD,Access to electricity (% of population),EG.ELC.ACCS.ZS,2017,4.2
Sub-Saharan Africa,SSF,Access to electricity (% of population),EG.ELC.ACCS.ZS,2017,43.75994519
Small states,SST,Access to electricity (% of population),EG.ELC.ACCS.ZS,2017,90.15502785
Sao Tome and Principe,STP,Access to electricity (% of population),EG.ELC.ACCS.ZS,2017,74.3
Suriname,SUR,Access to electricity (% of population),EG.ELC.ACCS.ZS,2017,96.6
Slovak Republic,SVK,Access to electricity (% of population),EG.ELC.ACCS.ZS,2017,100.0
Slovenia,SVN,Access to electricity (% of population),EG.ELC.ACCS.ZS,2017,100.0
Sweden,SWE,Access to electricity (% of population),EG.ELC.ACCS.ZS,2017,100.0
Eswatini,SWZ,Access to electricity (% of population),EG.ELC.ACCS.ZS,2017,73.5
Sint Maarten (Dutch part),SXM,Access to electricity (% of population),EG.ELC.ACCS.ZS,2017,100.0
Seychelles,SYC,Access to electricity (% of population),EG.ELC.ACCS.ZS,2017,100.0
Syrian Arab Republic,SYR,Access to electricity (% of population),EG.ELC.ACCS.ZS,2017,89.6
Turks and Caicos Islands,TCA,Access to electricity (% of population),EG.ELC.ACCS.ZS,2017,100.0
Chad,TCD,Access to electricity (% of population),EG.ELC.ACCS.ZS,2017,10.9
East Asia & Pacific (IDA & IBRD countries),TEA,Access to electricity (% of population),EG.ELC.ACCS.ZS,2017,98.11218937
Europe & Central Asia (IDA & IBRD countries),TEC,Access to electricity (% of population),EG.ELC.ACCS.ZS,2017,99.9282317
Togo,TGO,Access to electricity (% of population),EG.ELC.ACCS.ZS,2017,48.0
Thailand,THA,Access to electricity (% of population),EG.ELC.ACCS.ZS,2017,99.9
Tajikistan,TJK,Access to electricity (% of population),EG.ELC.ACCS.ZS,2017,99.3
Turkmenistan,TKM,Access to electricity (% of population),EG.ELC.ACCS.ZS,2017,100.0
Latin America & the Caribbean (IDA & IBRD countries),TLA,Access to electricity (% of population),EG.ELC.ACCS.ZS,2017,97.66334028
Timor-Leste,TLS,Access to electricity (% of population),EG.ELC.ACCS.ZS,2017,79.5
"Middle East, North Africa, Afghanistan & Pakistan (IDA & IBRD)",TMN,Access to electricity (% of population),EG.ELC.ACCS.ZS,2017,95.59381365
Tonga,TON,Access to electricity (% of population),EG.ELC.ACCS.ZS,2017,98.2
South Asia (IDA & IBRD),TSA,Access to electricity (% of population),EG.ELC.ACCS.ZS,2017,91.39837283
Sub-Saharan Africa (IDA & IBRD countries),TSS,Access to electricity (% of population),EG.ELC.ACCS.ZS,2017,43.75994519
Trinidad and Tobago,TTO,Access to electricity (% of population),EG.ELC.ACCS.ZS,2017,100.0
Tunisia,TUN,Access to electricity (% of population),EG.ELC.ACCS.ZS,2017,100.0
Turkiye,TUR,Access to electricity (% of population),EG.ELC.ACCS.ZS,2017,100.0
Tuvalu,TUV,Access to electricity (% of population),EG.ELC.ACCS.ZS,2017,98.7
Tanzania,TZA,Access to electricity (% of population),EG.ELC.ACCS.ZS,2017,32.1
Uganda,UGA,Access to electricity (% of population),EG.ELC.ACCS.ZS,2017,32.4
Ukraine,UKR,Access to electricity (% of population),EG.ELC.ACCS.ZS,2017,100.0
Upper middle income,UMC,Access to electricity (% of population),EG.ELC.ACCS.ZS,2017,98.95311263
Uruguay,URY,Access to electricity (% of population),EG.ELC.ACCS.ZS,2017,99.8
United States,USA,Access to electricity (% of population),EG.ELC.ACCS.ZS,2017,100.0
Uzbekistan,UZB,Access to electricity (% of population),EG.ELC.ACCS.ZS,2017,100.0
St. Vincent and the Grenadines,VCT,Access to electricity (% of population),EG.ELC.ACCS.ZS,2017,100.0
"Venezuela, RB",VEN,Access to electricity (% of population),EG.ELC.ACCS.ZS,2017,99.2
British Virgin Islands,VGB,Access to electricity (% of population),EG.ELC.ACCS.ZS,2017,100.0
Virgin Islands (U.S.),VIR,Access to electricity (% of population),EG.ELC.ACCS.ZS,2017,100.0
Viet Nam,VNM,Access to electricity (% of population),EG.ELC.ACCS.ZS,2017,100.0
Vanuatu,VUT,Access to electricity (% of population),EG.ELC.ACCS.ZS,2017,62.8
World,WLD,Access to electricity (% of population),EG.ELC.ACCS.ZS,2017,88.9357124
Samoa,WSM,Access to electricity (% of population),EG.ELC.ACCS.ZS,2017,96.8
"Yemen, Rep.",YEM,Access to electricity (% of population),EG.ELC.ACCS.ZS,2017,79.2
South Africa,ZAF,Access to electricity (% of population),EG.ELC.ACCS.ZS,2017,84.4
Zambia,ZMB,Access to electricity (% of population),EG.ELC.ACCS.ZS,2017,40.3
Zimbabwe,ZWE,Access to electricity (% of population),EG.ELC.ACCS.ZS,2017,44.0
Aruba,ABW,Access to electricity (% of population),EG.ELC.ACCS.ZS,2018,100.0
Africa Eastern and Southern,AFE,Access to electricity (% of population),EG.ELC.ACCS.ZS,2018,43.03507335
Afghanistan,AFG,Access to electricity (% of population),EG.ELC.ACCS.ZS,2018,93.4
Africa Western and Central,AFW,Access to electricity (% of population),EG.ELC.ACCS.ZS,2018,51.33819851
Angola,AGO,Access to electricity (% of population),EG.ELC.ACCS.ZS,2018,45.3
Albania,ALB,Access to electricity (% of population),EG.ELC.ACCS.ZS,2018,100.0
Andorra,AND,Access to electricity (% of population),EG.ELC.ACCS.ZS,2018,100.0
Arab World,ARB,Access to electricity (% of population),EG.ELC.ACCS.ZS,2018,88.68984065
United Arab Emirates,ARE,Access to electricity (% of population),EG.ELC.ACCS.ZS,2018,100.0
Argentina,ARG,Access to electricity (% of population),EG.ELC.ACCS.ZS,2018,100.0
Armenia,ARM,Access to electricity (% of population),EG.ELC.ACCS.ZS,2018,99.9
Antigua and Barbuda,ATG,Access to electricity (% of population),EG.ELC.ACCS.ZS,2018,100.0
Australia,AUS,Access to electricity (% of population),EG.ELC.ACCS.ZS,2018,100.0
Austria,AUT,Access to electricity (% of population),EG.ELC.ACCS.ZS,2018,100.0
Azerbaijan,AZE,Access to electricity (% of population),EG.ELC.ACCS.ZS,2018,100.0
Burundi,BDI,Access to electricity (% of population),EG.ELC.ACCS.ZS,2018,9.5
Belgium,BEL,Access to electricity (% of population),EG.ELC.ACCS.ZS,2018,100.0
Benin,BEN,Access to electricity (% of population),EG.ELC.ACCS.ZS,2018,39.0
Burkina Faso,BFA,Access to electricity (% of population),EG.ELC.ACCS.ZS,2018,14.4
Bangladesh,BGD,Access to electricity (% of population),EG.ELC.ACCS.ZS,2018,86.9
Bulgaria,BGR,Access to electricity (% of population),EG.ELC.ACCS.ZS,2018,98.7
Bahrain,BHR,Access to electricity (% of population),EG.ELC.ACCS.ZS,2018,100.0
"Bahamas, The",BHS,Access to electricity (% of population),EG.ELC.ACCS.ZS,2018,100.0
Bosnia and Herzegovina,BIH,Access to electricity (% of population),EG.ELC.ACCS.ZS,2018,100.0
Belarus,BLR,Access to electricity (% of population),EG.ELC.ACCS.ZS,2018,99.3
Belize,BLZ,Access to electricity (% of population),EG.ELC.ACCS.ZS,2018,91.7
Bermuda,BMU,Access to electricity (% of population),EG.ELC.ACCS.ZS,2018,100.0
Bolivia,BOL,Access to electricity (% of population),EG.ELC.ACCS.ZS,2018,92.8
Brazil,BRA,Access to electricity (% of population),EG.ELC.ACCS.ZS,2018,99.7
Barbados,BRB,Access to electricity (% of population),EG.ELC.ACCS.ZS,2018,100.0
Brunei Darussalam,BRN,Access to electricity (% of population),EG.ELC.ACCS.ZS,2018,100.0
Bhutan,BTN,Access to electricity (% of population),EG.ELC.ACCS.ZS,2018,100.0
Botswana,BWA,Access to electricity (% of population),EG.ELC.ACCS.ZS,2018,68.3
Central African Republic,CAF,Access to electricity (% of population),EG.ELC.ACCS.ZS,2018,14.6
Canada,CAN,Access to electricity (% of population),EG.ELC.ACCS.ZS,2018,100.0
Central Europe and the Baltics,CEB,Access to electricity (% of population),EG.ELC.ACCS.ZS,2018,99.8763759
Switzerland,CHE,Access to electricity (% of population),EG.ELC.ACCS.ZS,2018,100.0
Channel Islands,CHI,Access to electricity (% of population),EG.ELC.ACCS.ZS,2018,100.0
Chile,CHL,Access to electricity (% of population),EG.ELC.ACCS.ZS,2018,100.0
China,CHN,Access to electricity (% of population),EG.ELC.ACCS.ZS,2018,100.0
Cote d'Ivoire,CIV,Access to electricity (% of population),EG.ELC.ACCS.ZS,2018,67.1
Cameroon,CMR,Access to electricity (% of population),EG.ELC.ACCS.ZS,2018,62.2
"Congo, Dem. Rep.",COD,Access to electricity (% of population),EG.ELC.ACCS.ZS,2018,18.7
"Congo, Rep.",COG,Access to electricity (% of population),EG.ELC.ACCS.ZS,2018,47.0
Colombia,COL,Access to electricity (% of population),EG.ELC.ACCS.ZS,2018,98.5
Comoros,COM,Access to electricity (% of population),EG.ELC.ACCS.ZS,2018,81.0
Cabo Verde,CPV,Access to electricity (% of population),EG.ELC.ACCS.ZS,2018,90.2
Costa Rica,CRI,Access to electricity (% of population),EG.ELC.ACCS.ZS,2018,99.7
Caribbean small states,CSS,Access to electricity (% of population),EG.ELC.ACCS.ZS,2018,97.08782771
Cuba,CUB,Access to electricity (% of population),EG.ELC.ACCS.ZS,2018,99.6
Curacao,CUW,Access to electricity (% of population),EG.ELC.ACCS.ZS,2018,100.0
Cayman Islands,CYM,Access to electricity (% of population),EG.ELC.ACCS.ZS,2018,100.0
Cyprus,CYP,Access to electricity (% of population),EG.ELC.ACCS.ZS,2018,100.0
Czechia,CZE,Access to electricity (% of population),EG.ELC.ACCS.ZS,2018,100.0
Germany,DEU,Access to electricity (% of population),EG.ELC.ACCS.ZS,2018,100.0
Djibouti,DJI,Access to electricity (% of population),EG.ELC.ACCS.ZS,2018,62.4
Dominica,DMA,Access to electricity (% of population),EG.ELC.ACCS.ZS,2018,99.6
Denmark,DNK,Access to electricity (% of population),EG.ELC.ACCS.ZS,2018,100.0
Dominican Republic,DOM,Access to electricity (% of population),EG.ELC.ACCS.ZS,2018,98.9
Algeria,DZA,Access to electricity (% of population),EG.ELC.ACCS.ZS,2018,99.6
East Asia & Pacific (excluding high income),EAP,Access to electricity (% of population),EG.ELC.ACCS.ZS,2018,97.41238297
Early-demographic dividend,EAR,Access to electricity (% of population),EG.ELC.ACCS.ZS,2018,91.99271092
East Asia & Pacific,EAS,Access to electricity (% of population),EG.ELC.ACCS.ZS,2018,97.66096407
Europe & Central Asia (excluding high income),ECA,Access to electricity (% of population),EG.ELC.ACCS.ZS,2018,99.94207093
Europe & Central Asia,ECS,Access to electricity (% of population),EG.ELC.ACCS.ZS,2018,99.97077468
Ecuador,ECU,Access to electricity (% of population),EG.ELC.ACCS.ZS,2018,98.7
"Egypt, Arab Rep.",EGY,Access to electricity (% of population),EG.ELC.ACCS.ZS,2018,100.0
Euro area,EMU,Access to electricity (% of population),EG.ELC.ACCS.ZS,2018,99.97523719
Eritrea,ERI,Access to electricity (% of population),EG.ELC.ACCS.ZS,2018,49.1
Spain,ESP,Access to electricity (% of population),EG.ELC.ACCS.ZS,2018,100.0
Estonia,EST,Access to electricity (% of population),EG.ELC.ACCS.ZS,2018,100.0
Ethiopia,ETH,Access to electricity (% of population),EG.ELC.ACCS.ZS,2018,44.8
European Union,EUU,Access to electricity (% of population),EG.ELC.ACCS.ZS,2018,99.97171036
Finland,FIN,Access to electricity (% of population),EG.ELC.ACCS.ZS,2018,100.0
Fiji,FJI,Access to electricity (% of population),EG.ELC.ACCS.ZS,2018,95.1
France,FRA,Access to electricity (% of population),EG.ELC.ACCS.ZS,2018,100.0
Faroe Islands,FRO,Access to electricity (% of population),EG.ELC.ACCS.ZS,2018,100.0
"Micronesia, Fed. Sts.",FSM,Access to electricity (% of population),EG.ELC.ACCS.ZS,2018,78.3
Gabon,GAB,Access to electricity (% of population),EG.ELC.ACCS.ZS,2018,89.6
United Kingdom,GBR,Access to electricity (% of population),EG.ELC.ACCS.ZS,2018,100.0
Georgia,GEO,Access to electricity (% of population),EG.ELC.ACCS.ZS,2018,99.9
Ghana,GHA,Access to electricity (% of population),EG.ELC.ACCS.ZS,2018,80.4
Gibraltar,GIB,Access to electricity (% of population),EG.ELC.ACCS.ZS,2018,100.0
Guinea,GIN,Access to electricity (% of population),EG.ELC.ACCS.ZS,2018,45.0
"Gambia, The",GMB,Access to electricity (% of population),EG.ELC.ACCS.ZS,2018,60.3
Guinea-Bissau,GNB,Access to electricity (% of population),EG.ELC.ACCS.ZS,2018,28.4
Equatorial Guinea,GNQ,Access to electricity (% of population),EG.ELC.ACCS.ZS,2018,66.5
Greece,GRC,Access to electricity (% of population),EG.ELC.ACCS.ZS,2018,100.0
Grenada,GRD,Access to electricity (% of population),EG.ELC.ACCS.ZS,2018,92.3
Greenland,GRL,Access to electricity (% of population),EG.ELC.ACCS.ZS,2018,100.0
Guatemala,GTM,Access to electricity (% of population),EG.ELC.ACCS.ZS,2018,94.2
Guam,GUM,Access to electricity (% of population),EG.ELC.ACCS.ZS,2018,100.0
Guyana,GUY,Access to electricity (% of population),EG.ELC.ACCS.ZS,2018,90.9
High income,HIC,Access to electricity (% of population),EG.ELC.ACCS.ZS,2018,99.96264357
"Hong Kong SAR, China",HKG,Access to electricity (% of population),EG.ELC.ACCS.ZS,2018,100.0
Honduras,HND,Access to electricity (% of population),EG.ELC.ACCS.ZS,2018,91.6
Heavily indebted poor countries (HIPC),HPC,Access to electricity (% of population),EG.ELC.ACCS.ZS,2018,43.97203884
Croatia,HRV,Access to electricity (% of population),EG.ELC.ACCS.ZS,2018,100.0
Haiti,HTI,Access to electricity (% of population),EG.ELC.ACCS.ZS,2018,44.4
Hungary,HUN,Access to electricity (% of population),EG.ELC.ACCS.ZS,2018,100.0
IBRD only,IBD,Access to electricity (% of population),EG.ELC.ACCS.ZS,2018,97.74984433
IDA & IBRD total,IBT,Access to electricity (% of population),EG.ELC.ACCS.ZS,2018,88.20766807
IDA total,IDA,Access to electricity (% of population),EG.ELC.ACCS.ZS,2018,61.35976939
IDA blend,IDB,Access to electricity (% of population),EG.ELC.ACCS.ZS,2018,73.15187822
Indonesia,IDN,Access to electricity (% of population),EG.ELC.ACCS.ZS,2018,98.5
IDA only,IDX,Access to electricity (% of population),EG.ELC.ACCS.ZS,2018,54.94484892
Isle of Man,IMN,Access to electricity (% of population),EG.ELC.ACCS.ZS,2018,100.0
India,IND,Access to electricity (% of population),EG.ELC.ACCS.ZS,2018,95.7
Ireland,IRL,Access to electricity (% of population),EG.ELC.ACCS.ZS,2018,100.0
"Iran, Islamic Rep.",IRN,Access to electricity (% of population),EG.ELC.ACCS.ZS,2018,100.0
Iraq,IRQ,Access to electricity (% of population),EG.ELC.ACCS.ZS,2018,99.9
Iceland,ISL,Access to electricity (% of population),EG.ELC.ACCS.ZS,2018,100.0
Israel,ISR,Access to electricity (% of population),EG.ELC.ACCS.ZS,2018,100.0
Italy,ITA,Access to electricity (% of population),EG.ELC.ACCS.ZS,2018,100.0
Jamaica,JAM,Access to electricity (% of population),EG.ELC.ACCS.ZS,2018,98.2
Jordan,JOR,Access to electricity (% of population),EG.ELC.ACCS.ZS,2018,99.9
Japan,JPN,Access to electricity (% of population),EG.ELC.ACCS.ZS,2018,100.0
Kazakhstan,KAZ,Access to electricity (% of population),EG.ELC.ACCS.ZS,2018,100.0
Kenya,KEN,Access to electricity (% of population),EG.ELC.ACCS.ZS,2018,61.2
Kyrgyz Republic,KGZ,Access to electricity (% of population),EG.ELC.ACCS.ZS,2018,100.0
Cambodia,KHM,Access to electricity (% of population),EG.ELC.ACCS.ZS,2018,80.7
Kiribati,KIR,Access to electricity (% of population),EG.ELC.ACCS.ZS,2018,87.5
St. Kitts and Nevis,KNA,Access to electricity (% of population),EG.ELC.ACCS.ZS,2018,100.0
"Korea, Rep.",KOR,Access to electricity (% of population),EG.ELC.ACCS.ZS,2018,100.0
Kuwait,KWT,Access to electricity (% of population),EG.ELC.ACCS.ZS,2018,100.0
Latin America & Caribbean (excluding high income),LAC,Access to electricity (% of population),EG.ELC.ACCS.ZS,2018,97.67200418
Lao PDR,LAO,Access to electricity (% of population),EG.ELC.ACCS.ZS,2018,92.9
Lebanon,LBN,Access to electricity (% of population),EG.ELC.ACCS.ZS,2018,99.7
Liberia,LBR,Access to electricity (% of population),EG.ELC.ACCS.ZS,2018,22.8
Libya,LBY,Access to electricity (% of population),EG.ELC.ACCS.ZS,2018,67.0
St. Lucia,LCA,Access to electricity (% of population),EG.ELC.ACCS.ZS,2018,100.0
Latin America & Caribbean,LCN,Access to electricity (% of population),EG.ELC.ACCS.ZS,2018,97.75671521
Least developed countries: UN classification,LDC,Access to electricity (% of population),EG.ELC.ACCS.ZS,2018,51.08826357
Low income,LIC,Access to electricity (% of population),EG.ELC.ACCS.ZS,2018,40.45867516
Liechtenstein,LIE,Access to electricity (% of population),EG.ELC.ACCS.ZS,2018,100.0
Sri Lanka,LKA,Access to electricity (% of population),EG.ELC.ACCS.ZS,2018,99.6
Lower middle income,LMC,Access to electricity (% of population),EG.ELC.ACCS.ZS,2018,86.03589833
Low & middle income,LMY,Access to electricity (% of population),EG.ELC.ACCS.ZS,2018,87.60896551
Lesotho,LSO,Access to electricity (% of population),EG.ELC.ACCS.ZS,2018,47.0
Late-demographic dividend,LTE,Access to electricity (% of population),EG.ELC.ACCS.ZS,2018,99.28067636
Lithuania,LTU,Access to electricity (% of population),EG.ELC.ACCS.ZS,2018,100.0
Luxembourg,LUX,Access to electricity (% of population),EG.ELC.ACCS.ZS,2018,100.0
Latvia,LVA,Access to electricity (% of population),EG.ELC.ACCS.ZS,2018,100.0
"Macao SAR, China",MAC,Access to electricity (% of population),EG.ELC.ACCS.ZS,2018,100.0
St. Martin (French part),MAF,Access to electricity (% of population),EG.ELC.ACCS.ZS,2018,100.0
Morocco,MAR,Access to electricity (% of population),EG.ELC.ACCS.ZS,2018,98.1
Monaco,MCO,Access to electricity (% of population),EG.ELC.ACCS.ZS,2018,100.0
Moldova,MDA,Access to electricity (% of population),EG.ELC.ACCS.ZS,2018,100.0
Madagascar,MDG,Access to electricity (% of population),EG.ELC.ACCS.ZS,2018,36.5
Maldives,MDV,Access to electricity (% of population),EG.ELC.ACCS.ZS,2018,100.0
"Middle East, North Africa, Afghanistan & Pakistan",MEA,Access to electricity (% of population),EG.ELC.ACCS.ZS,2018,94.97068617
Mexico,MEX,Access to electricity (% of population),EG.ELC.ACCS.ZS,2018,99.5
Marshall Islands,MHL,Access to electricity (% of population),EG.ELC.ACCS.ZS,2018,95.3
Middle income,MIC,Access to electricity (% of population),EG.ELC.ACCS.ZS,2018,92.87533972
North Macedonia,MKD,Access to electricity (% of population),EG.ELC.ACCS.ZS,2018,99.8
Mali,MLI,Access to electricity (% of population),EG.ELC.ACCS.ZS,2018,50.9
Malta,MLT,Access to electricity (% of population),EG.ELC.ACCS.ZS,2018,100.0
Myanmar,MMR,Access to electricity (% of population),EG.ELC.ACCS.ZS,2018,66.1
"Middle East, North Africa, Afghanistan & Pakistan (excluding high income)",MNA,Access to electricity (% of population),EG.ELC.ACCS.ZS,2018,94.50936366
Montenegro,MNE,Access to electricity (% of population),EG.ELC.ACCS.ZS,2018,100.0
Mongolia,MNG,Access to electricity (% of population),EG.ELC.ACCS.ZS,2018,98.1
Northern Mariana Islands,MNP,Access to electricity (% of population),EG.ELC.ACCS.ZS,2018,100.0
Mozambique,MOZ,Access to electricity (% of population),EG.ELC.ACCS.ZS,2018,31.1
Mauritania,MRT,Access to electricity (% of population),EG.ELC.ACCS.ZS,2018,43.6
Mauritius,MUS,Access to electricity (% of population),EG.ELC.ACCS.ZS,2018,99.8
Malawi,MWI,Access to electricity (% of population),EG.ELC.ACCS.ZS,2018,18.0
Malaysia,MYS,Access to electricity (% of population),EG.ELC.ACCS.ZS,2018,100.0
North America,NAC,Access to electricity (% of population),EG.ELC.ACCS.ZS,2018,100.0
Namibia,NAM,Access to electricity (% of population),EG.ELC.ACCS.ZS,2018,52.3
New Caledonia,NCL,Access to electricity (% of population),EG.ELC.ACCS.ZS,2018,100.0
Niger,NER,Access to electricity (% of population),EG.ELC.ACCS.ZS,2018,17.6
Nigeria,NGA,Access to electricity (% of population),EG.ELC.ACCS.ZS,2018,56.5
Nicaragua,NIC,Access to electricity (% of population),EG.ELC.ACCS.ZS,2018,85.2
Netherlands,NLD,Access to electricity (% of population),EG.ELC.ACCS.ZS,2018,100.0
Norway,NOR,Access to electricity (% of population),EG.ELC.ACCS.ZS,2018,100.0
Nepal,NPL,Access to electricity (% of population),EG.ELC.ACCS.ZS,2018,93.9
Naoero,NRU,Access to electricity (% of population),EG.ELC.ACCS.ZS,2018,99.9
New Zealand,NZL,Access to electricity (% of population),EG.ELC.ACCS.ZS,2018,100.0
OECD members,OED,Access to electricity (% of population),EG.ELC.ACCS.ZS,2018,99.89875302
Oman,OMN,Access to electricity (% of population),EG.ELC.ACCS.ZS,2018,100.0
Other small states,OSS,Access to electricity (% of population),EG.ELC.ACCS.ZS,2018,90.47245307
Pakistan,PAK,Access to electricity (% of population),EG.ELC.ACCS.ZS,2018,93.4
Panama,PAN,Access to electricity (% of population),EG.ELC.ACCS.ZS,2018,93.8
Peru,PER,Access to electricity (% of population),EG.ELC.ACCS.ZS,2018,95.2
Philippines,PHL,Access to electricity (% of population),EG.ELC.ACCS.ZS,2018,94.2
Palau,PLW,Access to electricity (% of population),EG.ELC.ACCS.ZS,2018,100.0
Papua New Guinea,PNG,Access to electricity (% of population),EG.ELC.ACCS.ZS,2018,16.6
Poland,POL,Access to electricity (% of population),EG.ELC.ACCS.ZS,2018,100.0
Pre-demographic dividend,PRE,Access to electricity (% of population),EG.ELC.ACCS.ZS,2018,47.10308673
Puerto Rico (US),PRI,Access to electricity (% of population),EG.ELC.ACCS.ZS,2018,100.0
"Korea, Dem. People's Rep.",PRK,Access to electricity (% of population),EG.ELC.ACCS.ZS,2018,46.3
Portugal,PRT,Access to electricity (% of population),EG.ELC.ACCS.ZS,2018,100.0
Paraguay,PRY,Access to electricity (% of population),EG.ELC.ACCS.ZS,2018,99.6
West Bank and Gaza,PSE,Access to electricity (% of population),EG.ELC.ACCS.ZS,2018,100.0
Pacific island small states,PSS,Access to electricity (% of population),EG.ELC.ACCS.ZS,2018,82.69782731
Post-demographic dividend,PST,Access to electricity (% of population),EG.ELC.ACCS.ZS,2018,99.98216006
French Polynesia,PYF,Access to electricity (% of population),EG.ELC.ACCS.ZS,2018,100.0
Qatar,QAT,Access to electricity (% of population),EG.ELC.ACCS.ZS,2018,100.0
Romania,ROU,Access to electricity (% of population),EG.ELC.ACCS.ZS,2018,99.8
Russian Federation,RUS,Access to electricity (% of population),EG.ELC.ACCS.ZS,2018,100.0
Rwanda,RWA,Access to electricity (% of population),EG.ELC.ACCS.ZS,2018,38.0
South Asia,SAS,Access to electricity (% of population),EG.ELC.ACCS.ZS,2018,94.81920241
Saudi Arabia,SAU,Access to electricity (% of population),EG.ELC.ACCS.ZS,2018,99.9
Sudan,SDN,Access to electricity (% of population),EG.ELC.ACCS.ZS,2018,55.3
Senegal,SEN,Access to electricity (% of population),EG.ELC.ACCS.ZS,2018,66.0
Singapore,SGP,Access to electricity (% of population),EG.ELC.ACCS.ZS,2018,100.0
Solomon Islands,SLB,Access to electricity (% of population),EG.ELC.ACCS.ZS,2018,65.8
Sierra Leone,SLE,Access to electricity (% of population),EG.ELC.ACCS.ZS,2018,26.1
El Salvador,SLV,Access to electricity (% of population),EG.ELC.ACCS.ZS,2018,97.0
San Marino,SMR,Access to electricity (% of population),EG.ELC.ACCS.ZS,2018,100.0
"Somalia, Fed. Rep.",SOM,Access to electricity (% of population),EG.ELC.ACCS.ZS,2018,50.7
Serbia,SRB,Access to electricity (% of population),EG.ELC.ACCS.ZS,2018,100.0
Sub-Saharan Africa (excluding high income),SSA,Access to electricity (% of population),EG.ELC.ACCS.ZS,2018,46.40941391
South Sudan,SSD,Access to electricity (% of population),EG.ELC.ACCS.ZS,2018,6.3
Sub-Saharan Africa,SSF,Access to electricity (% of population),EG.ELC.ACCS.ZS,2018,46.41408895
Small states,SST,Access to electricity (% of population),EG.ELC.ACCS.ZS,2018,90.96473354
Sao Tome and Principe,STP,Access to electricity (% of population),EG.ELC.ACCS.ZS,2018,71.0
Suriname,SUR,Access to electricity (% of population),EG.ELC.ACCS.ZS,2018,97.4
Slovak Republic,SVK,Access to electricity (% of population),EG.ELC.ACCS.ZS,2018,100.0
Slovenia,SVN,Access to electricity (% of population),EG.ELC.ACCS.ZS,2018,100.0
Sweden,SWE,Access to electricity (% of population),EG.ELC.ACCS.ZS,2018,100.0
Eswatini,SWZ,Access to electricity (% of population),EG.ELC.ACCS.ZS,2018,74.0
Sint Maarten (Dutch part),SXM,Access to electricity (% of population),EG.ELC.ACCS.ZS,2018,100.0
Seychelles,SYC,Access to electricity (% of population),EG.ELC.ACCS.ZS,2018,100.0
Syrian Arab Republic,SYR,Access to electricity (% of population),EG.ELC.ACCS.ZS,2018,86.0
Turks and Caicos Islands,TCA,Access to electricity (% of population),EG.ELC.ACCS.ZS,2018,100.0
Chad,TCD,Access to electricity (% of population),EG.ELC.ACCS.ZS,2018,10.1
East Asia & Pacific (IDA & IBRD countries),TEA,Access to electricity (% of population),EG.ELC.ACCS.ZS,2018,98.05122975
Europe & Central Asia (IDA & IBRD countries),TEC,Access to electricity (% of population),EG.ELC.ACCS.ZS,2018,99.94152899
Togo,TGO,Access to electricity (% of population),EG.ELC.ACCS.ZS,2018,50.0
Thailand,THA,Access to electricity (% of population),EG.ELC.ACCS.ZS,2018,99.8
Tajikistan,TJK,Access to electricity (% of population),EG.ELC.ACCS.ZS,2018,99.3
Turkmenistan,TKM,Access to electricity (% of population),EG.ELC.ACCS.ZS,2018,100.0
Latin America & the Caribbean (IDA & IBRD countries),TLA,Access to electricity (% of population),EG.ELC.ACCS.ZS,2018,97.70788479
Timor-Leste,TLS,Access to electricity (% of population),EG.ELC.ACCS.ZS,2018,85.2
"Middle East, North Africa, Afghanistan & Pakistan (IDA & IBRD)",TMN,Access to electricity (% of population),EG.ELC.ACCS.ZS,2018,94.47157482
Tonga,TON,Access to electricity (% of population),EG.ELC.ACCS.ZS,2018,99.0
South Asia (IDA & IBRD),TSA,Access to electricity (% of population),EG.ELC.ACCS.ZS,2018,94.81920241
Sub-Saharan Africa (IDA & IBRD countries),TSS,Access to electricity (% of population),EG.ELC.ACCS.ZS,2018,46.41408895
Trinidad and Tobago,TTO,Access to electricity (% of population),EG.ELC.ACCS.ZS,2018,100.0
Tunisia,TUN,Access to electricity (% of population),EG.ELC.ACCS.ZS,2018,99.8
Turkiye,TUR,Access to electricity (% of population),EG.ELC.ACCS.ZS,2018,100.0
Tuvalu,TUV,Access to electricity (% of population),EG.ELC.ACCS.ZS,2018,99.0
Tanzania,TZA,Access to electricity (% of population),EG.ELC.ACCS.ZS,2018,34.9
Uganda,UGA,Access to electricity (% of population),EG.ELC.ACCS.ZS,2018,41.9
Ukraine,UKR,Access to electricity (% of population),EG.ELC.ACCS.ZS,2018,100.0
Upper middle income,UMC,Access to electricity (% of population),EG.ELC.ACCS.ZS,2018,99.02839319
Uruguay,URY,Access to electricity (% of population),EG.ELC.ACCS.ZS,2018,99.8
United States,USA,Access to electricity (% of population),EG.ELC.ACCS.ZS,2018,100.0
Uzbekistan,UZB,Access to electricity (% of population),EG.ELC.ACCS.ZS,2018,100.0
St. Vincent and the Grenadines,VCT,Access to electricity (% of population),EG.ELC.ACCS.ZS,2018,100.0
"Venezuela, RB",VEN,Access to electricity (% of population),EG.ELC.ACCS.ZS,2018,99.9
British Virgin Islands,VGB,Access to electricity (% of population),EG.ELC.ACCS.ZS,2018,100.0
Virgin Islands (U.S.),VIR,Access to electricity (% of population),EG.ELC.ACCS.ZS,2018,100.0
Viet Nam,VNM,Access to electricity (% of population),EG.ELC.ACCS.ZS,2018,100.0
Vanuatu,VUT,Access to electricity (% of population),EG.ELC.ACCS.ZS,2018,61.6
World,WLD,Access to electricity (% of population),EG.ELC.ACCS.ZS,2018,89.8011777
Samoa,WSM,Access to electricity (% of population),EG.ELC.ACCS.ZS,2018,99.8
"Yemen, Rep.",YEM,Access to electricity (% of population),EG.ELC.ACCS.ZS,2018,62.0
South Africa,ZAF,Access to electricity (% of population),EG.ELC.ACCS.ZS,2018,84.7
Zambia,ZMB,Access to electricity (% of population),EG.ELC.ACCS.ZS,2018,40.2
Zimbabwe,ZWE,Access to electricity (% of population),EG.ELC.ACCS.ZS,2018,45.4
Aruba,ABW,Access to electricity (% of population),EG.ELC.ACCS.ZS,2019,100.0
Africa Eastern and Southern,AFE,Access to electricity (% of population),EG.ELC.ACCS.ZS,2019,44.39086053
Afghanistan,AFG,Access to electricity (% of population),EG.ELC.ACCS.ZS,2019,97.7
Africa Western and Central,AFW,Access to electricity (% of population),EG.ELC.ACCS.ZS,2019,51.28937405
Angola,AGO,Access to electricity (% of population),EG.ELC.ACCS.ZS,2019,45.6
Albania,ALB,Access to electricity (% of population),EG.ELC.ACCS.ZS,2019,100.0
Andorra,AND,Access to electricity (% of population),EG.ELC.ACCS.ZS,2019,100.0
Arab World,ARB,Access to electricity (% of population),EG.ELC.ACCS.ZS,2019,89.92899631
United Arab Emirates,ARE,Access to electricity (% of population),EG.ELC.ACCS.ZS,2019,100.0
Argentina,ARG,Access to electricity (% of population),EG.ELC.ACCS.ZS,2019,100.0
Armenia,ARM,Access to electricity (% of population),EG.ELC.ACCS.ZS,2019,100.0
Antigua and Barbuda,ATG,Access to electricity (% of population),EG.ELC.ACCS.ZS,2019,100.0
Australia,AUS,Access to electricity (% of population),EG.ELC.ACCS.ZS,2019,100.0
Austria,AUT,Access to electricity (% of population),EG.ELC.ACCS.ZS,2019,100.0
Azerbaijan,AZE,Access to electricity (% of population),EG.ELC.ACCS.ZS,2019,100.0
Burundi,BDI,Access to electricity (% of population),EG.ELC.ACCS.ZS,2019,9.8
Belgium,BEL,Access to electricity (% of population),EG.ELC.ACCS.ZS,2019,100.0
Benin,BEN,Access to electricity (% of population),EG.ELC.ACCS.ZS,2019,40.0
Burkina Faso,BFA,Access to electricity (% of population),EG.ELC.ACCS.ZS,2019,17.6
Bangladesh,BGD,Access to electricity (% of population),EG.ELC.ACCS.ZS,2019,92.2
Bulgaria,BGR,Access to electricity (% of population),EG.ELC.ACCS.ZS,2019,99.2
Bahrain,BHR,Access to electricity (% of population),EG.ELC.ACCS.ZS,2019,100.0
"Bahamas, The",BHS,Access to electricity (% of population),EG.ELC.ACCS.ZS,2019,100.0
Bosnia and Herzegovina,BIH,Access to electricity (% of population),EG.ELC.ACCS.ZS,2019,100.0
Belarus,BLR,Access to electricity (% of population),EG.ELC.ACCS.ZS,2019,100.0
Belize,BLZ,Access to electricity (% of population),EG.ELC.ACCS.ZS,2019,92.7
Bermuda,BMU,Access to electricity (% of population),EG.ELC.ACCS.ZS,2019,100.0
Bolivia,BOL,Access to electricity (% of population),EG.ELC.ACCS.ZS,2019,95.1
Brazil,BRA,Access to electricity (% of population),EG.ELC.ACCS.ZS,2019,99.8
Barbados,BRB,Access to electricity (% of population),EG.ELC.ACCS.ZS,2019,100.0
Brunei Darussalam,BRN,Access to electricity (% of population),EG.ELC.ACCS.ZS,2019,100.0
Bhutan,BTN,Access to electricity (% of population),EG.ELC.ACCS.ZS,2019,100.0
Botswana,BWA,Access to electricity (% of population),EG.ELC.ACCS.ZS,2019,70.1
Central African Republic,CAF,Access to electricity (% of population),EG.ELC.ACCS.ZS,2019,14.3
Canada,CAN,Access to electricity (% of population),EG.ELC.ACCS.ZS,2019,100.0
Central Europe and the Baltics,CEB,Access to electricity (% of population),EG.ELC.ACCS.ZS,2019,99.94803496
Switzerland,CHE,Access to electricity (% of population),EG.ELC.ACCS.ZS,2019,100.0
Channel Islands,CHI,Access to electricity (% of population),EG.ELC.ACCS.ZS,2019,100.0
Chile,CHL,Access to electricity (% of population),EG.ELC.ACCS.ZS,2019,100.0
China,CHN,Access to electricity (% of population),EG.ELC.ACCS.ZS,2019,100.0
Cote d'Ivoire,CIV,Access to electricity (% of population),EG.ELC.ACCS.ZS,2019,68.6
Cameroon,CMR,Access to electricity (% of population),EG.ELC.ACCS.ZS,2019,63.2
"Congo, Dem. Rep.",COD,Access to electricity (% of population),EG.ELC.ACCS.ZS,2019,19.1
"Congo, Rep.",COG,Access to electricity (% of population),EG.ELC.ACCS.ZS,2019,47.7
Colombia,COL,Access to electricity (% of population),EG.ELC.ACCS.ZS,2019,99.4
Comoros,COM,Access to electricity (% of population),EG.ELC.ACCS.ZS,2019,83.3
Cabo Verde,CPV,Access to electricity (% of population),EG.ELC.ACCS.ZS,2019,91.4
Costa Rica,CRI,Access to electricity (% of population),EG.ELC.ACCS.ZS,2019,99.7
Caribbean small states,CSS,Access to electricity (% of population),EG.ELC.ACCS.ZS,2019,97.36859039
Cuba,CUB,Access to electricity (% of population),EG.ELC.ACCS.ZS,2019,99.8
Curacao,CUW,Access to electricity (% of population),EG.ELC.ACCS.ZS,2019,100.0
Cayman Islands,CYM,Access to electricity (% of population),EG.ELC.ACCS.ZS,2019,100.0
Cyprus,CYP,Access to electricity (% of population),EG.ELC.ACCS.ZS,2019,100.0
Czechia,CZE,Access to electricity (% of population),EG.ELC.ACCS.ZS,2019,100.0
Germany,DEU,Access to electricity (% of population),EG.ELC.ACCS.ZS,2019,100.0
Djibouti,DJI,Access to electricity (% of population),EG.ELC.ACCS.ZS,2019,64.7
Dominica,DMA,Access to electricity (% of population),EG.ELC.ACCS.ZS,2019,99.9
Denmark,DNK,Access to electricity (% of population),EG.ELC.ACCS.ZS,2019,100.0
Dominican Republic,DOM,Access to electricity (% of population),EG.ELC.ACCS.ZS,2019,99.0
Algeria,DZA,Access to electricity (% of population),EG.ELC.ACCS.ZS,2019,99.5
East Asia & Pacific (excluding high income),EAP,Access to electricity (% of population),EG.ELC.ACCS.ZS,2019,97.63719587
Early-demographic dividend,EAR,Access to electricity (% of population),EG.ELC.ACCS.ZS,2019,92.78953345
East Asia & Pacific,EAS,Access to electricity (% of population),EG.ELC.ACCS.ZS,2019,97.86358353
Europe & Central Asia (excluding high income),ECA,Access to electricity (% of population),EG.ELC.ACCS.ZS,2019,99.96577447
Europe & Central Asia,ECS,Access to electricity (% of population),EG.ELC.ACCS.ZS,2019,99.95345223
Ecuador,ECU,Access to electricity (% of population),EG.ELC.ACCS.ZS,2019,99.1
"Egypt, Arab Rep.",EGY,Access to electricity (% of population),EG.ELC.ACCS.ZS,2019,100.0
Euro area,EMU,Access to electricity (% of population),EG.ELC.ACCS.ZS,2019,99.9850094
Eritrea,ERI,Access to electricity (% of population),EG.ELC.ACCS.ZS,2019,50.3
Spain,ESP,Access to electricity (% of population),EG.ELC.ACCS.ZS,2019,100.0
Estonia,EST,Access to electricity (% of population),EG.ELC.ACCS.ZS,2019,100.0
Ethiopia,ETH,Access to electricity (% of population),EG.ELC.ACCS.ZS,2019,48.0
European Union,EUU,Access to electricity (% of population),EG.ELC.ACCS.ZS,2019,99.98815561
Finland,FIN,Access to electricity (% of population),EG.ELC.ACCS.ZS,2019,100.0
Fiji,FJI,Access to electricity (% of population),EG.ELC.ACCS.ZS,2019,96.1
France,FRA,Access to electricity (% of population),EG.ELC.ACCS.ZS,2019,100.0
Faroe Islands,FRO,Access to electricity (% of population),EG.ELC.ACCS.ZS,2019,100.0
"Micronesia, Fed. Sts.",FSM,Access to electricity (% of population),EG.ELC.ACCS.ZS,2019,80.1
Gabon,GAB,Access to electricity (% of population),EG.ELC.ACCS.ZS,2019,90.3
United Kingdom,GBR,Access to electricity (% of population),EG.ELC.ACCS.ZS,2019,100.0
Georgia,GEO,Access to electricity (% of population),EG.ELC.ACCS.ZS,2019,100.0
Ghana,GHA,Access to electricity (% of population),EG.ELC.ACCS.ZS,2019,83.5
Gibraltar,GIB,Access to electricity (% of population),EG.ELC.ACCS.ZS,2019,100.0
Guinea,GIN,Access to electricity (% of population),EG.ELC.ACCS.ZS,2019,42.2
"Gambia, The",GMB,Access to electricity (% of population),EG.ELC.ACCS.ZS,2019,62.1
Guinea-Bissau,GNB,Access to electricity (% of population),EG.ELC.ACCS.ZS,2019,30.9
Equatorial Guinea,GNQ,Access to electricity (% of population),EG.ELC.ACCS.ZS,2019,66.6
Greece,GRC,Access to electricity (% of population),EG.ELC.ACCS.ZS,2019,100.0
Grenada,GRD,Access to electricity (% of population),EG.ELC.ACCS.ZS,2019,93.0
Greenland,GRL,Access to electricity (% of population),EG.ELC.ACCS.ZS,2019,100.0
Guatemala,GTM,Access to electricity (% of population),EG.ELC.ACCS.ZS,2019,95.4
Guam,GUM,Access to electricity (% of population),EG.ELC.ACCS.ZS,2019,100.0
Guyana,GUY,Access to electricity (% of population),EG.ELC.ACCS.ZS,2019,91.6
High income,HIC,Access to electricity (% of population),EG.ELC.ACCS.ZS,2019,99.94960957
"Hong Kong SAR, China",HKG,Access to electricity (% of population),EG.ELC.ACCS.ZS,2019,100.0
Honduras,HND,Access to electricity (% of population),EG.ELC.ACCS.ZS,2019,91.1
Heavily indebted poor countries (HIPC),HPC,Access to electricity (% of population),EG.ELC.ACCS.ZS,2019,45.01480387
Croatia,HRV,Access to electricity (% of population),EG.ELC.ACCS.ZS,2019,100.0
Haiti,HTI,Access to electricity (% of population),EG.ELC.ACCS.ZS,2019,45.4
Hungary,HUN,Access to electricity (% of population),EG.ELC.ACCS.ZS,2019,100.0
IBRD only,IBD,Access to electricity (% of population),EG.ELC.ACCS.ZS,2019,97.8715753
IDA & IBRD total,IBT,Access to electricity (% of population),EG.ELC.ACCS.ZS,2019,88.57226431
IDA total,IDA,Access to electricity (% of population),EG.ELC.ACCS.ZS,2019,62.77460208
IDA blend,IDB,Access to electricity (% of population),EG.ELC.ACCS.ZS,2019,73.90890881
Indonesia,IDN,Access to electricity (% of population),EG.ELC.ACCS.ZS,2019,98.8
IDA only,IDX,Access to electricity (% of population),EG.ELC.ACCS.ZS,2019,56.73777647
Isle of Man,IMN,Access to electricity (% of population),EG.ELC.ACCS.ZS,2019,100.0
India,IND,Access to electricity (% of population),EG.ELC.ACCS.ZS,2019,95.9
Ireland,IRL,Access to electricity (% of population),EG.ELC.ACCS.ZS,2019,100.0
"Iran, Islamic Rep.",IRN,Access to electricity (% of population),EG.ELC.ACCS.ZS,2019,100.0
Iraq,IRQ,Access to electricity (% of population),EG.ELC.ACCS.ZS,2019,100.0
Iceland,ISL,Access to electricity (% of population),EG.ELC.ACCS.ZS,2019,100.0
Israel,ISR,Access to electricity (% of population),EG.ELC.ACCS.ZS,2019,100.0
Italy,ITA,Access to electricity (% of population),EG.ELC.ACCS.ZS,2019,100.0
Jamaica,JAM,Access to electricity (% of population),EG.ELC.ACCS.ZS,2019,98.9
Jordan,JOR,Access to electricity (% of population),EG.ELC.ACCS.ZS,2019,99.9
Japan,JPN,Access to electricity (% of population),EG.ELC.ACCS.ZS,2019,100.0
Kazakhstan,KAZ,Access to electricity (% of population),EG.ELC.ACCS.ZS,2019,100.0
Kenya,KEN,Access to electricity (% of population),EG.ELC.ACCS.ZS,2019,69.7
Kyrgyz Republic,KGZ,Access to electricity (% of population),EG.ELC.ACCS.ZS,2019,99.9
Cambodia,KHM,Access to electricity (% of population),EG.ELC.ACCS.ZS,2019,84.0
Kiribati,KIR,Access to electricity (% of population),EG.ELC.ACCS.ZS,2019,89.3
St. Kitts and Nevis,KNA,Access to electricity (% of population),EG.ELC.ACCS.ZS,2019,100.0
"Korea, Rep.",KOR,Access to electricity (% of population),EG.ELC.ACCS.ZS,2019,100.0
Kuwait,KWT,Access to electricity (% of population),EG.ELC.ACCS.ZS,2019,100.0
Latin America & Caribbean (excluding high income),LAC,Access to electricity (% of population),EG.ELC.ACCS.ZS,2019,97.92674803
Lao PDR,LAO,Access to electricity (% of population),EG.ELC.ACCS.ZS,2019,98.4
Lebanon,LBN,Access to electricity (% of population),EG.ELC.ACCS.ZS,2019,100.0
Liberia,LBR,Access to electricity (% of population),EG.ELC.ACCS.ZS,2019,23.1
Libya,LBY,Access to electricity (% of population),EG.ELC.ACCS.ZS,2019,68.5
St. Lucia,LCA,Access to electricity (% of population),EG.ELC.ACCS.ZS,2019,100.0
Latin America & Caribbean,LCN,Access to electricity (% of population),EG.ELC.ACCS.ZS,2019,97.99821139
Least developed countries: UN classification,LDC,Access to electricity (% of population),EG.ELC.ACCS.ZS,2019,52.87901431
Low income,LIC,Access to electricity (% of population),EG.ELC.ACCS.ZS,2019,41.84401126
Liechtenstein,LIE,Access to electricity (% of population),EG.ELC.ACCS.ZS,2019,100.0
Sri Lanka,LKA,Access to electricity (% of population),EG.ELC.ACCS.ZS,2019,99.8
Lower middle income,LMC,Access to electricity (% of population),EG.ELC.ACCS.ZS,2019,86.76645237
Low & middle income,LMY,Access to electricity (% of population),EG.ELC.ACCS.ZS,2019,88.00367204
Lesotho,LSO,Access to electricity (% of population),EG.ELC.ACCS.ZS,2019,44.6
Late-demographic dividend,LTE,Access to electricity (% of population),EG.ELC.ACCS.ZS,2019,99.32897712
Lithuania,LTU,Access to electricity (% of population),EG.ELC.ACCS.ZS,2019,100.0
Luxembourg,LUX,Access to electricity (% of population),EG.ELC.ACCS.ZS,2019,100.0
Latvia,LVA,Access to electricity (% of population),EG.ELC.ACCS.ZS,2019,100.0
"Macao SAR, China",MAC,Access to electricity (% of population),EG.ELC.ACCS.ZS,2019,100.0
St. Martin (French part),MAF,Access to electricity (% of population),EG.ELC.ACCS.ZS,2019,100.0
Morocco,MAR,Access to electricity (% of population),EG.ELC.ACCS.ZS,2019,99.6
Monaco,MCO,Access to electricity (% of population),EG.ELC.ACCS.ZS,2019,100.0
Moldova,MDA,Access to electricity (% of population),EG.ELC.ACCS.ZS,2019,100.0
Madagascar,MDG,Access to electricity (% of population),EG.ELC.ACCS.ZS,2019,31.0
Maldives,MDV,Access to electricity (% of population),EG.ELC.ACCS.ZS,2019,100.0
"Middle East, North Africa, Afghanistan & Pakistan",MEA,Access to electricity (% of population),EG.ELC.ACCS.ZS,2019,96.0087073
Mexico,MEX,Access to electricity (% of population),EG.ELC.ACCS.ZS,2019,99.6
Marshall Islands,MHL,Access to electricity (% of population),EG.ELC.ACCS.ZS,2019,96.8
Middle income,MIC,Access to electricity (% of population),EG.ELC.ACCS.ZS,2019,93.25503087
North Macedonia,MKD,Access to electricity (% of population),EG.ELC.ACCS.ZS,2019,100.0
Mali,MLI,Access to electricity (% of population),EG.ELC.ACCS.ZS,2019,47.9
Malta,MLT,Access to electricity (% of population),EG.ELC.ACCS.ZS,2019,100.0
Myanmar,MMR,Access to electricity (% of population),EG.ELC.ACCS.ZS,2019,68.3
"Middle East, North Africa, Afghanistan & Pakistan (excluding high income)",MNA,Access to electricity (% of population),EG.ELC.ACCS.ZS,2019,95.64374719
Montenegro,MNE,Access to electricity (% of population),EG.ELC.ACCS.ZS,2019,100.0
Mongolia,MNG,Access to electricity (% of population),EG.ELC.ACCS.ZS,2019,98.9
Northern Mariana Islands,MNP,Access to electricity (% of population),EG.ELC.ACCS.ZS,2019,100.0
Mozambique,MOZ,Access to electricity (% of population),EG.ELC.ACCS.ZS,2019,29.7
Mauritania,MRT,Access to electricity (% of population),EG.ELC.ACCS.ZS,2019,44.9
Mauritius,MUS,Access to electricity (% of population),EG.ELC.ACCS.ZS,2019,100.0
Malawi,MWI,Access to electricity (% of population),EG.ELC.ACCS.ZS,2019,11.2
Malaysia,MYS,Access to electricity (% of population),EG.ELC.ACCS.ZS,2019,100.0
North America,NAC,Access to electricity (% of population),EG.ELC.ACCS.ZS,2019,100.0
Namibia,NAM,Access to electricity (% of population),EG.ELC.ACCS.ZS,2019,53.3
New Caledonia,NCL,Access to electricity (% of population),EG.ELC.ACCS.ZS,2019,100.0
Niger,NER,Access to electricity (% of population),EG.ELC.ACCS.ZS,2019,18.5
Nigeria,NGA,Access to electricity (% of population),EG.ELC.ACCS.ZS,2019,55.4
Nicaragua,NIC,Access to electricity (% of population),EG.ELC.ACCS.ZS,2019,85.7
Netherlands,NLD,Access to electricity (% of population),EG.ELC.ACCS.ZS,2019,100.0
Norway,NOR,Access to electricity (% of population),EG.ELC.ACCS.ZS,2019,100.0
Nepal,NPL,Access to electricity (% of population),EG.ELC.ACCS.ZS,2019,89.9
Naoero,NRU,Access to electricity (% of population),EG.ELC.ACCS.ZS,2019,100.0
New Zealand,NZL,Access to electricity (% of population),EG.ELC.ACCS.ZS,2019,100.0
OECD members,OED,Access to electricity (% of population),EG.ELC.ACCS.ZS,2019,99.94007238
Oman,OMN,Access to electricity (% of population),EG.ELC.ACCS.ZS,2019,100.0
Other small states,OSS,Access to electricity (% of population),EG.ELC.ACCS.ZS,2019,91.80355131
Pakistan,PAK,Access to electricity (% of population),EG.ELC.ACCS.ZS,2019,93.9
Panama,PAN,Access to electricity (% of population),EG.ELC.ACCS.ZS,2019,93.9
Peru,PER,Access to electricity (% of population),EG.ELC.ACCS.ZS,2019,95.6
Philippines,PHL,Access to electricity (% of population),EG.ELC.ACCS.ZS,2019,95.3
Palau,PLW,Access to electricity (% of population),EG.ELC.ACCS.ZS,2019,100.0
Papua New Guinea,PNG,Access to electricity (% of population),EG.ELC.ACCS.ZS,2019,23.6
Poland,POL,Access to electricity (% of population),EG.ELC.ACCS.ZS,2019,100.0
Pre-demographic dividend,PRE,Access to electricity (% of population),EG.ELC.ACCS.ZS,2019,47.58490281
Puerto Rico (US),PRI,Access to electricity (% of population),EG.ELC.ACCS.ZS,2019,100.0
"Korea, Dem. People's Rep.",PRK,Access to electricity (% of population),EG.ELC.ACCS.ZS,2019,48.4
Portugal,PRT,Access to electricity (% of population),EG.ELC.ACCS.ZS,2019,100.0
Paraguay,PRY,Access to electricity (% of population),EG.ELC.ACCS.ZS,2019,99.7
West Bank and Gaza,PSE,Access to electricity (% of population),EG.ELC.ACCS.ZS,2019,100.0
Pacific island small states,PSS,Access to electricity (% of population),EG.ELC.ACCS.ZS,2019,84.34343509
Post-demographic dividend,PST,Access to electricity (% of population),EG.ELC.ACCS.ZS,2019,99.99324246
French Polynesia,PYF,Access to electricity (% of population),EG.ELC.ACCS.ZS,2019,100.0
Qatar,QAT,Access to electricity (% of population),EG.ELC.ACCS.ZS,2019,100.0
Romania,ROU,Access to electricity (% of population),EG.ELC.ACCS.ZS,2019,100.0
Russian Federation,RUS,Access to electricity (% of population),EG.ELC.ACCS.ZS,2019,99.8
Rwanda,RWA,Access to electricity (% of population),EG.ELC.ACCS.ZS,2019,46.6
South Asia,SAS,Access to electricity (% of population),EG.ELC.ACCS.ZS,2019,95.4698954
Saudi Arabia,SAU,Access to electricity (% of population),EG.ELC.ACCS.ZS,2019,100.0
Sudan,SDN,Access to electricity (% of population),EG.ELC.ACCS.ZS,2019,57.6
Senegal,SEN,Access to electricity (% of population),EG.ELC.ACCS.ZS,2019,70.4
Singapore,SGP,Access to electricity (% of population),EG.ELC.ACCS.ZS,2019,100.0
Solomon Islands,SLB,Access to electricity (% of population),EG.ELC.ACCS.ZS,2019,69.4
Sierra Leone,SLE,Access to electricity (% of population),EG.ELC.ACCS.ZS,2019,22.7
El Salvador,SLV,Access to electricity (% of population),EG.ELC.ACCS.ZS,2019,97.4
San Marino,SMR,Access to electricity (% of population),EG.ELC.ACCS.ZS,2019,100.0
"Somalia, Fed. Rep.",SOM,Access to electricity (% of population),EG.ELC.ACCS.ZS,2019,49.2
Serbia,SRB,Access to electricity (% of population),EG.ELC.ACCS.ZS,2019,99.8
Sub-Saharan Africa (excluding high income),SSA,Access to electricity (% of population),EG.ELC.ACCS.ZS,2019,47.18896118
South Sudan,SSD,Access to electricity (% of population),EG.ELC.ACCS.ZS,2019,6.8
Sub-Saharan Africa,SSF,Access to electricity (% of population),EG.ELC.ACCS.ZS,2019,47.19348977
Small states,SST,Access to electricity (% of population),EG.ELC.ACCS.ZS,2019,92.09192228
Sao Tome and Principe,STP,Access to electricity (% of population),EG.ELC.ACCS.ZS,2019,75.1
Suriname,SUR,Access to electricity (% of population),EG.ELC.ACCS.ZS,2019,97.9
Slovak Republic,SVK,Access to electricity (% of population),EG.ELC.ACCS.ZS,2019,100.0
Slovenia,SVN,Access to electricity (% of population),EG.ELC.ACCS.ZS,2019,100.0
Sweden,SWE,Access to electricity (% of population),EG.ELC.ACCS.ZS,2019,100.0
Eswatini,SWZ,Access to electricity (% of population),EG.ELC.ACCS.ZS,2019,77.0
Sint Maarten (Dutch part),SXM,Access to electricity (% of population),EG.ELC.ACCS.ZS,2019,100.0
Seychelles,SYC,Access to electricity (% of population),EG.ELC.ACCS.ZS,2019,100.0
Syrian Arab Republic,SYR,Access to electricity (% of population),EG.ELC.ACCS.ZS,2019,89.2
Turks and Caicos Islands,TCA,Access to electricity (% of population),EG.ELC.ACCS.ZS,2019,100.0
Chad,TCD,Access to electricity (% of population),EG.ELC.ACCS.ZS,2019,8.4
East Asia & Pacific (IDA & IBRD countries),TEA,Access to electricity (% of population),EG.ELC.ACCS.ZS,2019,98.25172911
Europe & Central Asia (IDA & IBRD countries),TEC,Access to electricity (% of population),EG.ELC.ACCS.ZS,2019,99.90691946
Togo,TGO,Access to electricity (% of population),EG.ELC.ACCS.ZS,2019,52.5
Thailand,THA,Access to electricity (% of population),EG.ELC.ACCS.ZS,2019,99.9
Tajikistan,TJK,Access to electricity (% of population),EG.ELC.ACCS.ZS,2019,99.4
Turkmenistan,TKM,Access to electricity (% of population),EG.ELC.ACCS.ZS,2019,99.9
Latin America & the Caribbean (IDA & IBRD countries),TLA,Access to electricity (% of population),EG.ELC.ACCS.ZS,2019,97.95220215
Timor-Leste,TLS,Access to electricity (% of population),EG.ELC.ACCS.ZS,2019,90.6
"Middle East, North Africa, Afghanistan & Pakistan (IDA & IBRD)",TMN,Access to electricity (% of population),EG.ELC.ACCS.ZS,2019,95.61354565
Tonga,TON,Access to electricity (% of population),EG.ELC.ACCS.ZS,2019,98.4
South Asia (IDA & IBRD),TSA,Access to electricity (% of population),EG.ELC.ACCS.ZS,2019,95.4698954
Sub-Saharan Africa (IDA & IBRD countries),TSS,Access to electricity (% of population),EG.ELC.ACCS.ZS,2019,47.19348977
Trinidad and Tobago,TTO,Access to electricity (% of population),EG.ELC.ACCS.ZS,2019,100.0
Tunisia,TUN,Access to electricity (% of population),EG.ELC.ACCS.ZS,2019,100.0
Turkiye,TUR,Access to electricity (% of population),EG.ELC.ACCS.ZS,2019,100.0
Tuvalu,TUV,Access to electricity (% of population),EG.ELC.ACCS.ZS,2019,99.7
Tanzania,TZA,Access to electricity (% of population),EG.ELC.ACCS.ZS,2019,37.7
Uganda,UGA,Access to electricity (% of population),EG.ELC.ACCS.ZS,2019,41.3
Ukraine,UKR,Access to electricity (% of population),EG.ELC.ACCS.ZS,2019,100.0
Upper middle income,UMC,Access to electricity (% of population),EG.ELC.ACCS.ZS,2019,99.13086622
Uruguay,URY,Access to electricity (% of population),EG.ELC.ACCS.ZS,2019,99.9
United States,USA,Access to electricity (% of population),EG.ELC.ACCS.ZS,2019,100.0
Uzbekistan,UZB,Access to electricity (% of population),EG.ELC.ACCS.ZS,2019,100.0
St. Vincent and the Grenadines,VCT,Access to electricity (% of population),EG.ELC.ACCS.ZS,2019,100.0
"Venezuela, RB",VEN,Access to electricity (% of population),EG.ELC.ACCS.ZS,2019,99.8
British Virgin Islands,VGB,Access to electricity (% of population),EG.ELC.ACCS.ZS,2019,100.0
Virgin Islands (U.S.),VIR,Access to electricity (% of population),EG.ELC.ACCS.ZS,2019,100.0
Viet Nam,VNM,Access to electricity (% of population),EG.ELC.ACCS.ZS,2019,99.4
Vanuatu,VUT,Access to electricity (% of population),EG.ELC.ACCS.ZS,2019,64.5
World,WLD,Access to electricity (% of population),EG.ELC.ACCS.ZS,2019,90.10896359
Samoa,WSM,Access to electricity (% of population),EG.ELC.ACCS.ZS,2019,99.2
"Yemen, Rep.",YEM,Access to electricity (% of population),EG.ELC.ACCS.ZS,2019,72.8
South Africa,ZAF,Access to electricity (% of population),EG.ELC.ACCS.ZS,2019,85.0
Zambia,ZMB,Access to electricity (% of population),EG.ELC.ACCS.ZS,2019,43.0
Zimbabwe,ZWE,Access to electricity (% of population),EG.ELC.ACCS.ZS,2019,46.7
Aruba,ABW,Access to electricity (% of population),EG.ELC.ACCS.ZS,2020,100.0
Africa Eastern and Southern,AFE,Access to electricity (% of population),EG.ELC.ACCS.ZS,2020,46.28237095
Afghanistan,AFG,Access to electricity (% of population),EG.ELC.ACCS.ZS,2020,97.7
Africa Western and Central,AFW,Access to electricity (% of population),EG.ELC.ACCS.ZS,2020,51.85186621
Angola,AGO,Access to electricity (% of population),EG.ELC.ACCS.ZS,2020,47.0
Albania,ALB,Access to electricity (% of population),EG.ELC.ACCS.ZS,2020,100.0
Andorra,AND,Access to electricity (% of population),EG.ELC.ACCS.ZS,2020,100.0
Arab World,ARB,Access to electricity (% of population),EG.ELC.ACCS.ZS,2020,90.24177697
United Arab Emirates,ARE,Access to electricity (% of population),EG.ELC.ACCS.ZS,2020,100.0
Argentina,ARG,Access to electricity (% of population),EG.ELC.ACCS.ZS,2020,100.0
Armenia,ARM,Access to electricity (% of population),EG.ELC.ACCS.ZS,2020,100.0
Antigua and Barbuda,ATG,Access to electricity (% of population),EG.ELC.ACCS.ZS,2020,100.0
Australia,AUS,Access to electricity (% of population),EG.ELC.ACCS.ZS,2020,100.0
Austria,AUT,Access to electricity (% of population),EG.ELC.ACCS.ZS,2020,100.0
Azerbaijan,AZE,Access to electricity (% of population),EG.ELC.ACCS.ZS,2020,100.0
Burundi,BDI,Access to electricity (% of population),EG.ELC.ACCS.ZS,2020,9.1
Belgium,BEL,Access to electricity (% of population),EG.ELC.ACCS.ZS,2020,100.0
Benin,BEN,Access to electricity (% of population),EG.ELC.ACCS.ZS,2020,41.0
Burkina Faso,BFA,Access to electricity (% of population),EG.ELC.ACCS.ZS,2020,18.5
Bangladesh,BGD,Access to electricity (% of population),EG.ELC.ACCS.ZS,2020,96.2
Bulgaria,BGR,Access to electricity (% of population),EG.ELC.ACCS.ZS,2020,99.7
Bahrain,BHR,Access to electricity (% of population),EG.ELC.ACCS.ZS,2020,100.0
"Bahamas, The",BHS,Access to electricity (% of population),EG.ELC.ACCS.ZS,2020,100.0
Bosnia and Herzegovina,BIH,Access to electricity (% of population),EG.ELC.ACCS.ZS,2020,100.0
Belarus,BLR,Access to electricity (% of population),EG.ELC.ACCS.ZS,2020,100.0
Belize,BLZ,Access to electricity (% of population),EG.ELC.ACCS.ZS,2020,96.8
Bermuda,BMU,Access to electricity (% of population),EG.ELC.ACCS.ZS,2020,100.0
Bolivia,BOL,Access to electricity (% of population),EG.ELC.ACCS.ZS,2020,97.2
Brazil,BRA,Access to electricity (% of population),EG.ELC.ACCS.ZS,2020,99.7
Barbados,BRB,Access to electricity (% of population),EG.ELC.ACCS.ZS,2020,100.0
Brunei Darussalam,BRN,Access to electricity (% of population),EG.ELC.ACCS.ZS,2020,100.0
Bhutan,BTN,Access to electricity (% of population),EG.ELC.ACCS.ZS,2020,100.0
Botswana,BWA,Access to electricity (% of population),EG.ELC.ACCS.ZS,2020,71.8
Central African Republic,CAF,Access to electricity (% of population),EG.ELC.ACCS.ZS,2020,15.4
Canada,CAN,Access to electricity (% of population),EG.ELC.ACCS.ZS,2020,100.0
Central Europe and the Baltics,CEB,Access to electricity (% of population),EG.ELC.ACCS.ZS,2020,99.98058396
Switzerland,CHE,Access to electricity (% of population),EG.ELC.ACCS.ZS,2020,100.0
Channel Islands,CHI,Access to electricity (% of population),EG.ELC.ACCS.ZS,2020,100.0
Chile,CHL,Access to electricity (% of population),EG.ELC.ACCS.ZS,2020,100.0
China,CHN,Access to electricity (% of population),EG.ELC.ACCS.ZS,2020,100.0
Cote d'Ivoire,CIV,Access to electricity (% of population),EG.ELC.ACCS.ZS,2020,69.9
Cameroon,CMR,Access to electricity (% of population),EG.ELC.ACCS.ZS,2020,64.3
"Congo, Dem. Rep.",COD,Access to electricity (% of population),EG.ELC.ACCS.ZS,2020,20.1
"Congo, Rep.",COG,Access to electricity (% of population),EG.ELC.ACCS.ZS,2020,48.7
Colombia,COL,Access to electricity (% of population),EG.ELC.ACCS.ZS,2020,99.7
Comoros,COM,Access to electricity (% of population),EG.ELC.ACCS.ZS,2020,85.6
Cabo Verde,CPV,Access to electricity (% of population),EG.ELC.ACCS.ZS,2020,93.7
Costa Rica,CRI,Access to electricity (% of population),EG.ELC.ACCS.ZS,2020,99.9
Caribbean small states,CSS,Access to electricity (% of population),EG.ELC.ACCS.ZS,2020,97.93336269
Cuba,CUB,Access to electricity (% of population),EG.ELC.ACCS.ZS,2020,99.9
Curacao,CUW,Access to electricity (% of population),EG.ELC.ACCS.ZS,2020,100.0
Cayman Islands,CYM,Access to electricity (% of population),EG.ELC.ACCS.ZS,2020,100.0
Cyprus,CYP,Access to electricity (% of population),EG.ELC.ACCS.ZS,2020,100.0
Czechia,CZE,Access to electricity (% of population),EG.ELC.ACCS.ZS,2020,100.0
Germany,DEU,Access to electricity (% of population),EG.ELC.ACCS.ZS,2020,100.0
Djibouti,DJI,Access to electricity (% of population),EG.ELC.ACCS.ZS,2020,64.5
Dominica,DMA,Access to electricity (% of population),EG.ELC.ACCS.ZS,2020,100.0
Denmark,DNK,Access to electricity (% of population),EG.ELC.ACCS.ZS,2020,100.0
Dominican Republic,DOM,Access to electricity (% of population),EG.ELC.ACCS.ZS,2020,100.0
Algeria,DZA,Access to electricity (% of population),EG.ELC.ACCS.ZS,2020,99.7
East Asia & Pacific (excluding high income),EAP,Access to electricity (% of population),EG.ELC.ACCS.ZS,2020,97.56518497
Early-demographic dividend,EAR,Access to electricity (% of population),EG.ELC.ACCS.ZS,2020,93.4552644
East Asia & Pacific,EAS,Access to electricity (% of population),EG.ELC.ACCS.ZS,2020,97.79760426
Europe & Central Asia (excluding high income),ECA,Access to electricity (% of population),EG.ELC.ACCS.ZS,2020,99.9774302
Europe & Central Asia,ECS,Access to electricity (% of population),EG.ELC.ACCS.ZS,2020,99.97602733
Ecuador,ECU,Access to electricity (% of population),EG.ELC.ACCS.ZS,2020,98.8
"Egypt, Arab Rep.",EGY,Access to electricity (% of population),EG.ELC.ACCS.ZS,2020,100.0
Euro area,EMU,Access to electricity (% of population),EG.ELC.ACCS.ZS,2020,99.99444129
Eritrea,ERI,Access to electricity (% of population),EG.ELC.ACCS.ZS,2020,51.4
Spain,ESP,Access to electricity (% of population),EG.ELC.ACCS.ZS,2020,100.0
Estonia,EST,Access to electricity (% of population),EG.ELC.ACCS.ZS,2020,100.0
Ethiopia,ETH,Access to electricity (% of population),EG.ELC.ACCS.ZS,2020,51.1
European Union,EUU,Access to electricity (% of population),EG.ELC.ACCS.ZS,2020,99.99560229
Finland,FIN,Access to electricity (% of population),EG.ELC.ACCS.ZS,2020,100.0
Fiji,FJI,Access to electricity (% of population),EG.ELC.ACCS.ZS,2020,97.1
France,FRA,Access to electricity (% of population),EG.ELC.ACCS.ZS,2020,100.0
Faroe Islands,FRO,Access to electricity (% of population),EG.ELC.ACCS.ZS,2020,100.0
"Micronesia, Fed. Sts.",FSM,Access to electricity (% of population),EG.ELC.ACCS.ZS,2020,81.9
Gabon,GAB,Access to electricity (% of population),EG.ELC.ACCS.ZS,2020,91.1
United Kingdom,GBR,Access to electricity (% of population),EG.ELC.ACCS.ZS,2020,100.0
Georgia,GEO,Access to electricity (% of population),EG.ELC.ACCS.ZS,2020,100.0
Ghana,GHA,Access to electricity (% of population),EG.ELC.ACCS.ZS,2020,85.4
Gibraltar,GIB,Access to electricity (% of population),EG.ELC.ACCS.ZS,2020,100.0
Guinea,GIN,Access to electricity (% of population),EG.ELC.ACCS.ZS,2020,44.7
"Gambia, The",GMB,Access to electricity (% of population),EG.ELC.ACCS.ZS,2020,62.2
Guinea-Bissau,GNB,Access to electricity (% of population),EG.ELC.ACCS.ZS,2020,33.4
Equatorial Guinea,GNQ,Access to electricity (% of population),EG.ELC.ACCS.ZS,2020,66.7
Greece,GRC,Access to electricity (% of population),EG.ELC.ACCS.ZS,2020,100.0
Grenada,GRD,Access to electricity (% of population),EG.ELC.ACCS.ZS,2020,93.4
Greenland,GRL,Access to electricity (% of population),EG.ELC.ACCS.ZS,2020,100.0
Guatemala,GTM,Access to electricity (% of population),EG.ELC.ACCS.ZS,2020,96.6
Guam,GUM,Access to electricity (% of population),EG.ELC.ACCS.ZS,2020,100.0
Guyana,GUY,Access to electricity (% of population),EG.ELC.ACCS.ZS,2020,92.3
High income,HIC,Access to electricity (% of population),EG.ELC.ACCS.ZS,2020,99.96830589
"Hong Kong SAR, China",HKG,Access to electricity (% of population),EG.ELC.ACCS.ZS,2020,100.0
Honduras,HND,Access to electricity (% of population),EG.ELC.ACCS.ZS,2020,93.1
Heavily indebted poor countries (HIPC),HPC,Access to electricity (% of population),EG.ELC.ACCS.ZS,2020,46.33252057
Croatia,HRV,Access to electricity (% of population),EG.ELC.ACCS.ZS,2020,100.0
Haiti,HTI,Access to electricity (% of population),EG.ELC.ACCS.ZS,2020,46.3
Hungary,HUN,Access to electricity (% of population),EG.ELC.ACCS.ZS,2020,100.0
IBRD only,IBD,Access to electricity (% of population),EG.ELC.ACCS.ZS,2020,98.0567134
IDA & IBRD total,IBT,Access to electricity (% of population),EG.ELC.ACCS.ZS,2020,88.91598025
IDA total,IDA,Access to electricity (% of population),EG.ELC.ACCS.ZS,2020,63.94193183
IDA blend,IDB,Access to electricity (% of population),EG.ELC.ACCS.ZS,2020,74.4924622
Indonesia,IDN,Access to electricity (% of population),EG.ELC.ACCS.ZS,2020,97.0
IDA only,IDX,Access to electricity (% of population),EG.ELC.ACCS.ZS,2020,58.23966538
Isle of Man,IMN,Access to electricity (% of population),EG.ELC.ACCS.ZS,2020,100.0
India,IND,Access to electricity (% of population),EG.ELC.ACCS.ZS,2020,96.5
Ireland,IRL,Access to electricity (% of population),EG.ELC.ACCS.ZS,2020,100.0
"Iran, Islamic Rep.",IRN,Access to electricity (% of population),EG.ELC.ACCS.ZS,2020,100.0
Iraq,IRQ,Access to electricity (% of population),EG.ELC.ACCS.ZS,2020,100.0
Iceland,ISL,Access to electricity (% of population),EG.ELC.ACCS.ZS,2020,100.0
Israel,ISR,Access to electricity (% of population),EG.ELC.ACCS.ZS,2020,100.0
Italy,ITA,Access to electricity (% of population),EG.ELC.ACCS.ZS,2020,100.0
Jamaica,JAM,Access to electricity (% of population),EG.ELC.ACCS.ZS,2020,99.7
Jordan,JOR,Access to electricity (% of population),EG.ELC.ACCS.ZS,2020,99.9
Japan,JPN,Access to electricity (% of population),EG.ELC.ACCS.ZS,2020,100.0
Kazakhstan,KAZ,Access to electricity (% of population),EG.ELC.ACCS.ZS,2020,100.0
Kenya,KEN,Access to electricity (% of population),EG.ELC.ACCS.ZS,2020,71.5
Kyrgyz Republic,KGZ,Access to electricity (% of population),EG.ELC.ACCS.ZS,2020,99.9
Cambodia,KHM,Access to electricity (% of population),EG.ELC.ACCS.ZS,2020,86.4
Kiribati,KIR,Access to electricity (% of population),EG.ELC.ACCS.ZS,2020,91.0
St. Kitts and Nevis,KNA,Access to electricity (% of population),EG.ELC.ACCS.ZS,2020,100.0
"Korea, Rep.",KOR,Access to electricity (% of population),EG.ELC.ACCS.ZS,2020,100.0
Kuwait,KWT,Access to electricity (% of population),EG.ELC.ACCS.ZS,2020,100.0
Latin America & Caribbean (excluding high income),LAC,Access to electricity (% of population),EG.ELC.ACCS.ZS,2020,98.07265398
Lao PDR,LAO,Access to electricity (% of population),EG.ELC.ACCS.ZS,2020,99.3
Lebanon,LBN,Access to electricity (% of population),EG.ELC.ACCS.ZS,2020,100.0
Liberia,LBR,Access to electricity (% of population),EG.ELC.ACCS.ZS,2020,27.6
Libya,LBY,Access to electricity (% of population),EG.ELC.ACCS.ZS,2020,69.4
St. Lucia,LCA,Access to electricity (% of population),EG.ELC.ACCS.ZS,2020,100.0
Latin America & Caribbean,LCN,Access to electricity (% of population),EG.ELC.ACCS.ZS,2020,98.14727607
Least developed countries: UN classification,LDC,Access to electricity (% of population),EG.ELC.ACCS.ZS,2020,54.4739883
Low income,LIC,Access to electricity (% of population),EG.ELC.ACCS.ZS,2020,43.23673073
Liechtenstein,LIE,Access to electricity (% of population),EG.ELC.ACCS.ZS,2020,100.0
Sri Lanka,LKA,Access to electricity (% of population),EG.ELC.ACCS.ZS,2020,100.0
Lower middle income,LMC,Access to electricity (% of population),EG.ELC.ACCS.ZS,2020,87.53404366
Low & middle income,LMY,Access to electricity (% of population),EG.ELC.ACCS.ZS,2020,88.37006361
Lesotho,LSO,Access to electricity (% of population),EG.ELC.ACCS.ZS,2020,47.5
Late-demographic dividend,LTE,Access to electricity (% of population),EG.ELC.ACCS.ZS,2020,99.386859
Lithuania,LTU,Access to electricity (% of population),EG.ELC.ACCS.ZS,2020,100.0
Luxembourg,LUX,Access to electricity (% of population),EG.ELC.ACCS.ZS,2020,100.0
Latvia,LVA,Access to electricity (% of population),EG.ELC.ACCS.ZS,2020,100.0
"Macao SAR, China",MAC,Access to electricity (% of population),EG.ELC.ACCS.ZS,2020,100.0
St. Martin (French part),MAF,Access to electricity (% of population),EG.ELC.ACCS.ZS,2020,100.0
Morocco,MAR,Access to electricity (% of population),EG.ELC.ACCS.ZS,2020,100.0
Monaco,MCO,Access to electricity (% of population),EG.ELC.ACCS.ZS,2020,100.0
Moldova,MDA,Access to electricity (% of population),EG.ELC.ACCS.ZS,2020,100.0
Madagascar,MDG,Access to electricity (% of population),EG.ELC.ACCS.ZS,2020,32.0
Maldives,MDV,Access to electricity (% of population),EG.ELC.ACCS.ZS,2020,100.0
"Middle East, North Africa, Afghanistan & Pakistan",MEA,Access to electricity (% of population),EG.ELC.ACCS.ZS,2020,96.26212044
Mexico,MEX,Access to electricity (% of population),EG.ELC.ACCS.ZS,2020,99.4
Marshall Islands,MHL,Access to electricity (% of population),EG.ELC.ACCS.ZS,2020,98.3
Middle income,MIC,Access to electricity (% of population),EG.ELC.ACCS.ZS,2020,93.60175866
North Macedonia,MKD,Access to electricity (% of population),EG.ELC.ACCS.ZS,2020,100.0
Mali,MLI,Access to electricity (% of population),EG.ELC.ACCS.ZS,2020,50.6
Malta,MLT,Access to electricity (% of population),EG.ELC.ACCS.ZS,2020,100.0
Myanmar,MMR,Access to electricity (% of population),EG.ELC.ACCS.ZS,2020,70.4
"Middle East, North Africa, Afghanistan & Pakistan (excluding high income)",MNA,Access to electricity (% of population),EG.ELC.ACCS.ZS,2020,95.91737028
Montenegro,MNE,Access to electricity (% of population),EG.ELC.ACCS.ZS,2020,99.9
Mongolia,MNG,Access to electricity (% of population),EG.ELC.ACCS.ZS,2020,99.5
Northern Mariana Islands,MNP,Access to electricity (% of population),EG.ELC.ACCS.ZS,2020,100.0
Mozambique,MOZ,Access to electricity (% of population),EG.ELC.ACCS.ZS,2020,30.6
Mauritania,MRT,Access to electricity (% of population),EG.ELC.ACCS.ZS,2020,45.4
Mauritius,MUS,Access to electricity (% of population),EG.ELC.ACCS.ZS,2020,99.5
Malawi,MWI,Access to electricity (% of population),EG.ELC.ACCS.ZS,2020,11.5
Malaysia,MYS,Access to electricity (% of population),EG.ELC.ACCS.ZS,2020,100.0
North America,NAC,Access to electricity (% of population),EG.ELC.ACCS.ZS,2020,100.0
Namibia,NAM,Access to electricity (% of population),EG.ELC.ACCS.ZS,2020,52.3
New Caledonia,NCL,Access to electricity (% of population),EG.ELC.ACCS.ZS,2020,100.0
Niger,NER,Access to electricity (% of population),EG.ELC.ACCS.ZS,2020,18.7
Nigeria,NGA,Access to electricity (% of population),EG.ELC.ACCS.ZS,2020,55.4
Nicaragua,NIC,Access to electricity (% of population),EG.ELC.ACCS.ZS,2020,86.0
Netherlands,NLD,Access to electricity (% of population),EG.ELC.ACCS.ZS,2020,100.0
Norway,NOR,Access to electricity (% of population),EG.ELC.ACCS.ZS,2020,100.0
Nepal,NPL,Access to electricity (% of population),EG.ELC.ACCS.ZS,2020,89.9
Naoero,NRU,Access to electricity (% of population),EG.ELC.ACCS.ZS,2020,100.0
New Zealand,NZL,Access to electricity (% of population),EG.ELC.ACCS.ZS,2020,100.0
OECD members,OED,Access to electricity (% of population),EG.ELC.ACCS.ZS,2020,99.93297932
Oman,OMN,Access to electricity (% of population),EG.ELC.ACCS.ZS,2020,100.0
Other small states,OSS,Access to electricity (% of population),EG.ELC.ACCS.ZS,2020,92.8384985
Pakistan,PAK,Access to electricity (% of population),EG.ELC.ACCS.ZS,2020,94.5
Panama,PAN,Access to electricity (% of population),EG.ELC.ACCS.ZS,2020,95.3
Peru,PER,Access to electricity (% of population),EG.ELC.ACCS.ZS,2020,96.2
Philippines,PHL,Access to electricity (% of population),EG.ELC.ACCS.ZS,2020,96.4
Palau,PLW,Access to electricity (% of population),EG.ELC.ACCS.ZS,2020,100.0
Papua New Guinea,PNG,Access to electricity (% of population),EG.ELC.ACCS.ZS,2020,20.5
Poland,POL,Access to electricity (% of population),EG.ELC.ACCS.ZS,2020,100.0
Pre-demographic dividend,PRE,Access to electricity (% of population),EG.ELC.ACCS.ZS,2020,48.38152789
Puerto Rico (US),PRI,Access to electricity (% of population),EG.ELC.ACCS.ZS,2020,100.0
"Korea, Dem. People's Rep.",PRK,Access to electricity (% of population),EG.ELC.ACCS.ZS,2020,50.5
Portugal,PRT,Access to electricity (% of population),EG.ELC.ACCS.ZS,2020,100.0
Paraguay,PRY,Access to electricity (% of population),EG.ELC.ACCS.ZS,2020,99.7
West Bank and Gaza,PSE,Access to electricity (% of population),EG.ELC.ACCS.ZS,2020,100.0
Pacific island small states,PSS,Access to electricity (% of population),EG.ELC.ACCS.ZS,2020,86.19398113
Post-demographic dividend,PST,Access to electricity (% of population),EG.ELC.ACCS.ZS,2020,99.99724008
French Polynesia,PYF,Access to electricity (% of population),EG.ELC.ACCS.ZS,2020,100.0
Qatar,QAT,Access to electricity (% of population),EG.ELC.ACCS.ZS,2020,100.0
Romania,ROU,Access to electricity (% of population),EG.ELC.ACCS.ZS,2020,100.0
Russian Federation,RUS,Access to electricity (% of population),EG.ELC.ACCS.ZS,2020,99.9
Rwanda,RWA,Access to electricity (% of population),EG.ELC.ACCS.ZS,2020,45.2
South Asia,SAS,Access to electricity (% of population),EG.ELC.ACCS.ZS,2020,96.40136174
Saudi Arabia,SAU,Access to electricity (% of population),EG.ELC.ACCS.ZS,2020,100.0
Sudan,SDN,Access to electricity (% of population),EG.ELC.ACCS.ZS,2020,59.7
Senegal,SEN,Access to electricity (% of population),EG.ELC.ACCS.ZS,2020,64.3
Singapore,SGP,Access to electricity (% of population),EG.ELC.ACCS.ZS,2020,100.0
Solomon Islands,SLB,Access to electricity (% of population),EG.ELC.ACCS.ZS,2020,72.9
Sierra Leone,SLE,Access to electricity (% of population),EG.ELC.ACCS.ZS,2020,26.3
El Salvador,SLV,Access to electricity (% of population),EG.ELC.ACCS.ZS,2020,99.7
San Marino,SMR,Access to electricity (% of population),EG.ELC.ACCS.ZS,2020,100.0
"Somalia, Fed. Rep.",SOM,Access to electricity (% of population),EG.ELC.ACCS.ZS,2020,49.9
Serbia,SRB,Access to electricity (% of population),EG.ELC.ACCS.ZS,2020,100.0
Sub-Saharan Africa (excluding high income),SSA,Access to electricity (% of population),EG.ELC.ACCS.ZS,2020,48.5365084
South Sudan,SSD,Access to electricity (% of population),EG.ELC.ACCS.ZS,2020,7.3
Sub-Saharan Africa,SSF,Access to electricity (% of population),EG.ELC.ACCS.ZS,2020,48.54084626
Small states,SST,Access to electricity (% of population),EG.ELC.ACCS.ZS,2020,93.11959458
Sao Tome and Principe,STP,Access to electricity (% of population),EG.ELC.ACCS.ZS,2020,76.8
Suriname,SUR,Access to electricity (% of population),EG.ELC.ACCS.ZS,2020,98.4
Slovak Republic,SVK,Access to electricity (% of population),EG.ELC.ACCS.ZS,2020,100.0
Slovenia,SVN,Access to electricity (% of population),EG.ELC.ACCS.ZS,2020,100.0
Sweden,SWE,Access to electricity (% of population),EG.ELC.ACCS.ZS,2020,100.0
Eswatini,SWZ,Access to electricity (% of population),EG.ELC.ACCS.ZS,2020,80.0
Sint Maarten (Dutch part),SXM,Access to electricity (% of population),EG.ELC.ACCS.ZS,2020,100.0
Seychelles,SYC,Access to electricity (% of population),EG.ELC.ACCS.ZS,2020,100.0
Syrian Arab Republic,SYR,Access to electricity (% of population),EG.ELC.ACCS.ZS,2020,89.0
Turks and Caicos Islands,TCA,Access to electricity (% of population),EG.ELC.ACCS.ZS,2020,99.4
Chad,TCD,Access to electricity (% of population),EG.ELC.ACCS.ZS,2020,10.9
East Asia & Pacific (IDA & IBRD countries),TEA,Access to electricity (% of population),EG.ELC.ACCS.ZS,2020,98.15217125
Europe & Central Asia (IDA & IBRD countries),TEC,Access to electricity (% of population),EG.ELC.ACCS.ZS,2020,99.95206682
Togo,TGO,Access to electricity (% of population),EG.ELC.ACCS.ZS,2020,54.1
Thailand,THA,Access to electricity (% of population),EG.ELC.ACCS.ZS,2020,100.0
Tajikistan,TJK,Access to electricity (% of population),EG.ELC.ACCS.ZS,2020,99.5
Turkmenistan,TKM,Access to electricity (% of population),EG.ELC.ACCS.ZS,2020,100.0
Latin America & the Caribbean (IDA & IBRD countries),TLA,Access to electricity (% of population),EG.ELC.ACCS.ZS,2020,98.10366839
Timor-Leste,TLS,Access to electricity (% of population),EG.ELC.ACCS.ZS,2020,96.0
"Middle East, North Africa, Afghanistan & Pakistan (IDA & IBRD)",TMN,Access to electricity (% of population),EG.ELC.ACCS.ZS,2020,95.88885617
Tonga,TON,Access to electricity (% of population),EG.ELC.ACCS.ZS,2020,99.9
South Asia (IDA & IBRD),TSA,Access to electricity (% of population),EG.ELC.ACCS.ZS,2020,96.40136174
Sub-Saharan Africa (IDA & IBRD countries),TSS,Access to electricity (% of population),EG.ELC.ACCS.ZS,2020,48.54084626
Trinidad and Tobago,TTO,Access to electricity (% of population),EG.ELC.ACCS.ZS,2020,100.0
Tunisia,TUN,Access to electricity (% of population),EG.ELC.ACCS.ZS,2020,99.9
Turkiye,TUR,Access to electricity (% of population),EG.ELC.ACCS.ZS,2020,100.0
Tuvalu,TUV,Access to electricity (% of population),EG.ELC.ACCS.ZS,2020,99.4
Tanzania,TZA,Access to electricity (% of population),EG.ELC.ACCS.ZS,2020,39.9
Uganda,UGA,Access to electricity (% of population),EG.ELC.ACCS.ZS,2020,42.1
Ukraine,UKR,Access to electricity (% of population),EG.ELC.ACCS.ZS,2020,100.0
Upper middle income,UMC,Access to electricity (% of population),EG.ELC.ACCS.ZS,2020,99.13899992
Uruguay,URY,Access to electricity (% of population),EG.ELC.ACCS.ZS,2020,100.0
United States,USA,Access to electricity (% of population),EG.ELC.ACCS.ZS,2020,100.0
Uzbekistan,UZB,Access to electricity (% of population),EG.ELC.ACCS.ZS,2020,100.0
St. Vincent and the Grenadines,VCT,Access to electricity (% of population),EG.ELC.ACCS.ZS,2020,100.0
"Venezuela, RB",VEN,Access to electricity (% of population),EG.ELC.ACCS.ZS,2020,99.9
British Virgin Islands,VGB,Access to electricity (% of population),EG.ELC.ACCS.ZS,2020,100.0
Virgin Islands (U.S.),VIR,Access to electricity (% of population),EG.ELC.ACCS.ZS,2020,100.0
Viet Nam,VNM,Access to electricity (% of population),EG.ELC.ACCS.ZS,2020,99.8
Vanuatu,VUT,Access to electricity (% of population),EG.ELC.ACCS.ZS,2020,67.3
World,WLD,Access to electricity (% of population),EG.ELC.ACCS.ZS,2020,90.39954678
Samoa,WSM,Access to electricity (% of population),EG.ELC.ACCS.ZS,2020,100.0
"Yemen, Rep.",YEM,Access to electricity (% of population),EG.ELC.ACCS.ZS,2020,73.9
South Africa,ZAF,Access to electricity (% of population),EG.ELC.ACCS.ZS,2020,90.0
Zambia,ZMB,Access to electricity (% of population),EG.ELC.ACCS.ZS,2020,44.6
Zimbabwe,ZWE,Access to electricity (% of population),EG.ELC.ACCS.ZS,2020,52.7
Aruba,ABW,Access to electricity (% of population),EG.ELC.ACCS.ZS,2021,100.0
Africa Eastern and Southern,AFE,Access to electricity (% of population),EG.ELC.ACCS.ZS,2021,48.12721104
Afghanistan,AFG,Access to electricity (% of population),EG.ELC.ACCS.ZS,2021,97.7
Africa Western and Central,AFW,Access to electricity (% of population),EG.ELC.ACCS.ZS,2021,54.3660121
Angola,AGO,Access to electricity (% of population),EG.ELC.ACCS.ZS,2021,48.2
Albania,ALB,Access to electricity (% of population),EG.ELC.ACCS.ZS,2021,100.0
Andorra,AND,Access to electricity (% of population),EG.ELC.ACCS.ZS,2021,100.0
Arab World,ARB,Access to electricity (% of population),EG.ELC.ACCS.ZS,2021,90.43409477
United Arab Emirates,ARE,Access to electricity (% of population),EG.ELC.ACCS.ZS,2021,100.0
Argentina,ARG,Access to electricity (% of population),EG.ELC.ACCS.ZS,2021,100.0
Armenia,ARM,Access to electricity (% of population),EG.ELC.ACCS.ZS,2021,100.0
Antigua and Barbuda,ATG,Access to electricity (% of population),EG.ELC.ACCS.ZS,2021,100.0
Australia,AUS,Access to electricity (% of population),EG.ELC.ACCS.ZS,2021,100.0
Austria,AUT,Access to electricity (% of population),EG.ELC.ACCS.ZS,2021,100.0
Azerbaijan,AZE,Access to electricity (% of population),EG.ELC.ACCS.ZS,2021,100.0
Burundi,BDI,Access to electricity (% of population),EG.ELC.ACCS.ZS,2021,10.2
Belgium,BEL,Access to electricity (% of population),EG.ELC.ACCS.ZS,2021,100.0
Benin,BEN,Access to electricity (% of population),EG.ELC.ACCS.ZS,2021,42.0
Burkina Faso,BFA,Access to electricity (% of population),EG.ELC.ACCS.ZS,2021,19.0
Bangladesh,BGD,Access to electricity (% of population),EG.ELC.ACCS.ZS,2021,99.0
Bulgaria,BGR,Access to electricity (% of population),EG.ELC.ACCS.ZS,2021,99.8
Bahrain,BHR,Access to electricity (% of population),EG.ELC.ACCS.ZS,2021,100.0
"Bahamas, The",BHS,Access to electricity (% of population),EG.ELC.ACCS.ZS,2021,100.0
Bosnia and Herzegovina,BIH,Access to electricity (% of population),EG.ELC.ACCS.ZS,2021,100.0
Belarus,BLR,Access to electricity (% of population),EG.ELC.ACCS.ZS,2021,100.0
Belize,BLZ,Access to electricity (% of population),EG.ELC.ACCS.ZS,2021,97.7
Bermuda,BMU,Access to electricity (% of population),EG.ELC.ACCS.ZS,2021,100.0
Bolivia,BOL,Access to electricity (% of population),EG.ELC.ACCS.ZS,2021,98.6
Brazil,BRA,Access to electricity (% of population),EG.ELC.ACCS.ZS,2021,99.5
Barbados,BRB,Access to electricity (% of population),EG.ELC.ACCS.ZS,2021,100.0
Brunei Darussalam,BRN,Access to electricity (% of population),EG.ELC.ACCS.ZS,2021,100.0
Bhutan,BTN,Access to electricity (% of population),EG.ELC.ACCS.ZS,2021,100.0
Botswana,BWA,Access to electricity (% of population),EG.ELC.ACCS.ZS,2021,73.7
Central African Republic,CAF,Access to electricity (% of population),EG.ELC.ACCS.ZS,2021,15.7
Canada,CAN,Access to electricity (% of population),EG.ELC.ACCS.ZS,2021,100.0
Central Europe and the Baltics,CEB,Access to electricity (% of population),EG.ELC.ACCS.ZS,2021,99.98701212
Switzerland,CHE,Access to electricity (% of population),EG.ELC.ACCS.ZS,2021,100.0
Channel Islands,CHI,Access to electricity (% of population),EG.ELC.ACCS.ZS,2021,100.0
Chile,CHL,Access to electricity (% of population),EG.ELC.ACCS.ZS,2021,100.0
China,CHN,Access to electricity (% of population),EG.ELC.ACCS.ZS,2021,100.0
Cote d'Ivoire,CIV,Access to electricity (% of population),EG.ELC.ACCS.ZS,2021,71.1
Cameroon,CMR,Access to electricity (% of population),EG.ELC.ACCS.ZS,2021,65.4
"Congo, Dem. Rep.",COD,Access to electricity (% of population),EG.ELC.ACCS.ZS,2021,20.8
"Congo, Rep.",COG,Access to electricity (% of population),EG.ELC.ACCS.ZS,2021,49.7
Colombia,COL,Access to electricity (% of population),EG.ELC.ACCS.ZS,2021,100.0
Comoros,COM,Access to electricity (% of population),EG.ELC.ACCS.ZS,2021,87.9
Cabo Verde,CPV,Access to electricity (% of population),EG.ELC.ACCS.ZS,2021,95.5
Costa Rica,CRI,Access to electricity (% of population),EG.ELC.ACCS.ZS,2021,100.0
Caribbean small states,CSS,Access to electricity (% of population),EG.ELC.ACCS.ZS,2021,98.17469909
Cuba,CUB,Access to electricity (% of population),EG.ELC.ACCS.ZS,2021,100.0
Curacao,CUW,Access to electricity (% of population),EG.ELC.ACCS.ZS,2021,100.0
Cayman Islands,CYM,Access to electricity (% of population),EG.ELC.ACCS.ZS,2021,100.0
Cyprus,CYP,Access to electricity (% of population),EG.ELC.ACCS.ZS,2021,100.0
Czechia,CZE,Access to electricity (% of population),EG.ELC.ACCS.ZS,2021,100.0
Germany,DEU,Access to electricity (% of population),EG.ELC.ACCS.ZS,2021,100.0
Djibouti,DJI,Access to electricity (% of population),EG.ELC.ACCS.ZS,2021,65.4
Dominica,DMA,Access to electricity (% of population),EG.ELC.ACCS.ZS,2021,100.0
Denmark,DNK,Access to electricity (% of population),EG.ELC.ACCS.ZS,2021,100.0
Dominican Republic,DOM,Access to electricity (% of population),EG.ELC.ACCS.ZS,2021,98.1
Algeria,DZA,Access to electricity (% of population),EG.ELC.ACCS.ZS,2021,99.8
East Asia & Pacific (excluding high income),EAP,Access to electricity (% of population),EG.ELC.ACCS.ZS,2021,97.95992099
Early-demographic dividend,EAR,Access to electricity (% of population),EG.ELC.ACCS.ZS,2021,95.24233389
East Asia & Pacific,EAS,Access to electricity (% of population),EG.ELC.ACCS.ZS,2021,98.15340495
Europe & Central Asia (excluding high income),ECA,Access to electricity (% of population),EG.ELC.ACCS.ZS,2021,99.96164648
Europe & Central Asia,ECS,Access to electricity (% of population),EG.ELC.ACCS.ZS,2021,99.98819305
Ecuador,ECU,Access to electricity (% of population),EG.ELC.ACCS.ZS,2021,100.0
"Egypt, Arab Rep.",EGY,Access to electricity (% of population),EG.ELC.ACCS.ZS,2021,100.0
Euro area,EMU,Access to electricity (% of population),EG.ELC.ACCS.ZS,2021,99.9963206
Eritrea,ERI,Access to electricity (% of population),EG.ELC.ACCS.ZS,2021,52.5
Spain,ESP,Access to electricity (% of population),EG.ELC.ACCS.ZS,2021,100.0
Estonia,EST,Access to electricity (% of population),EG.ELC.ACCS.ZS,2021,100.0
Ethiopia,ETH,Access to electricity (% of population),EG.ELC.ACCS.ZS,2021,54.2
European Union,EUU,Access to electricity (% of population),EG.ELC.ACCS.ZS,2021,99.99708342
Finland,FIN,Access to electricity (% of population),EG.ELC.ACCS.ZS,2021,100.0
Fiji,FJI,Access to electricity (% of population),EG.ELC.ACCS.ZS,2021,92.1
France,FRA,Access to electricity (% of population),EG.ELC.ACCS.ZS,2021,100.0
Faroe Islands,FRO,Access to electricity (% of population),EG.ELC.ACCS.ZS,2021,100.0
"Micronesia, Fed. Sts.",FSM,Access to electricity (% of population),EG.ELC.ACCS.ZS,2021,83.6
Gabon,GAB,Access to electricity (% of population),EG.ELC.ACCS.ZS,2021,91.8
United Kingdom,GBR,Access to electricity (% of population),EG.ELC.ACCS.ZS,2021,100.0
Georgia,GEO,Access to electricity (% of population),EG.ELC.ACCS.ZS,2021,100.0
Ghana,GHA,Access to electricity (% of population),EG.ELC.ACCS.ZS,2021,86.3
Gibraltar,GIB,Access to electricity (% of population),EG.ELC.ACCS.ZS,2021,100.0
Guinea,GIN,Access to electricity (% of population),EG.ELC.ACCS.ZS,2021,46.8
"Gambia, The",GMB,Access to electricity (% of population),EG.ELC.ACCS.ZS,2021,63.7
Guinea-Bissau,GNB,Access to electricity (% of population),EG.ELC.ACCS.ZS,2021,35.8
Equatorial Guinea,GNQ,Access to electricity (% of population),EG.ELC.ACCS.ZS,2021,66.8
Greece,GRC,Access to electricity (% of population),EG.ELC.ACCS.ZS,2021,100.0
Grenada,GRD,Access to electricity (% of population),EG.ELC.ACCS.ZS,2021,93.7
Greenland,GRL,Access to electricity (% of population),EG.ELC.ACCS.ZS,2021,100.0
Guatemala,GTM,Access to electricity (% of population),EG.ELC.ACCS.ZS,2021,97.9
Guam,GUM,Access to electricity (% of population),EG.ELC.ACCS.ZS,2021,100.0
Guyana,GUY,Access to electricity (% of population),EG.ELC.ACCS.ZS,2021,92.9
High income,HIC,Access to electricity (% of population),EG.ELC.ACCS.ZS,2021,99.97989087
"Hong Kong SAR, China",HKG,Access to electricity (% of population),EG.ELC.ACCS.ZS,2021,100.0
Honduras,HND,Access to electricity (% of population),EG.ELC.ACCS.ZS,2021,94.1
Heavily indebted poor countries (HIPC),HPC,Access to electricity (% of population),EG.ELC.ACCS.ZS,2021,48.01162366
Croatia,HRV,Access to electricity (% of population),EG.ELC.ACCS.ZS,2021,100.0
Haiti,HTI,Access to electricity (% of population),EG.ELC.ACCS.ZS,2021,47.2
Hungary,HUN,Access to electricity (% of population),EG.ELC.ACCS.ZS,2021,100.0
IBRD only,IBD,Access to electricity (% of population),EG.ELC.ACCS.ZS,2021,99.10941679
IDA & IBRD total,IBT,Access to electricity (% of population),EG.ELC.ACCS.ZS,2021,90.0247787
IDA total,IDA,Access to electricity (% of population),EG.ELC.ACCS.ZS,2021,65.60332287
IDA blend,IDB,Access to electricity (% of population),EG.ELC.ACCS.ZS,2021,76.46988733
Indonesia,IDN,Access to electricity (% of population),EG.ELC.ACCS.ZS,2021,99.2
IDA only,IDX,Access to electricity (% of population),EG.ELC.ACCS.ZS,2021,59.74437183
Isle of Man,IMN,Access to electricity (% of population),EG.ELC.ACCS.ZS,2021,100.0
India,IND,Access to electricity (% of population),EG.ELC.ACCS.ZS,2021,99.6
Ireland,IRL,Access to electricity (% of population),EG.ELC.ACCS.ZS,2021,100.0
"Iran, Islamic Rep.",IRN,Access to electricity (% of population),EG.ELC.ACCS.ZS,2021,100.0
Iraq,IRQ,Access to electricity (% of population),EG.ELC.ACCS.ZS,2021,100.0
Iceland,ISL,Access to electricity (% of population),EG.ELC.ACCS.ZS,2021,100.0
Israel,ISR,Access to electricity (% of population),EG.ELC.ACCS.ZS,2021,100.0
Italy,ITA,Access to electricity (% of population),EG.ELC.ACCS.ZS,2021,100.0
Jamaica,JAM,Access to electricity (% of population),EG.ELC.ACCS.ZS,2021,100.0
Jordan,JOR,Access to electricity (% of population),EG.ELC.ACCS.ZS,2021,99.9
Japan,JPN,Access to electricity (% of population),EG.ELC.ACCS.ZS,2021,100.0
Kazakhstan,KAZ,Access to electricity (% of population),EG.ELC.ACCS.ZS,2021,100.0
Kenya,KEN,Access to electricity (% of population),EG.ELC.ACCS.ZS,2021,76.5
Kyrgyz Republic,KGZ,Access to electricity (% of population),EG.ELC.ACCS.ZS,2021,99.7
Cambodia,KHM,Access to electricity (% of population),EG.ELC.ACCS.ZS,2021,82.5
Kiribati,KIR,Access to electricity (% of population),EG.ELC.ACCS.ZS,2021,92.8
St. Kitts and Nevis,KNA,Access to electricity (% of population),EG.ELC.ACCS.ZS,2021,100.0
"Korea, Rep.",KOR,Access to electricity (% of population),EG.ELC.ACCS.ZS,2021,100.0
Kuwait,KWT,Access to electricity (% of population),EG.ELC.ACCS.ZS,2021,100.0
Latin America & Caribbean (excluding high income),LAC,Access to electricity (% of population),EG.ELC.ACCS.ZS,2021,98.20804788
Lao PDR,LAO,Access to electricity (% of population),EG.ELC.ACCS.ZS,2021,100.0
Lebanon,LBN,Access to electricity (% of population),EG.ELC.ACCS.ZS,2021,100.0
Liberia,LBR,Access to electricity (% of population),EG.ELC.ACCS.ZS,2021,29.8
Libya,LBY,Access to electricity (% of population),EG.ELC.ACCS.ZS,2021,70.2
St. Lucia,LCA,Access to electricity (% of population),EG.ELC.ACCS.ZS,2021,100.0
Latin America & Caribbean,LCN,Access to electricity (% of population),EG.ELC.ACCS.ZS,2021,98.27563061
Least developed countries: UN classification,LDC,Access to electricity (% of population),EG.ELC.ACCS.ZS,2021,56.10588214
Low income,LIC,Access to electricity (% of population),EG.ELC.ACCS.ZS,2021,44.83380055
Liechtenstein,LIE,Access to electricity (% of population),EG.ELC.ACCS.ZS,2021,100.0
Sri Lanka,LKA,Access to electricity (% of population),EG.ELC.ACCS.ZS,2021,100.0
Lower middle income,LMC,Access to electricity (% of population),EG.ELC.ACCS.ZS,2021,89.82582665
Low & middle income,LMY,Access to electricity (% of population),EG.ELC.ACCS.ZS,2021,89.52671336
Lesotho,LSO,Access to electricity (% of population),EG.ELC.ACCS.ZS,2021,50.4
Late-demographic dividend,LTE,Access to electricity (% of population),EG.ELC.ACCS.ZS,2021,99.41161816
Lithuania,LTU,Access to electricity (% of population),EG.ELC.ACCS.ZS,2021,100.0
Luxembourg,LUX,Access to electricity (% of population),EG.ELC.ACCS.ZS,2021,100.0
Latvia,LVA,Access to electricity (% of population),EG.ELC.ACCS.ZS,2021,100.0
"Macao SAR, China",MAC,Access to electricity (% of population),EG.ELC.ACCS.ZS,2021,100.0
St. Martin (French part),MAF,Access to electricity (% of population),EG.ELC.ACCS.ZS,2021,100.0
Morocco,MAR,Access to electricity (% of population),EG.ELC.ACCS.ZS,2021,100.0
Monaco,MCO,Access to electricity (% of population),EG.ELC.ACCS.ZS,2021,100.0
Moldova,MDA,Access to electricity (% of population),EG.ELC.ACCS.ZS,2021,100.0
Madagascar,MDG,Access to electricity (% of population),EG.ELC.ACCS.ZS,2021,35.1
Maldives,MDV,Access to electricity (% of population),EG.ELC.ACCS.ZS,2021,100.0
"Middle East, North Africa, Afghanistan & Pakistan",MEA,Access to electricity (% of population),EG.ELC.ACCS.ZS,2021,96.41666906
Mexico,MEX,Access to electricity (% of population),EG.ELC.ACCS.ZS,2021,100.0
Marshall Islands,MHL,Access to electricity (% of population),EG.ELC.ACCS.ZS,2021,99.8
Middle income,MIC,Access to electricity (% of population),EG.ELC.ACCS.ZS,2021,94.80517765
North Macedonia,MKD,Access to electricity (% of population),EG.ELC.ACCS.ZS,2021,100.0
Mali,MLI,Access to electricity (% of population),EG.ELC.ACCS.ZS,2021,53.4
Malta,MLT,Access to electricity (% of population),EG.ELC.ACCS.ZS,2021,100.0
Myanmar,MMR,Access to electricity (% of population),EG.ELC.ACCS.ZS,2021,72.5
"Middle East, North Africa, Afghanistan & Pakistan (excluding high income)",MNA,Access to electricity (% of population),EG.ELC.ACCS.ZS,2021,96.09560189
Montenegro,MNE,Access to electricity (% of population),EG.ELC.ACCS.ZS,2021,99.8
Mongolia,MNG,Access to electricity (% of population),EG.ELC.ACCS.ZS,2021,100.0
Northern Mariana Islands,MNP,Access to electricity (% of population),EG.ELC.ACCS.ZS,2021,100.0
Mozambique,MOZ,Access to electricity (% of population),EG.ELC.ACCS.ZS,2021,31.5
Mauritania,MRT,Access to electricity (% of population),EG.ELC.ACCS.ZS,2021,47.7
Mauritius,MUS,Access to electricity (% of population),EG.ELC.ACCS.ZS,2021,99.6
Malawi,MWI,Access to electricity (% of population),EG.ELC.ACCS.ZS,2021,14.2
Malaysia,MYS,Access to electricity (% of population),EG.ELC.ACCS.ZS,2021,100.0
North America,NAC,Access to electricity (% of population),EG.ELC.ACCS.ZS,2021,100.0
Namibia,NAM,Access to electricity (% of population),EG.ELC.ACCS.ZS,2021,55.2
New Caledonia,NCL,Access to electricity (% of population),EG.ELC.ACCS.ZS,2021,100.0
Niger,NER,Access to electricity (% of population),EG.ELC.ACCS.ZS,2021,18.6
Nigeria,NGA,Access to electricity (% of population),EG.ELC.ACCS.ZS,2021,59.5
Nicaragua,NIC,Access to electricity (% of population),EG.ELC.ACCS.ZS,2021,86.3
Netherlands,NLD,Access to electricity (% of population),EG.ELC.ACCS.ZS,2021,100.0
Norway,NOR,Access to electricity (% of population),EG.ELC.ACCS.ZS,2021,100.0
Nepal,NPL,Access to electricity (% of population),EG.ELC.ACCS.ZS,2021,89.9
Naoero,NRU,Access to electricity (% of population),EG.ELC.ACCS.ZS,2021,100.0
New Zealand,NZL,Access to electricity (% of population),EG.ELC.ACCS.ZS,2021,100.0
OECD members,OED,Access to electricity (% of population),EG.ELC.ACCS.ZS,2021,100.0
Oman,OMN,Access to electricity (% of population),EG.ELC.ACCS.ZS,2021,100.0
Other small states,OSS,Access to electricity (% of population),EG.ELC.ACCS.ZS,2021,93.85607282
Pakistan,PAK,Access to electricity (% of population),EG.ELC.ACCS.ZS,2021,94.9
Panama,PAN,Access to electricity (% of population),EG.ELC.ACCS.ZS,2021,95.3
Peru,PER,Access to electricity (% of population),EG.ELC.ACCS.ZS,2021,95.6
Philippines,PHL,Access to electricity (% of population),EG.ELC.ACCS.ZS,2021,97.5
Palau,PLW,Access to electricity (% of population),EG.ELC.ACCS.ZS,2021,100.0
Papua New Guinea,PNG,Access to electricity (% of population),EG.ELC.ACCS.ZS,2021,20.9
Poland,POL,Access to electricity (% of population),EG.ELC.ACCS.ZS,2021,100.0
Pre-demographic dividend,PRE,Access to electricity (% of population),EG.ELC.ACCS.ZS,2021,50.51234911
Puerto Rico (US),PRI,Access to electricity (% of population),EG.ELC.ACCS.ZS,2021,100.0
"Korea, Dem. People's Rep.",PRK,Access to electricity (% of population),EG.ELC.ACCS.ZS,2021,52.6
Portugal,PRT,Access to electricity (% of population),EG.ELC.ACCS.ZS,2021,100.0
Paraguay,PRY,Access to electricity (% of population),EG.ELC.ACCS.ZS,2021,100.0
West Bank and Gaza,PSE,Access to electricity (% of population),EG.ELC.ACCS.ZS,2021,100.0
Pacific island small states,PSS,Access to electricity (% of population),EG.ELC.ACCS.ZS,2021,85.67081782
Post-demographic dividend,PST,Access to electricity (% of population),EG.ELC.ACCS.ZS,2021,99.99883442
French Polynesia,PYF,Access to electricity (% of population),EG.ELC.ACCS.ZS,2021,100.0
Qatar,QAT,Access to electricity (% of population),EG.ELC.ACCS.ZS,2021,100.0
Romania,ROU,Access to electricity (% of population),EG.ELC.ACCS.ZS,2021,100.0
Russian Federation,RUS,Access to electricity (% of population),EG.ELC.ACCS.ZS,2021,100.0
Rwanda,RWA,Access to electricity (% of population),EG.ELC.ACCS.ZS,2021,48.7
South Asia,SAS,Access to electricity (% of population),EG.ELC.ACCS.ZS,2021,99.36931291
Saudi Arabia,SAU,Access to electricity (% of population),EG.ELC.ACCS.ZS,2021,100.0
Sudan,SDN,Access to electricity (% of population),EG.ELC.ACCS.ZS,2021,61.8
Senegal,SEN,Access to electricity (% of population),EG.ELC.ACCS.ZS,2021,68.0
Singapore,SGP,Access to electricity (% of population),EG.ELC.ACCS.ZS,2021,100.0
Solomon Islands,SLB,Access to electricity (% of population),EG.ELC.ACCS.ZS,2021,76.3
Sierra Leone,SLE,Access to electricity (% of population),EG.ELC.ACCS.ZS,2021,27.5
El Salvador,SLV,Access to electricity (% of population),EG.ELC.ACCS.ZS,2021,97.9
San Marino,SMR,Access to electricity (% of population),EG.ELC.ACCS.ZS,2021,100.0
"Somalia, Fed. Rep.",SOM,Access to electricity (% of population),EG.ELC.ACCS.ZS,2021,49.3
Serbia,SRB,Access to electricity (% of population),EG.ELC.ACCS.ZS,2021,100.0
Sub-Saharan Africa (excluding high income),SSA,Access to electricity (% of population),EG.ELC.ACCS.ZS,2021,50.64858992
South Sudan,SSD,Access to electricity (% of population),EG.ELC.ACCS.ZS,2021,7.7
Sub-Saharan Africa,SSF,Access to electricity (% of population),EG.ELC.ACCS.ZS,2021,50.6526786
Small states,SST,Access to electricity (% of population),EG.ELC.ACCS.ZS,2021,93.74681794
Sao Tome and Principe,STP,Access to electricity (% of population),EG.ELC.ACCS.ZS,2021,78.5
Suriname,SUR,Access to electricity (% of population),EG.ELC.ACCS.ZS,2021,98.8
Slovak Republic,SVK,Access to electricity (% of population),EG.ELC.ACCS.ZS,2021,100.0
Slovenia,SVN,Access to electricity (% of population),EG.ELC.ACCS.ZS,2021,100.0
Sweden,SWE,Access to electricity (% of population),EG.ELC.ACCS.ZS,2021,100.0
Eswatini,SWZ,Access to electricity (% of population),EG.ELC.ACCS.ZS,2021,82.9
Sint Maarten (Dutch part),SXM,Access to electricity (% of population),EG.ELC.ACCS.ZS,2021,100.0
Seychelles,SYC,Access to electricity (% of population),EG.ELC.ACCS.ZS,2021,100.0
Syrian Arab Republic,SYR,Access to electricity (% of population),EG.ELC.ACCS.ZS,2021,88.8
Turks and Caicos Islands,TCA,Access to electricity (% of population),EG.ELC.ACCS.ZS,2021,100.0
Chad,TCD,Access to electricity (% of population),EG.ELC.ACCS.ZS,2021,11.3
East Asia & Pacific (IDA & IBRD countries),TEA,Access to electricity (% of population),EG.ELC.ACCS.ZS,2021,98.5259378
Europe & Central Asia (IDA & IBRD countries),TEC,Access to electricity (% of population),EG.ELC.ACCS.ZS,2021,99.9763873
Togo,TGO,Access to electricity (% of population),EG.ELC.ACCS.ZS,2021,55.7
Thailand,THA,Access to electricity (% of population),EG.ELC.ACCS.ZS,2021,100.0
Tajikistan,TJK,Access to electricity (% of population),EG.ELC.ACCS.ZS,2021,99.6
Turkmenistan,TKM,Access to electricity (% of population),EG.ELC.ACCS.ZS,2021,100.0
Latin America & the Caribbean (IDA & IBRD countries),TLA,Access to electricity (% of population),EG.ELC.ACCS.ZS,2021,98.23380836
Timor-Leste,TLS,Access to electricity (% of population),EG.ELC.ACCS.ZS,2021,100.0
"Middle East, North Africa, Afghanistan & Pakistan (IDA & IBRD)",TMN,Access to electricity (% of population),EG.ELC.ACCS.ZS,2021,96.068126
Tonga,TON,Access to electricity (% of population),EG.ELC.ACCS.ZS,2021,100.0
South Asia (IDA & IBRD),TSA,Access to electricity (% of population),EG.ELC.ACCS.ZS,2021,99.36931291
Sub-Saharan Africa (IDA & IBRD countries),TSS,Access to electricity (% of population),EG.ELC.ACCS.ZS,2021,50.6526786
Trinidad and Tobago,TTO,Access to electricity (% of population),EG.ELC.ACCS.ZS,2021,100.0
Tunisia,TUN,Access to electricity (% of population),EG.ELC.ACCS.ZS,2021,99.9
Turkiye,TUR,Access to electricity (% of population),EG.ELC.ACCS.ZS,2021,100.0
Tuvalu,TUV,Access to electricity (% of population),EG.ELC.ACCS.ZS,2021,99.7
Tanzania,TZA,Access to electricity (% of population),EG.ELC.ACCS.ZS,2021,42.7
Uganda,UGA,Access to electricity (% of population),EG.ELC.ACCS.ZS,2021,45.2
Ukraine,UKR,Access to electricity (% of population),EG.ELC.ACCS.ZS,2021,100.0
Upper middle income,UMC,Access to electricity (% of population),EG.ELC.ACCS.ZS,2021,99.38720576
Uruguay,URY,Access to electricity (% of population),EG.ELC.ACCS.ZS,2021,100.0
United States,USA,Access to electricity (% of population),EG.ELC.ACCS.ZS,2021,100.0
Uzbekistan,UZB,Access to electricity (% of population),EG.ELC.ACCS.ZS,2021,99.9
St. Vincent and the Grenadines,VCT,Access to electricity (% of population),EG.ELC.ACCS.ZS,2021,100.0
"Venezuela, RB",VEN,Access to electricity (% of population),EG.ELC.ACCS.ZS,2021,100.0
British Virgin Islands,VGB,Access to electricity (% of population),EG.ELC.ACCS.ZS,2021,100.0
Virgin Islands (U.S.),VIR,Access to electricity (% of population),EG.ELC.ACCS.ZS,2021,100.0
Viet Nam,VNM,Access to electricity (% of population),EG.ELC.ACCS.ZS,2021,100.0
Vanuatu,VUT,Access to electricity (% of population),EG.ELC.ACCS.ZS,2021,70.0
World,WLD,Access to electricity (% of population),EG.ELC.ACCS.ZS,2021,91.33851441
Samoa,WSM,Access to electricity (% of population),EG.ELC.ACCS.ZS,2021,98.3
"Yemen, Rep.",YEM,Access to electricity (% of population),EG.ELC.ACCS.ZS,2021,74.9
South Africa,ZAF,Access to electricity (% of population),EG.ELC.ACCS.ZS,2021,89.3
Zambia,ZMB,Access to electricity (% of population),EG.ELC.ACCS.ZS,2021,46.7
Zimbabwe,ZWE,Access to electricity (% of population),EG.ELC.ACCS.ZS,2021,49.0
Aruba,ABW,Access to electricity (% of population),EG.ELC.ACCS.ZS,2022,99.9
Africa Eastern and Southern,AFE,Access to electricity (% of population),EG.ELC.ACCS.ZS,2022,48.74204294
Afghanistan,AFG,Access to electricity (% of population),EG.ELC.ACCS.ZS,2022,85.3
Africa Western and Central,AFW,Access to electricity (% of population),EG.ELC.ACCS.ZS,2022,55.58559369
Angola,AGO,Access to electricity (% of population),EG.ELC.ACCS.ZS,2022,48.5
Albania,ALB,Access to electricity (% of population),EG.ELC.ACCS.ZS,2022,100.0
Andorra,AND,Access to electricity (% of population),EG.ELC.ACCS.ZS,2022,100.0
Arab World,ARB,Access to electricity (% of population),EG.ELC.ACCS.ZS,2022,90.65451791
United Arab Emirates,ARE,Access to electricity (% of population),EG.ELC.ACCS.ZS,2022,100.0
Argentina,ARG,Access to electricity (% of population),EG.ELC.ACCS.ZS,2022,100.0
Armenia,ARM,Access to electricity (% of population),EG.ELC.ACCS.ZS,2022,100.0
Antigua and Barbuda,ATG,Access to electricity (% of population),EG.ELC.ACCS.ZS,2022,100.0
Australia,AUS,Access to electricity (% of population),EG.ELC.ACCS.ZS,2022,100.0
Austria,AUT,Access to electricity (% of population),EG.ELC.ACCS.ZS,2022,100.0
Azerbaijan,AZE,Access to electricity (% of population),EG.ELC.ACCS.ZS,2022,100.0
Burundi,BDI,Access to electricity (% of population),EG.ELC.ACCS.ZS,2022,10.3
Belgium,BEL,Access to electricity (% of population),EG.ELC.ACCS.ZS,2022,100.0
Benin,BEN,Access to electricity (% of population),EG.ELC.ACCS.ZS,2022,56.5
Burkina Faso,BFA,Access to electricity (% of population),EG.ELC.ACCS.ZS,2022,19.5
Bangladesh,BGD,Access to electricity (% of population),EG.ELC.ACCS.ZS,2022,99.4
Bulgaria,BGR,Access to electricity (% of population),EG.ELC.ACCS.ZS,2022,100.0
Bahrain,BHR,Access to electricity (% of population),EG.ELC.ACCS.ZS,2022,100.0
"Bahamas, The",BHS,Access to electricity (% of population),EG.ELC.ACCS.ZS,2022,100.0
Bosnia and Herzegovina,BIH,Access to electricity (% of population),EG.ELC.ACCS.ZS,2022,100.0
Belarus,BLR,Access to electricity (% of population),EG.ELC.ACCS.ZS,2022,100.0
Belize,BLZ,Access to electricity (% of population),EG.ELC.ACCS.ZS,2022,98.6
Bermuda,BMU,Access to electricity (% of population),EG.ELC.ACCS.ZS,2022,100.0
Bolivia,BOL,Access to electricity (% of population),EG.ELC.ACCS.ZS,2022,99.9
Brazil,BRA,Access to electricity (% of population),EG.ELC.ACCS.ZS,2022,100.0
Barbados,BRB,Access to electricity (% of population),EG.ELC.ACCS.ZS,2022,100.0
Brunei Darussalam,BRN,Access to electricity (% of population),EG.ELC.ACCS.ZS,2022,100.0
Bhutan,BTN,Access to electricity (% of population),EG.ELC.ACCS.ZS,2022,100.0
Botswana,BWA,Access to electricity (% of population),EG.ELC.ACCS.ZS,2022,75.9
Central African Republic,CAF,Access to electricity (% of population),EG.ELC.ACCS.ZS,2022,15.7
Canada,CAN,Access to electricity (% of population),EG.ELC.ACCS.ZS,2022,100.0
Central Europe and the Baltics,CEB,Access to electricity (% of population),EG.ELC.ACCS.ZS,2022,100.0
Switzerland,CHE,Access to electricity (% of population),EG.ELC.ACCS.ZS,2022,100.0
Channel Islands,CHI,Access to electricity (% of population),EG.ELC.ACCS.ZS,2022,100.0
Chile,CHL,Access to electricity (% of population),EG.ELC.ACCS.ZS,2022,100.0
China,CHN,Access to electricity (% of population),EG.ELC.ACCS.ZS,2022,100.0
Cote d'Ivoire,CIV,Access to electricity (% of population),EG.ELC.ACCS.ZS,2022,70.4
Cameroon,CMR,Access to electricity (% of population),EG.ELC.ACCS.ZS,2022,71.0
"Congo, Dem. Rep.",COD,Access to electricity (% of population),EG.ELC.ACCS.ZS,2022,21.5
"Congo, Rep.",COG,Access to electricity (% of population),EG.ELC.ACCS.ZS,2022,50.6
Colombia,COL,Access to electricity (% of population),EG.ELC.ACCS.ZS,2022,100.0
Comoros,COM,Access to electricity (% of population),EG.ELC.ACCS.ZS,2022,89.9
Cabo Verde,CPV,Access to electricity (% of population),EG.ELC.ACCS.ZS,2022,97.1
Costa Rica,CRI,Access to electricity (% of population),EG.ELC.ACCS.ZS,2022,100.0
Caribbean small states,CSS,Access to electricity (% of population),EG.ELC.ACCS.ZS,2022,98.30642215
Cuba,CUB,Access to electricity (% of population),EG.ELC.ACCS.ZS,2022,100.0
Curacao,CUW,Access to electricity (% of population),EG.ELC.ACCS.ZS,2022,100.0
Cayman Islands,CYM,Access to electricity (% of population),EG.ELC.ACCS.ZS,2022,100.0
Cyprus,CYP,Access to electricity (% of population),EG.ELC.ACCS.ZS,2022,100.0
Czechia,CZE,Access to electricity (% of population),EG.ELC.ACCS.ZS,2022,100.0
Germany,DEU,Access to electricity (% of population),EG.ELC.ACCS.ZS,2022,100.0
Djibouti,DJI,Access to electricity (% of population),EG.ELC.ACCS.ZS,2022,65.0
Dominica,DMA,Access to electricity (% of population),EG.ELC.ACCS.ZS,2022,100.0
Denmark,DNK,Access to electricity (% of population),EG.ELC.ACCS.ZS,2022,100.0
Dominican Republic,DOM,Access to electricity (% of population),EG.ELC.ACCS.ZS,2022,98.1
Algeria,DZA,Access to electricity (% of population),EG.ELC.ACCS.ZS,2022,100.0
East Asia & Pacific (excluding high income),EAP,Access to electricity (% of population),EG.ELC.ACCS.ZS,2022,98.02965691
Early-demographic dividend,EAR,Access to electricity (% of population),EG.ELC.ACCS.ZS,2022,95.14452824
East Asia & Pacific,EAS,Access to electricity (% of population),EG.ELC.ACCS.ZS,2022,98.21597469
Europe & Central Asia (excluding high income),ECA,Access to electricity (% of population),EG.ELC.ACCS.ZS,2022,99.99158755
Europe & Central Asia,ECS,Access to electricity (% of population),EG.ELC.ACCS.ZS,2022,99.99773163
Ecuador,ECU,Access to electricity (% of population),EG.ELC.ACCS.ZS,2022,100.0
"Egypt, Arab Rep.",EGY,Access to electricity (% of population),EG.ELC.ACCS.ZS,2022,100.0
Euro area,EMU,Access to electricity (% of population),EG.ELC.ACCS.ZS,2022,100.0
Eritrea,ERI,Access to electricity (% of population),EG.ELC.ACCS.ZS,2022,55.4
Spain,ESP,Access to electricity (% of population),EG.ELC.ACCS.ZS,2022,100.0
Estonia,EST,Access to electricity (% of population),EG.ELC.ACCS.ZS,2022,100.0
Ethiopia,ETH,Access to electricity (% of population),EG.ELC.ACCS.ZS,2022,55.0
European Union,EUU,Access to electricity (% of population),EG.ELC.ACCS.ZS,2022,100.0
Finland,FIN,Access to electricity (% of population),EG.ELC.ACCS.ZS,2022,100.0
Fiji,FJI,Access to electricity (% of population),EG.ELC.ACCS.ZS,2022,92.0
France,FRA,Access to electricity (% of population),EG.ELC.ACCS.ZS,2022,100.0
Faroe Islands,FRO,Access to electricity (% of population),EG.ELC.ACCS.ZS,2022,100.0
"Micronesia, Fed. Sts.",FSM,Access to electricity (% of population),EG.ELC.ACCS.ZS,2022,85.3
Gabon,GAB,Access to electricity (% of population),EG.ELC.ACCS.ZS,2022,93.5
United Kingdom,GBR,Access to electricity (% of population),EG.ELC.ACCS.ZS,2022,100.0
Georgia,GEO,Access to electricity (% of population),EG.ELC.ACCS.ZS,2022,100.0
Ghana,GHA,Access to electricity (% of population),EG.ELC.ACCS.ZS,2022,85.1
Gibraltar,GIB,Access to electricity (% of population),EG.ELC.ACCS.ZS,2022,100.0
Guinea,GIN,Access to electricity (% of population),EG.ELC.ACCS.ZS,2022,47.7
"Gambia, The",GMB,Access to electricity (% of population),EG.ELC.ACCS.ZS,2022,65.4
Guinea-Bissau,GNB,Access to electricity (% of population),EG.ELC.ACCS.ZS,2022,37.4
Equatorial Guinea,GNQ,Access to electricity (% of population),EG.ELC.ACCS.ZS,2022,67.0
Greece,GRC,Access to electricity (% of population),EG.ELC.ACCS.ZS,2022,100.0
Grenada,GRD,Access to electricity (% of population),EG.ELC.ACCS.ZS,2022,94.2
Greenland,GRL,Access to electricity (% of population),EG.ELC.ACCS.ZS,2022,100.0
Guatemala,GTM,Access to electricity (% of population),EG.ELC.ACCS.ZS,2022,99.1
Guam,GUM,Access to electricity (% of population),EG.ELC.ACCS.ZS,2022,100.0
Guyana,GUY,Access to electricity (% of population),EG.ELC.ACCS.ZS,2022,93.0
High income,HIC,Access to electricity (% of population),EG.ELC.ACCS.ZS,2022,99.97980013
"Hong Kong SAR, China",HKG,Access to electricity (% of population),EG.ELC.ACCS.ZS,2022,100.0
Honduras,HND,Access to electricity (% of population),EG.ELC.ACCS.ZS,2022,94.4
Heavily indebted poor countries (HIPC),HPC,Access to electricity (% of population),EG.ELC.ACCS.ZS,2022,48.60442693
Croatia,HRV,Access to electricity (% of population),EG.ELC.ACCS.ZS,2022,100.0
Haiti,HTI,Access to electricity (% of population),EG.ELC.ACCS.ZS,2022,49.3
Hungary,HUN,Access to electricity (% of population),EG.ELC.ACCS.ZS,2022,100.0
IBRD only,IBD,Access to electricity (% of population),EG.ELC.ACCS.ZS,2022,98.96865746
IDA & IBRD total,IBT,Access to electricity (% of population),EG.ELC.ACCS.ZS,2022,89.95348223
IDA total,IDA,Access to electricity (% of population),EG.ELC.ACCS.ZS,2022,66.11508199
IDA blend,IDB,Access to electricity (% of population),EG.ELC.ACCS.ZS,2022,76.99753163
Indonesia,IDN,Access to electricity (% of population),EG.ELC.ACCS.ZS,2022,100.0
IDA only,IDX,Access to electricity (% of population),EG.ELC.ACCS.ZS,2022,60.26100289
Isle of Man,IMN,Access to electricity (% of population),EG.ELC.ACCS.ZS,2022,100.0
India,IND,Access to electricity (% of population),EG.ELC.ACCS.ZS,2022,99.2
Ireland,IRL,Access to electricity (% of population),EG.ELC.ACCS.ZS,2022,100.0
"Iran, Islamic Rep.",IRN,Access to electricity (% of population),EG.ELC.ACCS.ZS,2022,100.0
Iraq,IRQ,Access to electricity (% of population),EG.ELC.ACCS.ZS,2022,100.0
Iceland,ISL,Access to electricity (% of population),EG.ELC.ACCS.ZS,2022,100.0
Israel,ISR,Access to electricity (% of population),EG.ELC.ACCS.ZS,2022,100.0
Italy,ITA,Access to electricity (% of population),EG.ELC.ACCS.ZS,2022,100.0
Jamaica,JAM,Access to electricity (% of population),EG.ELC.ACCS.ZS,2022,100.0
Jordan,JOR,Access to electricity (% of population),EG.ELC.ACCS.ZS,2022,100.0
Japan,JPN,Access to electricity (% of population),EG.ELC.ACCS.ZS,2022,100.0
Kazakhstan,KAZ,Access to electricity (% of population),EG.ELC.ACCS.ZS,2022,100.0
Kenya,KEN,Access to electricity (% of population),EG.ELC.ACCS.ZS,2022,76.0
Kyrgyz Republic,KGZ,Access to electricity (% of population),EG.ELC.ACCS.ZS,2022,99.7
Cambodia,KHM,Access to electricity (% of population),EG.ELC.ACCS.ZS,2022,92.3
Kiribati,KIR,Access to electricity (% of population),EG.ELC.ACCS.ZS,2022,94.4
St. Kitts and Nevis,KNA,Access to electricity (% of population),EG.ELC.ACCS.ZS,2022,100.0
"Korea, Rep.",KOR,Access to electricity (% of population),EG.ELC.ACCS.ZS,2022,100.0
Kuwait,KWT,Access to electricity (% of population),EG.ELC.ACCS.ZS,2022,100.0
Latin America & Caribbean (excluding high income),LAC,Access to electricity (% of population),EG.ELC.ACCS.ZS,2022,98.5332607
Lao PDR,LAO,Access to electricity (% of population),EG.ELC.ACCS.ZS,2022,100.0
Lebanon,LBN,Access to electricity (% of population),EG.ELC.ACCS.ZS,2022,100.0
Liberia,LBR,Access to electricity (% of population),EG.ELC.ACCS.ZS,2022,31.8
Libya,LBY,Access to electricity (% of population),EG.ELC.ACCS.ZS,2022,70.0
St. Lucia,LCA,Access to electricity (% of population),EG.ELC.ACCS.ZS,2022,100.0
Latin America & Caribbean,LCN,Access to electricity (% of population),EG.ELC.ACCS.ZS,2022,98.57887862
Least developed countries: UN classification,LDC,Access to electricity (% of population),EG.ELC.ACCS.ZS,2022,56.70441051
Low income,LIC,Access to electricity (% of population),EG.ELC.ACCS.ZS,2022,44.95818603
Liechtenstein,LIE,Access to electricity (% of population),EG.ELC.ACCS.ZS,2022,100.0
Sri Lanka,LKA,Access to electricity (% of population),EG.ELC.ACCS.ZS,2022,100.0
Lower middle income,LMC,Access to electricity (% of population),EG.ELC.ACCS.ZS,2022,89.94759792
Low & middle income,LMY,Access to electricity (% of population),EG.ELC.ACCS.ZS,2022,89.46686496
Lesotho,LSO,Access to electricity (% of population),EG.ELC.ACCS.ZS,2022,50.0
Late-demographic dividend,LTE,Access to electricity (% of population),EG.ELC.ACCS.ZS,2022,99.47711483
Lithuania,LTU,Access to electricity (% of population),EG.ELC.ACCS.ZS,2022,100.0
Luxembourg,LUX,Access to electricity (% of population),EG.ELC.ACCS.ZS,2022,100.0
Latvia,LVA,Access to electricity (% of population),EG.ELC.ACCS.ZS,2022,100.0
"Macao SAR, China",MAC,Access to electricity (% of population),EG.ELC.ACCS.ZS,2022,100.0
St. Martin (French part),MAF,Access to electricity (% of population),EG.ELC.ACCS.ZS,2022,100.0
Morocco,MAR,Access to electricity (% of population),EG.ELC.ACCS.ZS,2022,100.0
Monaco,MCO,Access to electricity (% of population),EG.ELC.ACCS.ZS,2022,100.0
Moldova,MDA,Access to electricity (% of population),EG.ELC.ACCS.ZS,2022,100.0
Madagascar,MDG,Access to electricity (% of population),EG.ELC.ACCS.ZS,2022,36.1
Maldives,MDV,Access to electricity (% of population),EG.ELC.ACCS.ZS,2022,100.0
"Middle East, North Africa, Afghanistan & Pakistan",MEA,Access to electricity (% of population),EG.ELC.ACCS.ZS,2022,95.8637945
Mexico,MEX,Access to electricity (% of population),EG.ELC.ACCS.ZS,2022,100.0
Marshall Islands,MHL,Access to electricity (% of population),EG.ELC.ACCS.ZS,2022,100.0
Middle income,MIC,Access to electricity (% of population),EG.ELC.ACCS.ZS,2022,94.82348683
North Macedonia,MKD,Access to electricity (% of population),EG.ELC.ACCS.ZS,2022,100.0
Mali,MLI,Access to electricity (% of population),EG.ELC.ACCS.ZS,2022,53.0
Malta,MLT,Access to electricity (% of population),EG.ELC.ACCS.ZS,2022,100.0
Myanmar,MMR,Access to electricity (% of population),EG.ELC.ACCS.ZS,2022,73.7
"Middle East, North Africa, Afghanistan & Pakistan (excluding high income)",MNA,Access to electricity (% of population),EG.ELC.ACCS.ZS,2022,95.48371437
Montenegro,MNE,Access to electricity (% of population),EG.ELC.ACCS.ZS,2022,100.0
Mongolia,MNG,Access to electricity (% of population),EG.ELC.ACCS.ZS,2022,100.0
Northern Mariana Islands,MNP,Access to electricity (% of population),EG.ELC.ACCS.ZS,2022,100.0
Mozambique,MOZ,Access to electricity (% of population),EG.ELC.ACCS.ZS,2022,33.2
Mauritania,MRT,Access to electricity (% of population),EG.ELC.ACCS.ZS,2022,49.0
Mauritius,MUS,Access to electricity (% of population),EG.ELC.ACCS.ZS,2022,100.0
Malawi,MWI,Access to electricity (% of population),EG.ELC.ACCS.ZS,2022,14.0
Malaysia,MYS,Access to electricity (% of population),EG.ELC.ACCS.ZS,2022,100.0
North America,NAC,Access to electricity (% of population),EG.ELC.ACCS.ZS,2022,100.0
Namibia,NAM,Access to electricity (% of population),EG.ELC.ACCS.ZS,2022,56.2
New Caledonia,NCL,Access to electricity (% of population),EG.ELC.ACCS.ZS,2022,100.0
Niger,NER,Access to electricity (% of population),EG.ELC.ACCS.ZS,2022,19.5
Nigeria,NGA,Access to electricity (% of population),EG.ELC.ACCS.ZS,2022,60.5
Nicaragua,NIC,Access to electricity (% of population),EG.ELC.ACCS.ZS,2022,86.5
Netherlands,NLD,Access to electricity (% of population),EG.ELC.ACCS.ZS,2022,100.0
Norway,NOR,Access to electricity (% of population),EG.ELC.ACCS.ZS,2022,100.0
Nepal,NPL,Access to electricity (% of population),EG.ELC.ACCS.ZS,2022,91.3
Naoero,NRU,Access to electricity (% of population),EG.ELC.ACCS.ZS,2022,100.0
New Zealand,NZL,Access to electricity (% of population),EG.ELC.ACCS.ZS,2022,100.0
OECD members,OED,Access to electricity (% of population),EG.ELC.ACCS.ZS,2022,100.0
Oman,OMN,Access to electricity (% of population),EG.ELC.ACCS.ZS,2022,100.0
Other small states,OSS,Access to electricity (% of population),EG.ELC.ACCS.ZS,2022,93.96053178
Pakistan,PAK,Access to electricity (% of population),EG.ELC.ACCS.ZS,2022,95.0
Panama,PAN,Access to electricity (% of population),EG.ELC.ACCS.ZS,2022,95.0
Peru,PER,Access to electricity (% of population),EG.ELC.ACCS.ZS,2022,96.2
Philippines,PHL,Access to electricity (% of population),EG.ELC.ACCS.ZS,2022,94.8
Palau,PLW,Access to electricity (% of population),EG.ELC.ACCS.ZS,2022,100.0
Papua New Guinea,PNG,Access to electricity (% of population),EG.ELC.ACCS.ZS,2022,19.0
Poland,POL,Access to electricity (% of population),EG.ELC.ACCS.ZS,2022,100.0
Pre-demographic dividend,PRE,Access to electricity (% of population),EG.ELC.ACCS.ZS,2022,51.09761491
Puerto Rico (US),PRI,Access to electricity (% of population),EG.ELC.ACCS.ZS,2022,100.0
"Korea, Dem. People's Rep.",PRK,Access to electricity (% of population),EG.ELC.ACCS.ZS,2022,54.7
Portugal,PRT,Access to electricity (% of population),EG.ELC.ACCS.ZS,2022,100.0
Paraguay,PRY,Access to electricity (% of population),EG.ELC.ACCS.ZS,2022,100.0
West Bank and Gaza,PSE,Access to electricity (% of population),EG.ELC.ACCS.ZS,2022,100.0
Pacific island small states,PSS,Access to electricity (% of population),EG.ELC.ACCS.ZS,2022,85.60381006
Post-demographic dividend,PST,Access to electricity (% of population),EG.ELC.ACCS.ZS,2022,100.0
French Polynesia,PYF,Access to electricity (% of population),EG.ELC.ACCS.ZS,2022,100.0
Qatar,QAT,Access to electricity (% of population),EG.ELC.ACCS.ZS,2022,100.0
Romania,ROU,Access to electricity (% of population),EG.ELC.ACCS.ZS,2022,100.0
Russian Federation,RUS,Access to electricity (% of population),EG.ELC.ACCS.ZS,2022,100.0
Rwanda,RWA,Access to electricity (% of population),EG.ELC.ACCS.ZS,2022,50.6
South Asia,SAS,Access to electricity (% of population),EG.ELC.ACCS.ZS,2022,99.08951147
Saudi Arabia,SAU,Access to electricity (% of population),EG.ELC.ACCS.ZS,2022,100.0
Sudan,SDN,Access to electricity (% of population),EG.ELC.ACCS.ZS,2022,63.2
Senegal,SEN,Access to electricity (% of population),EG.ELC.ACCS.ZS,2022,67.9
Singapore,SGP,Access to electricity (% of population),EG.ELC.ACCS.ZS,2022,100.0
Solomon Islands,SLB,Access to electricity (% of population),EG.ELC.ACCS.ZS,2022,76.0
Sierra Leone,SLE,Access to electricity (% of population),EG.ELC.ACCS.ZS,2022,29.4
El Salvador,SLV,Access to electricity (% of population),EG.ELC.ACCS.ZS,2022,100.0
San Marino,SMR,Access to electricity (% of population),EG.ELC.ACCS.ZS,2022,100.0
"Somalia, Fed. Rep.",SOM,Access to electricity (% of population),EG.ELC.ACCS.ZS,2022,48.9
Serbia,SRB,Access to electricity (% of population),EG.ELC.ACCS.ZS,2022,100.0
Sub-Saharan Africa (excluding high income),SSA,Access to electricity (% of population),EG.ELC.ACCS.ZS,2022,51.50309753
South Sudan,SSD,Access to electricity (% of population),EG.ELC.ACCS.ZS,2022,8.4
Sub-Saharan Africa,SSF,Access to electricity (% of population),EG.ELC.ACCS.ZS,2022,51.5078311
Small states,SST,Access to electricity (% of population),EG.ELC.ACCS.ZS,2022,93.82699372
Sao Tome and Principe,STP,Access to electricity (% of population),EG.ELC.ACCS.ZS,2022,78.0
Suriname,SUR,Access to electricity (% of population),EG.ELC.ACCS.ZS,2022,99.0
Slovak Republic,SVK,Access to electricity (% of population),EG.ELC.ACCS.ZS,2022,100.0
Slovenia,SVN,Access to electricity (% of population),EG.ELC.ACCS.ZS,2022,100.0
Sweden,SWE,Access to electricity (% of population),EG.ELC.ACCS.ZS,2022,100.0
Eswatini,SWZ,Access to electricity (% of population),EG.ELC.ACCS.ZS,2022,82.3
Sint Maarten (Dutch part),SXM,Access to electricity (% of population),EG.ELC.ACCS.ZS,2022,100.0
Seychelles,SYC,Access to electricity (% of population),EG.ELC.ACCS.ZS,2022,100.0
Syrian Arab Republic,SYR,Access to electricity (% of population),EG.ELC.ACCS.ZS,2022,89.0
Turks and Caicos Islands,TCA,Access to electricity (% of population),EG.ELC.ACCS.ZS,2022,99.9
Chad,TCD,Access to electricity (% of population),EG.ELC.ACCS.ZS,2022,11.7
East Asia & Pacific (IDA & IBRD countries),TEA,Access to electricity (% of population),EG.ELC.ACCS.ZS,2022,98.57106018
Europe & Central Asia (IDA & IBRD countries),TEC,Access to electricity (% of population),EG.ELC.ACCS.ZS,2022,99.99544276
Togo,TGO,Access to electricity (% of population),EG.ELC.ACCS.ZS,2022,57.2
Thailand,THA,Access to electricity (% of population),EG.ELC.ACCS.ZS,2022,99.9
Tajikistan,TJK,Access to electricity (% of population),EG.ELC.ACCS.ZS,2022,100.0
Turkmenistan,TKM,Access to electricity (% of population),EG.ELC.ACCS.ZS,2022,100.0
Latin America & the Caribbean (IDA & IBRD countries),TLA,Access to electricity (% of population),EG.ELC.ACCS.ZS,2022,98.54487992
Timor-Leste,TLS,Access to electricity (% of population),EG.ELC.ACCS.ZS,2022,99.7
"Middle East, North Africa, Afghanistan & Pakistan (IDA & IBRD)",TMN,Access to electricity (% of population),EG.ELC.ACCS.ZS,2022,95.45169819
Tonga,TON,Access to electricity (% of population),EG.ELC.ACCS.ZS,2022,100.0
South Asia (IDA & IBRD),TSA,Access to electricity (% of population),EG.ELC.ACCS.ZS,2022,99.08951147
Sub-Saharan Africa (IDA & IBRD countries),TSS,Access to electricity (% of population),EG.ELC.ACCS.ZS,2022,51.5078311
Trinidad and Tobago,TTO,Access to electricity (% of population),EG.ELC.ACCS.ZS,2022,100.0
Tunisia,TUN,Access to electricity (% of population),EG.ELC.ACCS.ZS,2022,100.0
Turkiye,TUR,Access to electricity (% of population),EG.ELC.ACCS.ZS,2022,100.0
Tuvalu,TUV,Access to electricity (% of population),EG.ELC.ACCS.ZS,2022,100.0
Tanzania,TZA,Access to electricity (% of population),EG.ELC.ACCS.ZS,2022,45.8
Uganda,UGA,Access to electricity (% of population),EG.ELC.ACCS.ZS,2022,47.1
Ukraine,UKR,Access to electricity (% of population),EG.ELC.ACCS.ZS,2022,100.0
Upper middle income,UMC,Access to electricity (% of population),EG.ELC.ACCS.ZS,2022,99.35376158
Uruguay,URY,Access to electricity (% of population),EG.ELC.ACCS.ZS,2022,100.0
United States,USA,Access to electricity (% of population),EG.ELC.ACCS.ZS,2022,100.0
Uzbekistan,UZB,Access to electricity (% of population),EG.ELC.ACCS.ZS,2022,100.0
St. Vincent and the Grenadines,VCT,Access to electricity (% of population),EG.ELC.ACCS.ZS,2022,100.0
"Venezuela, RB",VEN,Access to electricity (% of population),EG.ELC.ACCS.ZS,2022,100.0
British Virgin Islands,VGB,Access to electricity (% of population),EG.ELC.ACCS.ZS,2022,100.0
Virgin Islands (U.S.),VIR,Access to electricity (% of population),EG.ELC.ACCS.ZS,2022,100.0
Viet Nam,VNM,Access to electricity (% of population),EG.ELC.ACCS.ZS,2022,100.0
Vanuatu,VUT,Access to electricity (% of population),EG.ELC.ACCS.ZS,2022,70.0
World,WLD,Access to electricity (% of population),EG.ELC.ACCS.ZS,2022,91.28177367
Samoa,WSM,Access to electricity (% of population),EG.ELC.ACCS.ZS,2022,98.3
"Yemen, Rep.",YEM,Access to electricity (% of population),EG.ELC.ACCS.ZS,2022,76.0
South Africa,ZAF,Access to electricity (% of population),EG.ELC.ACCS.ZS,2022,86.5
Zambia,ZMB,Access to electricity (% of population),EG.ELC.ACCS.ZS,2022,47.8
Zimbabwe,ZWE,Access to electricity (% of population),EG.ELC.ACCS.ZS,2022,50.1
Aruba,ABW,Access to electricity (% of population),EG.ELC.ACCS.ZS,2023,100.0
Africa Eastern and Southern,AFE,Access to electricity (% of population),EG.ELC.ACCS.ZS,2023,50.66751579
Afghanistan,AFG,Access to electricity (% of population),EG.ELC.ACCS.ZS,2023,85.3
Africa Western and Central,AFW,Access to electricity (% of population),EG.ELC.ACCS.ZS,2023,57.06473747
Angola,AGO,Access to electricity (% of population),EG.ELC.ACCS.ZS,2023,51.1
Albania,ALB,Access to electricity (% of population),EG.ELC.ACCS.ZS,2023,100.0
Andorra,AND,Access to electricity (% of population),EG.ELC.ACCS.ZS,2023,100.0
Arab World,ARB,Access to electricity (% of population),EG.ELC.ACCS.ZS,2023,91.64542994
United Arab Emirates,ARE,Access to electricity (% of population),EG.ELC.ACCS.ZS,2023,100.0
Argentina,ARG,Access to electricity (% of population),EG.ELC.ACCS.ZS,2023,100.0
Armenia,ARM,Access to electricity (% of population),EG.ELC.ACCS.ZS,2023,100.0
Antigua and Barbuda,ATG,Access to electricity (% of population),EG.ELC.ACCS.ZS,2023,100.0
Australia,AUS,Access to electricity (% of population),EG.ELC.ACCS.ZS,2023,100.0
Austria,AUT,Access to electricity (% of population),EG.ELC.ACCS.ZS,2023,100.0
Azerbaijan,AZE,Access to electricity (% of population),EG.ELC.ACCS.ZS,2023,100.0
Burundi,BDI,Access to electricity (% of population),EG.ELC.ACCS.ZS,2023,11.6
Belgium,BEL,Access to electricity (% of population),EG.ELC.ACCS.ZS,2023,100.0
Benin,BEN,Access to electricity (% of population),EG.ELC.ACCS.ZS,2023,57.0
Burkina Faso,BFA,Access to electricity (% of population),EG.ELC.ACCS.ZS,2023,21.7
Bangladesh,BGD,Access to electricity (% of population),EG.ELC.ACCS.ZS,2023,99.5
Bulgaria,BGR,Access to electricity (% of population),EG.ELC.ACCS.ZS,2023,100.0
Bahrain,BHR,Access to electricity (% of population),EG.ELC.ACCS.ZS,2023,100.0
"Bahamas, The",BHS,Access to electricity (% of population),EG.ELC.ACCS.ZS,2023,100.0
Bosnia and Herzegovina,BIH,Access to electricity (% of population),EG.ELC.ACCS.ZS,2023,100.0
Belarus,BLR,Access to electricity (% of population),EG.ELC.ACCS.ZS,2023,100.0
Belize,BLZ,Access to electricity (% of population),EG.ELC.ACCS.ZS,2023,99.6
Bermuda,BMU,Access to electricity (% of population),EG.ELC.ACCS.ZS,2023,100.0
Bolivia,BOL,Access to electricity (% of population),EG.ELC.ACCS.ZS,2023,99.8
Brazil,BRA,Access to electricity (% of population),EG.ELC.ACCS.ZS,2023,99.8
Barbados,BRB,Access to electricity (% of population),EG.ELC.ACCS.ZS,2023,100.0
Brunei Darussalam,BRN,Access to electricity (% of population),EG.ELC.ACCS.ZS,2023,100.0
Bhutan,BTN,Access to electricity (% of population),EG.ELC.ACCS.ZS,2023,100.0
Botswana,BWA,Access to electricity (% of population),EG.ELC.ACCS.ZS,2023,76.0
Central African Republic,CAF,Access to electricity (% of population),EG.ELC.ACCS.ZS,2023,17.6
Canada,CAN,Access to electricity (% of population),EG.ELC.ACCS.ZS,2023,100.0
Central Europe and the Baltics,CEB,Access to electricity (% of population),EG.ELC.ACCS.ZS,2023,100.0
Switzerland,CHE,Access to electricity (% of population),EG.ELC.ACCS.ZS,2023,100.0
Channel Islands,CHI,Access to electricity (% of population),EG.ELC.ACCS.ZS,2023,100.0
Chile,CHL,Access to electricity (% of population),EG.ELC.ACCS.ZS,2023,100.0
China,CHN,Access to electricity (% of population),EG.ELC.ACCS.ZS,2023,100.0
Cote d'Ivoire,CIV,Access to electricity (% of population),EG.ELC.ACCS.ZS,2023,72.4
Cameroon,CMR,Access to electricity (% of population),EG.ELC.ACCS.ZS,2023,72.0
"Congo, Dem. Rep.",COD,Access to electricity (% of population),EG.ELC.ACCS.ZS,2023,22.1
"Congo, Rep.",COG,Access to electricity (% of population),EG.ELC.ACCS.ZS,2023,51.3
Colombia,COL,Access to electricity (% of population),EG.ELC.ACCS.ZS,2023,98.7
Comoros,COM,Access to electricity (% of population),EG.ELC.ACCS.ZS,2023,89.8
Cabo Verde,CPV,Access to electricity (% of population),EG.ELC.ACCS.ZS,2023,98.6
Costa Rica,CRI,Access to electricity (% of population),EG.ELC.ACCS.ZS,2023,100.0
Caribbean small states,CSS,Access to electricity (% of population),EG.ELC.ACCS.ZS,2023,99.16847754
Cuba,CUB,Access to electricity (% of population),EG.ELC.ACCS.ZS,2023,100.0
Curacao,CUW,Access to electricity (% of population),EG.ELC.ACCS.ZS,2023,100.0
Cayman Islands,CYM,Access to electricity (% of population),EG.ELC.ACCS.ZS,2023,100.0
Cyprus,CYP,Access to electricity (% of population),EG.ELC.ACCS.ZS,2023,100.0
Czechia,CZE,Access to electricity (% of population),EG.ELC.ACCS.ZS,2023,100.0
Germany,DEU,Access to electricity (% of population),EG.ELC.ACCS.ZS,2023,100.0
Djibouti,DJI,Access to electricity (% of population),EG.ELC.ACCS.ZS,2023,65.2
Dominica,DMA,Access to electricity (% of population),EG.ELC.ACCS.ZS,2023,100.0
Denmark,DNK,Access to electricity (% of population),EG.ELC.ACCS.ZS,2023,100.0
Dominican Republic,DOM,Access to electricity (% of population),EG.ELC.ACCS.ZS,2023,99.6
Algeria,DZA,Access to electricity (% of population),EG.ELC.ACCS.ZS,2023,100.0
East Asia & Pacific (excluding high income),EAP,Access to electricity (% of population),EG.ELC.ACCS.ZS,2023,98.2376383
Early-demographic dividend,EAR,Access to electricity (% of population),EG.ELC.ACCS.ZS,2023,95.7044381
East Asia & Pacific,EAS,Access to electricity (% of population),EG.ELC.ACCS.ZS,2023,98.4044625
Europe & Central Asia (excluding high income),ECA,Access to electricity (% of population),EG.ELC.ACCS.ZS,2023,100.0
Europe & Central Asia,ECS,Access to electricity (% of population),EG.ELC.ACCS.ZS,2023,100.0
Ecuador,ECU,Access to electricity (% of population),EG.ELC.ACCS.ZS,2023,98.7
"Egypt, Arab Rep.",EGY,Access to electricity (% of population),EG.ELC.ACCS.ZS,2023,100.0
Euro area,EMU,Access to electricity (% of population),EG.ELC.ACCS.ZS,2023,100.0
Eritrea,ERI,Access to electricity (% of population),EG.ELC.ACCS.ZS,2023,54.4
Spain,ESP,Access to electricity (% of population),EG.ELC.ACCS.ZS,2023,100.0
Estonia,EST,Access to electricity (% of population),EG.ELC.ACCS.ZS,2023,100.0
Ethiopia,ETH,Access to electricity (% of population),EG.ELC.ACCS.ZS,2023,55.4
European Union,EUU,Access to electricity (% of population),EG.ELC.ACCS.ZS,2023,100.0
Finland,FIN,Access to electricity (% of population),EG.ELC.ACCS.ZS,2023,100.0
Fiji,FJI,Access to electricity (% of population),EG.ELC.ACCS.ZS,2023,99.3
France,FRA,Access to electricity (% of population),EG.ELC.ACCS.ZS,2023,100.0
Faroe Islands,FRO,Access to electricity (% of population),EG.ELC.ACCS.ZS,2023,100.0
"Micronesia, Fed. Sts.",FSM,Access to electricity (% of population),EG.ELC.ACCS.ZS,2023,86.9
Gabon,GAB,Access to electricity (% of population),EG.ELC.ACCS.ZS,2023,94.1
United Kingdom,GBR,Access to electricity (% of population),EG.ELC.ACCS.ZS,2023,100.0
Georgia,GEO,Access to electricity (% of population),EG.ELC.ACCS.ZS,2023,100.0
Ghana,GHA,Access to electricity (% of population),EG.ELC.ACCS.ZS,2023,89.5
Gibraltar,GIB,Access to electricity (% of population),EG.ELC.ACCS.ZS,2023,100.0
Guinea,GIN,Access to electricity (% of population),EG.ELC.ACCS.ZS,2023,51.1
"Gambia, The",GMB,Access to electricity (% of population),EG.ELC.ACCS.ZS,2023,66.9
Guinea-Bissau,GNB,Access to electricity (% of population),EG.ELC.ACCS.ZS,2023,40.5
Equatorial Guinea,GNQ,Access to electricity (% of population),EG.ELC.ACCS.ZS,2023,66.9
Greece,GRC,Access to electricity (% of population),EG.ELC.ACCS.ZS,2023,100.0
Grenada,GRD,Access to electricity (% of population),EG.ELC.ACCS.ZS,2023,94.4
Greenland,GRL,Access to electricity (% of population),EG.ELC.ACCS.ZS,2023,100.0
Guatemala,GTM,Access to electricity (% of population),EG.ELC.ACCS.ZS,2023,100.0
Guam,GUM,Access to electricity (% of population),EG.ELC.ACCS.ZS,2023,100.0
Guyana,GUY,Access to electricity (% of population),EG.ELC.ACCS.ZS,2023,98.9
High income,HIC,Access to electricity (% of population),EG.ELC.ACCS.ZS,2023,99.98839978
"Hong Kong SAR, China",HKG,Access to electricity (% of population),EG.ELC.ACCS.ZS,2023,100.0
Honduras,HND,Access to electricity (% of population),EG.ELC.ACCS.ZS,2023,95.6
Heavily indebted poor countries (HIPC),HPC,Access to electricity (% of population),EG.ELC.ACCS.ZS,2023,50.52088968
Croatia,HRV,Access to electricity (% of population),EG.ELC.ACCS.ZS,2023,100.0
Haiti,HTI,Access to electricity (% of population),EG.ELC.ACCS.ZS,2023,51.3
Hungary,HUN,Access to electricity (% of population),EG.ELC.ACCS.ZS,2023,100.0
IBRD only,IBD,Access to electricity (% of population),EG.ELC.ACCS.ZS,2023,99.08858159
IDA & IBRD total,IBT,Access to electricity (% of population),EG.ELC.ACCS.ZS,2023,90.3195252
IDA total,IDA,Access to electricity (% of population),EG.ELC.ACCS.ZS,2023,67.50620586
IDA blend,IDB,Access to electricity (% of population),EG.ELC.ACCS.ZS,2023,77.92013438
Indonesia,IDN,Access to electricity (% of population),EG.ELC.ACCS.ZS,2023,99.4
IDA only,IDX,Access to electricity (% of population),EG.ELC.ACCS.ZS,2023,61.92256401
Isle of Man,IMN,Access to electricity (% of population),EG.ELC.ACCS.ZS,2023,100.0
India,IND,Access to electricity (% of population),EG.ELC.ACCS.ZS,2023,99.5
Ireland,IRL,Access to electricity (% of population),EG.ELC.ACCS.ZS,2023,100.0
"Iran, Islamic Rep.",IRN,Access to electricity (% of population),EG.ELC.ACCS.ZS,2023,100.0
Iraq,IRQ,Access to electricity (% of population),EG.ELC.ACCS.ZS,2023,100.0
Iceland,ISL,Access to electricity (% of population),EG.ELC.ACCS.ZS,2023,100.0
Israel,ISR,Access to electricity (% of population),EG.ELC.ACCS.ZS,2023,100.0
Italy,ITA,Access to electricity (% of population),EG.ELC.ACCS.ZS,2023,100.0
Jamaica,JAM,Access to electricity (% of population),EG.ELC.ACCS.ZS,2023,97.7
Jordan,JOR,Access to electricity (% of population),EG.ELC.ACCS.ZS,2023,100.0
Japan,JPN,Access to electricity (% of population),EG.ELC.ACCS.ZS,2023,100.0
Kazakhstan,KAZ,Access to electricity (% of population),EG.ELC.ACCS.ZS,2023,100.0
Kenya,KEN,Access to electricity (% of population),EG.ELC.ACCS.ZS,2023,76.2
Kyrgyz Republic,KGZ,Access to electricity (% of population),EG.ELC.ACCS.ZS,2023,100.0
Cambodia,KHM,Access to electricity (% of population),EG.ELC.ACCS.ZS,2023,95.0
Kiribati,KIR,Access to electricity (% of population),EG.ELC.ACCS.ZS,2023,95.9
St. Kitts and Nevis,KNA,Access to electricity (% of population),EG.ELC.ACCS.ZS,2023,100.0
"Korea, Rep.",KOR,Access to electricity (% of population),EG.ELC.ACCS.ZS,2023,100.0
Kuwait,KWT,Access to electricity (% of population),EG.ELC.ACCS.ZS,2023,100.0
Latin America & Caribbean (excluding high income),LAC,Access to electricity (% of population),EG.ELC.ACCS.ZS,2023,98.3480015
Lao PDR,LAO,Access to electricity (% of population),EG.ELC.ACCS.ZS,2023,96.5
Lebanon,LBN,Access to electricity (% of population),EG.ELC.ACCS.ZS,2023,100.0
Liberia,LBR,Access to electricity (% of population),EG.ELC.ACCS.ZS,2023,32.5
Libya,LBY,Access to electricity (% of population),EG.ELC.ACCS.ZS,2023,73.2
St. Lucia,LCA,Access to electricity (% of population),EG.ELC.ACCS.ZS,2023,100.0
Latin America & Caribbean,LCN,Access to electricity (% of population),EG.ELC.ACCS.ZS,2023,98.42261773
Least developed countries: UN classification,LDC,Access to electricity (% of population),EG.ELC.ACCS.ZS,2023,58.43343178
Low income,LIC,Access to electricity (% of population),EG.ELC.ACCS.ZS,2023,46.88637915
Liechtenstein,LIE,Access to electricity (% of population),EG.ELC.ACCS.ZS,2023,100.0
Sri Lanka,LKA,Access to electricity (% of population),EG.ELC.ACCS.ZS,2023,100.0
Lower middle income,LMC,Access to electricity (% of population),EG.ELC.ACCS.ZS,2023,90.59272168
Low & middle income,LMY,Access to electricity (% of population),EG.ELC.ACCS.ZS,2023,89.85831248
Lesotho,LSO,Access to electricity (% of population),EG.ELC.ACCS.ZS,2023,57.3
Late-demographic dividend,LTE,Access to electricity (% of population),EG.ELC.ACCS.ZS,2023,99.45709581
Lithuania,LTU,Access to electricity (% of population),EG.ELC.ACCS.ZS,2023,100.0
Luxembourg,LUX,Access to electricity (% of population),EG.ELC.ACCS.ZS,2023,100.0
Latvia,LVA,Access to electricity (% of population),EG.ELC.ACCS.ZS,2023,100.0
"Macao SAR, China",MAC,Access to electricity (% of population),EG.ELC.ACCS.ZS,2023,100.0
St. Martin (French part),MAF,Access to electricity (% of population),EG.ELC.ACCS.ZS,2023,100.0
Morocco,MAR,Access to electricity (% of population),EG.ELC.ACCS.ZS,2023,100.0
Monaco,MCO,Access to electricity (% of population),EG.ELC.ACCS.ZS,2023,100.0
Moldova,MDA,Access to electricity (% of population),EG.ELC.ACCS.ZS,2023,100.0
Madagascar,MDG,Access to electricity (% of population),EG.ELC.ACCS.ZS,2023,39.4
Maldives,MDV,Access to electricity (% of population),EG.ELC.ACCS.ZS,2023,100.0
"Middle East, North Africa, Afghanistan & Pakistan",MEA,Access to electricity (% of population),EG.ELC.ACCS.ZS,2023,96.42263674
Mexico,MEX,Access to electricity (% of population),EG.ELC.ACCS.ZS,2023,99.7
Marshall Islands,MHL,Access to electricity (% of population),EG.ELC.ACCS.ZS,2023,100.0
Middle income,MIC,Access to electricity (% of population),EG.ELC.ACCS.ZS,2023,95.13132554
North Macedonia,MKD,Access to electricity (% of population),EG.ELC.ACCS.ZS,2023,100.0
Mali,MLI,Access to electricity (% of population),EG.ELC.ACCS.ZS,2023,54.5
Malta,MLT,Access to electricity (% of population),EG.ELC.ACCS.ZS,2023,100.0
Myanmar,MMR,Access to electricity (% of population),EG.ELC.ACCS.ZS,2023,76.8
"Middle East, North Africa, Afghanistan & Pakistan (excluding high income)",MNA,Access to electricity (% of population),EG.ELC.ACCS.ZS,2023,96.08542875
Montenegro,MNE,Access to electricity (% of population),EG.ELC.ACCS.ZS,2023,100.0
Mongolia,MNG,Access to electricity (% of population),EG.ELC.ACCS.ZS,2023,100.0
Northern Mariana Islands,MNP,Access to electricity (% of population),EG.ELC.ACCS.ZS,2023,100.0
Mozambique,MOZ,Access to electricity (% of population),EG.ELC.ACCS.ZS,2023,36.0
Mauritania,MRT,Access to electricity (% of population),EG.ELC.ACCS.ZS,2023,50.3
Mauritius,MUS,Access to electricity (% of population),EG.ELC.ACCS.ZS,2023,100.0
Malawi,MWI,Access to electricity (% of population),EG.ELC.ACCS.ZS,2023,15.6
Malaysia,MYS,Access to electricity (% of population),EG.ELC.ACCS.ZS,2023,100.0
North America,NAC,Access to electricity (% of population),EG.ELC.ACCS.ZS,2023,100.0
Namibia,NAM,Access to electricity (% of population),EG.ELC.ACCS.ZS,2023,56.7
New Caledonia,NCL,Access to electricity (% of population),EG.ELC.ACCS.ZS,2023,100.0
Niger,NER,Access to electricity (% of population),EG.ELC.ACCS.ZS,2023,20.1
Nigeria,NGA,Access to electricity (% of population),EG.ELC.ACCS.ZS,2023,61.2
Nicaragua,NIC,Access to electricity (% of population),EG.ELC.ACCS.ZS,2023,88.3
Netherlands,NLD,Access to electricity (% of population),EG.ELC.ACCS.ZS,2023,100.0
Norway,NOR,Access to electricity (% of population),EG.ELC.ACCS.ZS,2023,100.0
Nepal,NPL,Access to electricity (% of population),EG.ELC.ACCS.ZS,2023,94.0
Naoero,NRU,Access to electricity (% of population),EG.ELC.ACCS.ZS,2023,100.0
New Zealand,NZL,Access to electricity (% of population),EG.ELC.ACCS.ZS,2023,100.0
OECD members,OED,Access to electricity (% of population),EG.ELC.ACCS.ZS,2023,99.92294576
Oman,OMN,Access to electricity (% of population),EG.ELC.ACCS.ZS,2023,100.0
Other small states,OSS,Access to electricity (% of population),EG.ELC.ACCS.ZS,2023,94.49546922
Pakistan,PAK,Access to electricity (% of population),EG.ELC.ACCS.ZS,2023,95.6
Panama,PAN,Access to electricity (% of population),EG.ELC.ACCS.ZS,2023,97.0
Peru,PER,Access to electricity (% of population),EG.ELC.ACCS.ZS,2023,96.2
Philippines,PHL,Access to electricity (% of population),EG.ELC.ACCS.ZS,2023,98.0
Palau,PLW,Access to electricity (% of population),EG.ELC.ACCS.ZS,2023,100.0
Papua New Guinea,PNG,Access to electricity (% of population),EG.ELC.ACCS.ZS,2023,20.5
Poland,POL,Access to electricity (% of population),EG.ELC.ACCS.ZS,2023,100.0
Pre-demographic dividend,PRE,Access to electricity (% of population),EG.ELC.ACCS.ZS,2023,52.52429861
Puerto Rico (US),PRI,Access to electricity (% of population),EG.ELC.ACCS.ZS,2023,100.0
"Korea, Dem. People's Rep.",PRK,Access to electricity (% of population),EG.ELC.ACCS.ZS,2023,57.5
Portugal,PRT,Access to electricity (% of population),EG.ELC.ACCS.ZS,2023,100.0
Paraguay,PRY,Access to electricity (% of population),EG.ELC.ACCS.ZS,2023,99.8
West Bank and Gaza,PSE,Access to electricity (% of population),EG.ELC.ACCS.ZS,2023,100.0
Pacific island small states,PSS,Access to electricity (% of population),EG.ELC.ACCS.ZS,2023,88.87057136
Post-demographic dividend,PST,Access to electricity (% of population),EG.ELC.ACCS.ZS,2023,100.0
French Polynesia,PYF,Access to electricity (% of population),EG.ELC.ACCS.ZS,2023,100.0
Qatar,QAT,Access to electricity (% of population),EG.ELC.ACCS.ZS,2023,100.0
Romania,ROU,Access to electricity (% of population),EG.ELC.ACCS.ZS,2023,100.0
Russian Federation,RUS,Access to electricity (% of population),EG.ELC.ACCS.ZS,2023,100.0
Rwanda,RWA,Access to electricity (% of population),EG.ELC.ACCS.ZS,2023,63.9
South Asia,SAS,Access to electricity (% of population),EG.ELC.ACCS.ZS,2023,99.40878897
Saudi Arabia,SAU,Access to electricity (% of population),EG.ELC.ACCS.ZS,2023,100.0
Sudan,SDN,Access to electricity (% of population),EG.ELC.ACCS.ZS,2023,66.0
Senegal,SEN,Access to electricity (% of population),EG.ELC.ACCS.ZS,2023,74.2
Singapore,SGP,Access to electricity (% of population),EG.ELC.ACCS.ZS,2023,100.0
Solomon Islands,SLB,Access to electricity (% of population),EG.ELC.ACCS.ZS,2023,81.3
Sierra Leone,SLE,Access to electricity (% of population),EG.ELC.ACCS.ZS,2023,35.5
El Salvador,SLV,Access to electricity (% of population),EG.ELC.ACCS.ZS,2023,98.3
San Marino,SMR,Access to electricity (% of population),EG.ELC.ACCS.ZS,2023,100.0
"Somalia, Fed. Rep.",SOM,Access to electricity (% of population),EG.ELC.ACCS.ZS,2023,50.3
Serbia,SRB,Access to electricity (% of population),EG.ELC.ACCS.ZS,2023,100.0
Sub-Saharan Africa (excluding high income),SSA,Access to electricity (% of population),EG.ELC.ACCS.ZS,2023,53.24632047
South Sudan,SSD,Access to electricity (% of population),EG.ELC.ACCS.ZS,2023,5.4
Sub-Saharan Africa,SSF,Access to electricity (% of population),EG.ELC.ACCS.ZS,2023,53.25076898
Small states,SST,Access to electricity (% of population),EG.ELC.ACCS.ZS,2023,94.79474835
Sao Tome and Principe,STP,Access to electricity (% of population),EG.ELC.ACCS.ZS,2023,81.3
Suriname,SUR,Access to electricity (% of population),EG.ELC.ACCS.ZS,2023,99.6
Slovak Republic,SVK,Access to electricity (% of population),EG.ELC.ACCS.ZS,2023,100.0
Slovenia,SVN,Access to electricity (% of population),EG.ELC.ACCS.ZS,2023,100.0
Sweden,SWE,Access to electricity (% of population),EG.ELC.ACCS.ZS,2023,100.0
Eswatini,SWZ,Access to electricity (% of population),EG.ELC.ACCS.ZS,2023,86.4
Sint Maarten (Dutch part),SXM,Access to electricity (% of population),EG.ELC.ACCS.ZS,2023,100.0
Seychelles,SYC,Access to electricity (% of population),EG.ELC.ACCS.ZS,2023,100.0
Syrian Arab Republic,SYR,Access to electricity (% of population),EG.ELC.ACCS.ZS,2023,88.4
Turks and Caicos Islands,TCA,Access to electricity (% of population),EG.ELC.ACCS.ZS,2023,100.0
Chad,TCD,Access to electricity (% of population),EG.ELC.ACCS.ZS,2023,12.0
East Asia & Pacific (IDA & IBRD countries),TEA,Access to electricity (% of population),EG.ELC.ACCS.ZS,2023,98.74744241
Europe & Central Asia (IDA & IBRD countries),TEC,Access to electricity (% of population),EG.ELC.ACCS.ZS,2023,100.0
Togo,TGO,Access to electricity (% of population),EG.ELC.ACCS.ZS,2023,59.2
Thailand,THA,Access to electricity (% of population),EG.ELC.ACCS.ZS,2023,100.0
Tajikistan,TJK,Access to electricity (% of population),EG.ELC.ACCS.ZS,2023,100.0
Turkmenistan,TKM,Access to electricity (% of population),EG.ELC.ACCS.ZS,2023,100.0
Latin America & the Caribbean (IDA & IBRD countries),TLA,Access to electricity (% of population),EG.ELC.ACCS.ZS,2023,98.38524912
Timor-Leste,TLS,Access to electricity (% of population),EG.ELC.ACCS.ZS,2023,100.0
"Middle East, North Africa, Afghanistan & Pakistan (IDA & IBRD)",TMN,Access to electricity (% of population),EG.ELC.ACCS.ZS,2023,96.05749468
Tonga,TON,Access to electricity (% of population),EG.ELC.ACCS.ZS,2023,100.0
South Asia (IDA & IBRD),TSA,Access to electricity (% of population),EG.ELC.ACCS.ZS,2023,99.40878897
Sub-Saharan Africa (IDA & IBRD countries),TSS,Access to electricity (% of population),EG.ELC.ACCS.ZS,2023,53.25076898
Trinidad and Tobago,TTO,Access to electricity (% of population),EG.ELC.ACCS.ZS,2023,98.7
Tunisia,TUN,Access to electricity (% of population),EG.ELC.ACCS.ZS,2023,100.0
Turkiye,TUR,Access to electricity (% of population),EG.ELC.ACCS.ZS,2023,100.0
Tuvalu,TUV,Access to electricity (% of population),EG.ELC.ACCS.ZS,2023,100.0
Tanzania,TZA,Access to electricity (% of population),EG.ELC.ACCS.ZS,2023,48.3
Uganda,UGA,Access to electricity (% of population),EG.ELC.ACCS.ZS,2023,51.5
Ukraine,UKR,Access to electricity (% of population),EG.ELC.ACCS.ZS,2023,100.0
Upper middle income,UMC,Access to electricity (% of population),EG.ELC.ACCS.ZS,2023,99.39289864
Uruguay,URY,Access to electricity (% of population),EG.ELC.ACCS.ZS,2023,100.0
United States,USA,Access to electricity (% of population),EG.ELC.ACCS.ZS,2023,100.0
Uzbekistan,UZB,Access to electricity (% of population),EG.ELC.ACCS.ZS,2023,100.0
St. Vincent and the Grenadines,VCT,Access to electricity (% of population),EG.ELC.ACCS.ZS,2023,100.0
"Venezuela, RB",VEN,Access to electricity (% of population),EG.ELC.ACCS.ZS,2023,100.0
British Virgin Islands,VGB,Access to electricity (% of population),EG.ELC.ACCS.ZS,2023,100.0
Virgin Islands (U.S.),VIR,Access to electricity (% of population),EG.ELC.ACCS.ZS,2023,100.0
Viet Nam,VNM,Access to electricity (% of population),EG.ELC.ACCS.ZS,2023,99.8
Vanuatu,VUT,Access to electricity (% of population),EG.ELC.ACCS.ZS,2023,61.6
World,WLD,Access to electricity (% of population),EG.ELC.ACCS.ZS,2023,91.60347625
Samoa,WSM,Access to electricity (% of population),EG.ELC.ACCS.ZS,2023,100.0
"Yemen, Rep.",YEM,Access to electricity (% of population),EG.ELC.ACCS.ZS,2023,83.6
South Africa,ZAF,Access to electricity (% of population),EG.ELC.ACCS.ZS,2023,87.7
Zambia,ZMB,Access to electricity (% of population),EG.ELC.ACCS.ZS,2023,51.1
Zimbabwe,ZWE,Access to electricity (% of population),EG.ELC.ACCS.ZS,2023,62.0
Aruba,ABW,Access to electricity (% of population),EG.ELC.ACCS.ZS,2024,100.0
Africa Eastern and Southern,AFE,Access to electricity (% of population),EG.ELC.ACCS.ZS,2024,52.59817052
Afghanistan,AFG,Access to electricity (% of population),EG.ELC.ACCS.ZS,2024,87.8
Africa Western and Central,AFW,Access to electricity (% of population),EG.ELC.ACCS.ZS,2024,58.82216622
Angola,AGO,Access to electricity (% of population),EG.ELC.ACCS.ZS,2024,55.5
Albania,ALB,Access to electricity (% of population),EG.ELC.ACCS.ZS,2024,100.0
Andorra,AND,Access to electricity (% of population),EG.ELC.ACCS.ZS,2024,100.0
Arab World,ARB,Access to electricity (% of population),EG.ELC.ACCS.ZS,2024,92.16591799
United Arab Emirates,ARE,Access to electricity (% of population),EG.ELC.ACCS.ZS,2024,100.0
Argentina,ARG,Access to electricity (% of population),EG.ELC.ACCS.ZS,2024,98.4
Armenia,ARM,Access to electricity (% of population),EG.ELC.ACCS.ZS,2024,100.0
Antigua and Barbuda,ATG,Access to electricity (% of population),EG.ELC.ACCS.ZS,2024,100.0
Australia,AUS,Access to electricity (% of population),EG.ELC.ACCS.ZS,2024,100.0
Austria,AUT,Access to electricity (% of population),EG.ELC.ACCS.ZS,2024,100.0
Azerbaijan,AZE,Access to electricity (% of population),EG.ELC.ACCS.ZS,2024,100.0
Burundi,BDI,Access to electricity (% of population),EG.ELC.ACCS.ZS,2024,20.1
Belgium,BEL,Access to electricity (% of population),EG.ELC.ACCS.ZS,2024,100.0
Benin,BEN,Access to electricity (% of population),EG.ELC.ACCS.ZS,2024,59.0
Burkina Faso,BFA,Access to electricity (% of population),EG.ELC.ACCS.ZS,2024,34.0
Bangladesh,BGD,Access to electricity (% of population),EG.ELC.ACCS.ZS,2024,99.5
Bulgaria,BGR,Access to electricity (% of population),EG.ELC.ACCS.ZS,2024,100.0
Bahrain,BHR,Access to electricity (% of population),EG.ELC.ACCS.ZS,2024,100.0
"Bahamas, The",BHS,Access to electricity (% of population),EG.ELC.ACCS.ZS,2024,100.0
Bosnia and Herzegovina,BIH,Access to electricity (% of population),EG.ELC.ACCS.ZS,2024,100.0
Belarus,BLR,Access to electricity (% of population),EG.ELC.ACCS.ZS,2024,100.0
Belize,BLZ,Access to electricity (% of population),EG.ELC.ACCS.ZS,2024,99.6
Bermuda,BMU,Access to electricity (% of population),EG.ELC.ACCS.ZS,2024,100.0
Bolivia,BOL,Access to electricity (% of population),EG.ELC.ACCS.ZS,2024,96.6
Brazil,BRA,Access to electricity (% of population),EG.ELC.ACCS.ZS,2024,99.8
Barbados,BRB,Access to electricity (% of population),EG.ELC.ACCS.ZS,2024,100.0
Brunei Darussalam,BRN,Access to electricity (% of population),EG.ELC.ACCS.ZS,2024,100.0
Bhutan,BTN,Access to electricity (% of population),EG.ELC.ACCS.ZS,2024,100.0
Botswana,BWA,Access to electricity (% of population),EG.ELC.ACCS.ZS,2024,80.2
Central African Republic,CAF,Access to electricity (% of population),EG.ELC.ACCS.ZS,2024,18.2
Canada,CAN,Access to electricity (% of population),EG.ELC.ACCS.ZS,2024,100.0
Central Europe and the Baltics,CEB,Access to electricity (% of population),EG.ELC.ACCS.ZS,2024,100.0
Switzerland,CHE,Access to electricity (% of population),EG.ELC.ACCS.ZS,2024,100.0
Channel Islands,CHI,Access to electricity (% of population),EG.ELC.ACCS.ZS,2024,100.0
Chile,CHL,Access to electricity (% of population),EG.ELC.ACCS.ZS,2024,99.0
China,CHN,Access to electricity (% of population),EG.ELC.ACCS.ZS,2024,100.0
Cote d'Ivoire,CIV,Access to electricity (% of population),EG.ELC.ACCS.ZS,2024,72.9
Cameroon,CMR,Access to electricity (% of population),EG.ELC.ACCS.ZS,2024,72.0
"Congo, Dem. Rep.",COD,Access to electricity (% of population),EG.ELC.ACCS.ZS,2024,22.5
"Congo, Rep.",COG,Access to electricity (% of population),EG.ELC.ACCS.ZS,2024,53.0
Colombia,COL,Access to electricity (% of population),EG.ELC.ACCS.ZS,2024,98.9
Comoros,COM,Access to electricity (% of population),EG.ELC.ACCS.ZS,2024,91.7
Cabo Verde,CPV,Access to electricity (% of population),EG.ELC.ACCS.ZS,2024,98.4
Costa Rica,CRI,Access to electricity (% of population),EG.ELC.ACCS.ZS,2024,99.8
Caribbean small states,CSS,Access to electricity (% of population),EG.ELC.ACCS.ZS,2024,98.42818125
Cuba,CUB,Access to electricity (% of population),EG.ELC.ACCS.ZS,2024,100.0
Curacao,CUW,Access to electricity (% of population),EG.ELC.ACCS.ZS,2024,100.0
Cayman Islands,CYM,Access to electricity (% of population),EG.ELC.ACCS.ZS,2024,100.0
Cyprus,CYP,Access to electricity (% of population),EG.ELC.ACCS.ZS,2024,100.0
Czechia,CZE,Access to electricity (% of population),EG.ELC.ACCS.ZS,2024,100.0
Germany,DEU,Access to electricity (% of population),EG.ELC.ACCS.ZS,2024,100.0
Djibouti,DJI,Access to electricity (% of population),EG.ELC.ACCS.ZS,2024,69.2
Dominica,DMA,Access to electricity (% of population),EG.ELC.ACCS.ZS,2024,100.0
Denmark,DNK,Access to electricity (% of population),EG.ELC.ACCS.ZS,2024,100.0
Dominican Republic,DOM,Access to electricity (% of population),EG.ELC.ACCS.ZS,2024,99.5
Algeria,DZA,Access to electricity (% of population),EG.ELC.ACCS.ZS,2024,100.0
East Asia & Pacific (excluding high income),EAP,Access to electricity (% of population),EG.ELC.ACCS.ZS,2024,98.40929993
Early-demographic dividend,EAR,Access to electricity (% of population),EG.ELC.ACCS.ZS,2024,96.09059491
East Asia & Pacific,EAS,Access to electricity (% of population),EG.ELC.ACCS.ZS,2024,98.55979482
Europe & Central Asia (excluding high income),ECA,Access to electricity (% of population),EG.ELC.ACCS.ZS,2024,99.9957432
Europe & Central Asia,ECS,Access to electricity (% of population),EG.ELC.ACCS.ZS,2024,99.99885747
Ecuador,ECU,Access to electricity (% of population),EG.ELC.ACCS.ZS,2024,98.5
"Egypt, Arab Rep.",EGY,Access to electricity (% of population),EG.ELC.ACCS.ZS,2024,100.0
Euro area,EMU,Access to electricity (% of population),EG.ELC.ACCS.ZS,2024,100.0
Eritrea,ERI,Access to electricity (% of population),EG.ELC.ACCS.ZS,2024,55.3
Spain,ESP,Access to electricity (% of population),EG.ELC.ACCS.ZS,2024,100.0
Estonia,EST,Access to electricity (% of population),EG.ELC.ACCS.ZS,2024,100.0
Ethiopia,ETH,Access to electricity (% of population),EG.ELC.ACCS.ZS,2024,56.6
European Union,EUU,Access to electricity (% of population),EG.ELC.ACCS.ZS,2024,100.0
Finland,FIN,Access to electricity (% of population),EG.ELC.ACCS.ZS,2024,100.0
Fiji,FJI,Access to electricity (% of population),EG.ELC.ACCS.ZS,2024,95.9
France,FRA,Access to electricity (% of population),EG.ELC.ACCS.ZS,2024,100.0
Faroe Islands,FRO,Access to electricity (% of population),EG.ELC.ACCS.ZS,2024,100.0
"Micronesia, Fed. Sts.",FSM,Access to electricity (% of population),EG.ELC.ACCS.ZS,2024,88.9
Gabon,GAB,Access to electricity (% of population),EG.ELC.ACCS.ZS,2024,95.1
United Kingdom,GBR,Access to electricity (% of population),EG.ELC.ACCS.ZS,2024,100.0
Georgia,GEO,Access to electricity (% of population),EG.ELC.ACCS.ZS,2024,100.0
Ghana,GHA,Access to electricity (% of population),EG.ELC.ACCS.ZS,2024,91.9
Gibraltar,GIB,Access to electricity (% of population),EG.ELC.ACCS.ZS,2024,100.0
Guinea,GIN,Access to electricity (% of population),EG.ELC.ACCS.ZS,2024,53.8
"Gambia, The",GMB,Access to electricity (% of population),EG.ELC.ACCS.ZS,2024,69.0
Guinea-Bissau,GNB,Access to electricity (% of population),EG.ELC.ACCS.ZS,2024,43.7
Equatorial Guinea,GNQ,Access to electricity (% of population),EG.ELC.ACCS.ZS,2024,65.1
Greece,GRC,Access to electricity (% of population),EG.ELC.ACCS.ZS,2024,100.0
Grenada,GRD,Access to electricity (% of population),EG.ELC.ACCS.ZS,2024,95.6
Greenland,GRL,Access to electricity (% of population),EG.ELC.ACCS.ZS,2024,100.0
Guatemala,GTM,Access to electricity (% of population),EG.ELC.ACCS.ZS,2024,90.9
Guam,GUM,Access to electricity (% of population),EG.ELC.ACCS.ZS,2024,100.0
Guyana,GUY,Access to electricity (% of population),EG.ELC.ACCS.ZS,2024,93.0
High income,HIC,Access to electricity (% of population),EG.ELC.ACCS.ZS,2024,99.96796576
"Hong Kong SAR, China",HKG,Access to electricity (% of population),EG.ELC.ACCS.ZS,2024,100.0
Honduras,HND,Access to electricity (% of population),EG.ELC.ACCS.ZS,2024,95.5
Heavily indebted poor countries (HIPC),HPC,Access to electricity (% of population),EG.ELC.ACCS.ZS,2024,52.47694029
Croatia,HRV,Access to electricity (% of population),EG.ELC.ACCS.ZS,2024,100.0
Haiti,HTI,Access to electricity (% of population),EG.ELC.ACCS.ZS,2024,53.9
Hungary,HUN,Access to electricity (% of population),EG.ELC.ACCS.ZS,2024,100.0
IBRD only,IBD,Access to electricity (% of population),EG.ELC.ACCS.ZS,2024,99.17103143
IDA & IBRD total,IBT,Access to electricity (% of population),EG.ELC.ACCS.ZS,2024,90.68418581
IDA total,IDA,Access to electricity (% of population),EG.ELC.ACCS.ZS,2024,68.94572207
IDA blend,IDB,Access to electricity (% of population),EG.ELC.ACCS.ZS,2024,78.81482304
Indonesia,IDN,Access to electricity (% of population),EG.ELC.ACCS.ZS,2024,99.9
IDA only,IDX,Access to electricity (% of population),EG.ELC.ACCS.ZS,2024,63.67324694
Isle of Man,IMN,Access to electricity (% of population),EG.ELC.ACCS.ZS,2024,100.0
India,IND,Access to electricity (% of population),EG.ELC.ACCS.ZS,2024,99.9
Ireland,IRL,Access to electricity (% of population),EG.ELC.ACCS.ZS,2024,100.0
"Iran, Islamic Rep.",IRN,Access to electricity (% of population),EG.ELC.ACCS.ZS,2024,100.0
Iraq,IRQ,Access to electricity (% of population),EG.ELC.ACCS.ZS,2024,100.0
Iceland,ISL,Access to electricity (% of population),EG.ELC.ACCS.ZS,2024,100.0
Israel,ISR,Access to electricity (% of population),EG.ELC.ACCS.ZS,2024,100.0
Italy,ITA,Access to electricity (% of population),EG.ELC.ACCS.ZS,2024,100.0
Jamaica,JAM,Access to electricity (% of population),EG.ELC.ACCS.ZS,2024,97.7
Jordan,JOR,Access to electricity (% of population),EG.ELC.ACCS.ZS,2024,100.0
Japan,JPN,Access to electricity (% of population),EG.ELC.ACCS.ZS,2024,100.0
Kazakhstan,KAZ,Access to electricity (% of population),EG.ELC.ACCS.ZS,2024,100.0
Kenya,KEN,Access to electricity (% of population),EG.ELC.ACCS.ZS,2024,77.0
Kyrgyz Republic,KGZ,Access to electricity (% of population),EG.ELC.ACCS.ZS,2024,100.0
Cambodia,KHM,Access to electricity (% of population),EG.ELC.ACCS.ZS,2024,99.2
Kiribati,KIR,Access to electricity (% of population),EG.ELC.ACCS.ZS,2024,97.7
St. Kitts and Nevis,KNA,Access to electricity (% of population),EG.ELC.ACCS.ZS,2024,100.0
"Korea, Rep.",KOR,Access to electricity (% of population),EG.ELC.ACCS.ZS,2024,100.0
Kuwait,KWT,Access to electricity (% of population),EG.ELC.ACCS.ZS,2024,100.0
Latin America & Caribbean (excluding high income),LAC,Access to electricity (% of population),EG.ELC.ACCS.ZS,2024,97.99330111
Lao PDR,LAO,Access to electricity (% of population),EG.ELC.ACCS.ZS,2024,96.5
Lebanon,LBN,Access to electricity (% of population),EG.ELC.ACCS.ZS,2024,100.0
Liberia,LBR,Access to electricity (% of population),EG.ELC.ACCS.ZS,2024,34.9
Libya,LBY,Access to electricity (% of population),EG.ELC.ACCS.ZS,2024,77.4
St. Lucia,LCA,Access to electricity (% of population),EG.ELC.ACCS.ZS,2024,100.0
Latin America & Caribbean,LCN,Access to electricity (% of population),EG.ELC.ACCS.ZS,2024,98.04591116
Least developed countries: UN classification,LDC,Access to electricity (% of population),EG.ELC.ACCS.ZS,2024,60.36767038
Low income,LIC,Access to electricity (% of population),EG.ELC.ACCS.ZS,2024,48.80059872
Liechtenstein,LIE,Access to electricity (% of population),EG.ELC.ACCS.ZS,2024,100.0
Sri Lanka,LKA,Access to electricity (% of population),EG.ELC.ACCS.ZS,2024,100.0
Lower middle income,LMC,Access to electricity (% of population),EG.ELC.ACCS.ZS,2024,91.35818608
Low & middle income,LMY,Access to electricity (% of population),EG.ELC.ACCS.ZS,2024,90.2581392
Lesotho,LSO,Access to electricity (% of population),EG.ELC.ACCS.ZS,2024,60.6
Late-demographic dividend,LTE,Access to electricity (% of population),EG.ELC.ACCS.ZS,2024,99.5003822
Lithuania,LTU,Access to electricity (% of population),EG.ELC.ACCS.ZS,2024,100.0
Luxembourg,LUX,Access to electricity (% of population),EG.ELC.ACCS.ZS,2024,100.0
Latvia,LVA,Access to electricity (% of population),EG.ELC.ACCS.ZS,2024,100.0
"Macao SAR, China",MAC,Access to electricity (% of population),EG.ELC.ACCS.ZS,2024,100.0
St. Martin (French part),MAF,Access to electricity (% of population),EG.ELC.ACCS.ZS,2024,100.0
Morocco,MAR,Access to electricity (% of population),EG.ELC.ACCS.ZS,2024,100.0
Monaco,MCO,Access to electricity (% of population),EG.ELC.ACCS.ZS,2024,100.0
Moldova,MDA,Access to electricity (% of population),EG.ELC.ACCS.ZS,2024,100.0
Madagascar,MDG,Access to electricity (% of population),EG.ELC.ACCS.ZS,2024,42.5
Maldives,MDV,Access to electricity (% of population),EG.ELC.ACCS.ZS,2024,100.0
"Middle East, North Africa, Afghanistan & Pakistan",MEA,Access to electricity (% of population),EG.ELC.ACCS.ZS,2024,96.77368847
Mexico,MEX,Access to electricity (% of population),EG.ELC.ACCS.ZS,2024,99.8
Marshall Islands,MHL,Access to electricity (% of population),EG.ELC.ACCS.ZS,2024,97.2
Middle income,MIC,Access to electricity (% of population),EG.ELC.ACCS.ZS,2024,95.44293119
North Macedonia,MKD,Access to electricity (% of population),EG.ELC.ACCS.ZS,2024,100.0
Mali,MLI,Access to electricity (% of population),EG.ELC.ACCS.ZS,2024,49.5
Malta,MLT,Access to electricity (% of population),EG.ELC.ACCS.ZS,2024,100.0
Myanmar,MMR,Access to electricity (% of population),EG.ELC.ACCS.ZS,2024,80.4
"Middle East, North Africa, Afghanistan & Pakistan (excluding high income)",MNA,Access to electricity (% of population),EG.ELC.ACCS.ZS,2024,96.46274157
Montenegro,MNE,Access to electricity (% of population),EG.ELC.ACCS.ZS,2024,100.0
Mongolia,MNG,Access to electricity (% of population),EG.ELC.ACCS.ZS,2024,99.1
Northern Mariana Islands,MNP,Access to electricity (% of population),EG.ELC.ACCS.ZS,2024,100.0
Mozambique,MOZ,Access to electricity (% of population),EG.ELC.ACCS.ZS,2024,36.9
Mauritania,MRT,Access to electricity (% of population),EG.ELC.ACCS.ZS,2024,52.2
Mauritius,MUS,Access to electricity (% of population),EG.ELC.ACCS.ZS,2024,100.0
Malawi,MWI,Access to electricity (% of population),EG.ELC.ACCS.ZS,2024,15.6
Malaysia,MYS,Access to electricity (% of population),EG.ELC.ACCS.ZS,2024,100.0
North America,NAC,Access to electricity (% of population),EG.ELC.ACCS.ZS,2024,100.0
Namibia,NAM,Access to electricity (% of population),EG.ELC.ACCS.ZS,2024,59.3
New Caledonia,NCL,Access to electricity (% of population),EG.ELC.ACCS.ZS,2024,100.0
Niger,NER,Access to electricity (% of population),EG.ELC.ACCS.ZS,2024,21.3
Nigeria,NGA,Access to electricity (% of population),EG.ELC.ACCS.ZS,2024,62.5
Nicaragua,NIC,Access to electricity (% of population),EG.ELC.ACCS.ZS,2024,88.7
Netherlands,NLD,Access to electricity (% of population),EG.ELC.ACCS.ZS,2024,100.0
Norway,NOR,Access to electricity (% of population),EG.ELC.ACCS.ZS,2024,100.0
Nepal,NPL,Access to electricity (% of population),EG.ELC.ACCS.ZS,2024,97.9
Naoero,NRU,Access to electricity (% of population),EG.ELC.ACCS.ZS,2024,100.0
New Zealand,NZL,Access to electricity (% of population),EG.ELC.ACCS.ZS,2024,100.0
OECD members,OED,Access to electricity (% of population),EG.ELC.ACCS.ZS,2024,99.92473086
Oman,OMN,Access to electricity (% of population),EG.ELC.ACCS.ZS,2024,100.0
Other small states,OSS,Access to electricity (% of population),EG.ELC.ACCS.ZS,2024,94.54342687
Pakistan,PAK,Access to electricity (% of population),EG.ELC.ACCS.ZS,2024,95.7
Panama,PAN,Access to electricity (% of population),EG.ELC.ACCS.ZS,2024,96.0
Peru,PER,Access to electricity (% of population),EG.ELC.ACCS.ZS,2024,96.5
Philippines,PHL,Access to electricity (% of population),EG.ELC.ACCS.ZS,2024,94.8
Palau,PLW,Access to electricity (% of population),EG.ELC.ACCS.ZS,2024,100.0
Papua New Guinea,PNG,Access to electricity (% of population),EG.ELC.ACCS.ZS,2024,43.3
Poland,POL,Access to electricity (% of population),EG.ELC.ACCS.ZS,2024,100.0
Pre-demographic dividend,PRE,Access to electricity (% of population),EG.ELC.ACCS.ZS,2024,54.32194996
Puerto Rico (US),PRI,Access to electricity (% of population),EG.ELC.ACCS.ZS,2024,100.0
"Korea, Dem. People's Rep.",PRK,Access to electricity (% of population),EG.ELC.ACCS.ZS,2024,61.4
Portugal,PRT,Access to electricity (% of population),EG.ELC.ACCS.ZS,2024,100.0
Paraguay,PRY,Access to electricity (% of population),EG.ELC.ACCS.ZS,2024,99.8
West Bank and Gaza,PSE,Access to electricity (% of population),EG.ELC.ACCS.ZS,2024,100.0
Pacific island small states,PSS,Access to electricity (% of population),EG.ELC.ACCS.ZS,2024,88.26722759
Post-demographic dividend,PST,Access to electricity (% of population),EG.ELC.ACCS.ZS,2024,100.0
French Polynesia,PYF,Access to electricity (% of population),EG.ELC.ACCS.ZS,2024,100.0
Qatar,QAT,Access to electricity (% of population),EG.ELC.ACCS.ZS,2024,100.0
Romania,ROU,Access to electricity (% of population),EG.ELC.ACCS.ZS,2024,100.0
Russian Federation,RUS,Access to electricity (% of population),EG.ELC.ACCS.ZS,2024,100.0
Rwanda,RWA,Access to electricity (% of population),EG.ELC.ACCS.ZS,2024,72.0
South Asia,SAS,Access to electricity (% of population),EG.ELC.ACCS.ZS,2024,99.82464249
Saudi Arabia,SAU,Access to electricity (% of population),EG.ELC.ACCS.ZS,2024,100.0
Sudan,SDN,Access to electricity (% of population),EG.ELC.ACCS.ZS,2024,66.0
Senegal,SEN,Access to electricity (% of population),EG.ELC.ACCS.ZS,2024,82.9
Singapore,SGP,Access to electricity (% of population),EG.ELC.ACCS.ZS,2024,100.0
Solomon Islands,SLB,Access to electricity (% of population),EG.ELC.ACCS.ZS,2024,81.5
Sierra Leone,SLE,Access to electricity (% of population),EG.ELC.ACCS.ZS,2024,39.2
El Salvador,SLV,Access to electricity (% of population),EG.ELC.ACCS.ZS,2024,98.7
San Marino,SMR,Access to electricity (% of population),EG.ELC.ACCS.ZS,2024,100.0
"Somalia, Fed. Rep.",SOM,Access to electricity (% of population),EG.ELC.ACCS.ZS,2024,54.4
Serbia,SRB,Access to electricity (% of population),EG.ELC.ACCS.ZS,2024,100.0
Sub-Saharan Africa (excluding high income),SSA,Access to electricity (% of population),EG.ELC.ACCS.ZS,2024,55.10613075
South Sudan,SSD,Access to electricity (% of population),EG.ELC.ACCS.ZS,2024,5.4
Sub-Saharan Africa,SSF,Access to electricity (% of population),EG.ELC.ACCS.ZS,2024,55.11035426
Small states,SST,Access to electricity (% of population),EG.ELC.ACCS.ZS,2024,94.57048461
Sao Tome and Principe,STP,Access to electricity (% of population),EG.ELC.ACCS.ZS,2024,77.7
Suriname,SUR,Access to electricity (% of population),EG.ELC.ACCS.ZS,2024,99.0
Slovak Republic,SVK,Access to electricity (% of population),EG.ELC.ACCS.ZS,2024,100.0
Slovenia,SVN,Access to electricity (% of population),EG.ELC.ACCS.ZS,2024,100.0
Sweden,SWE,Access to electricity (% of population),EG.ELC.ACCS.ZS,2024,100.0
Eswatini,SWZ,Access to electricity (% of population),EG.ELC.ACCS.ZS,2024,89.3
Sint Maarten (Dutch part),SXM,Access to electricity (% of population),EG.ELC.ACCS.ZS,2024,100.0
Seychelles,SYC,Access to electricity (% of population),EG.ELC.ACCS.ZS,2024,100.0
Syrian Arab Republic,SYR,Access to electricity (% of population),EG.ELC.ACCS.ZS,2024,89.3
Turks and Caicos Islands,TCA,Access to electricity (% of population),EG.ELC.ACCS.ZS,2024,100.0
Chad,TCD,Access to electricity (% of population),EG.ELC.ACCS.ZS,2024,13.4
East Asia & Pacific (IDA & IBRD countries),TEA,Access to electricity (% of population),EG.ELC.ACCS.ZS,2024,98.87308761
Europe & Central Asia (IDA & IBRD countries),TEC,Access to electricity (% of population),EG.ELC.ACCS.ZS,2024,99.99768953
Togo,TGO,Access to electricity (% of population),EG.ELC.ACCS.ZS,2024,61.1
Thailand,THA,Access to electricity (% of population),EG.ELC.ACCS.ZS,2024,100.0
Tajikistan,TJK,Access to electricity (% of population),EG.ELC.ACCS.ZS,2024,99.9
Turkmenistan,TKM,Access to electricity (% of population),EG.ELC.ACCS.ZS,2024,100.0
Latin America & the Caribbean (IDA & IBRD countries),TLA,Access to electricity (% of population),EG.ELC.ACCS.ZS,2024,98.00005869
Timor-Leste,TLS,Access to electricity (% of population),EG.ELC.ACCS.ZS,2024,94.3
"Middle East, North Africa, Afghanistan & Pakistan (IDA & IBRD)",TMN,Access to electricity (% of population),EG.ELC.ACCS.ZS,2024,96.43733547
Tonga,TON,Access to electricity (% of population),EG.ELC.ACCS.ZS,2024,100.0
South Asia (IDA & IBRD),TSA,Access to electricity (% of population),EG.ELC.ACCS.ZS,2024,99.82464249
Sub-Saharan Africa (IDA & IBRD countries),TSS,Access to electricity (% of population),EG.ELC.ACCS.ZS,2024,55.11035426
Trinidad and Tobago,TTO,Access to electricity (% of population),EG.ELC.ACCS.ZS,2024,100.0
Tunisia,TUN,Access to electricity (% of population),EG.ELC.ACCS.ZS,2024,100.0
Turkiye,TUR,Access to electricity (% of population),EG.ELC.ACCS.ZS,2024,100.0
Tuvalu,TUV,Access to electricity (% of population),EG.ELC.ACCS.ZS,2024,100.0
Tanzania,TZA,Access to electricity (% of population),EG.ELC.ACCS.ZS,2024,52.4
Uganda,UGA,Access to electricity (% of population),EG.ELC.ACCS.ZS,2024,55.3
Ukraine,UKR,Access to electricity (% of population),EG.ELC.ACCS.ZS,2024,100.0
Upper middle income,UMC,Access to electricity (% of population),EG.ELC.ACCS.ZS,2024,99.315284
Uruguay,URY,Access to electricity (% of population),EG.ELC.ACCS.ZS,2024,100.0
United States,USA,Access to electricity (% of population),EG.ELC.ACCS.ZS,2024,100.0
Uzbekistan,UZB,Access to electricity (% of population),EG.ELC.ACCS.ZS,2024,100.0
St. Vincent and the Grenadines,VCT,Access to electricity (% of population),EG.ELC.ACCS.ZS,2024,100.0
"Venezuela, RB",VEN,Access to electricity (% of population),EG.ELC.ACCS.ZS,2024,100.0
British Virgin Islands,VGB,Access to electricity (% of population),EG.ELC.ACCS.ZS,2024,100.0
Virgin Islands (U.S.),VIR,Access to electricity (% of population),EG.ELC.ACCS.ZS,2024,100.0
Viet Nam,VNM,Access to electricity (% of population),EG.ELC.ACCS.ZS,2024,100.0
Vanuatu,VUT,Access to electricity (% of population),EG.ELC.ACCS.ZS,2024,65.5
World,WLD,Access to electricity (% of population),EG.ELC.ACCS.ZS,2024,91.92648439
Samoa,WSM,Access to electricity (% of population),EG.ELC.ACCS.ZS,2024,100.0
"Yemen, Rep.",YEM,Access to electricity (% of population),EG.ELC.ACCS.ZS,2024,86.3
South Africa,ZAF,Access to electricity (% of population),EG.ELC.ACCS.ZS,2024,90.2
Zambia,ZMB,Access to electricity (% of population),EG.ELC.ACCS.ZS,2024,53.6
Zimbabwe,ZWE,Access to electricity (% of population),EG.ELC.ACCS.ZS,2024,62.0
